-- MySQL dump 10.13  Distrib 8.0.40, for Win64 (x86_64)
--
-- Host: localhost    Database: mt_josim_db
-- ------------------------------------------------------
-- Server version	9.1.0

/*!40101 SET @OLD_CHARACTER_SET_CLIENT=@@CHARACTER_SET_CLIENT */;
/*!40101 SET @OLD_CHARACTER_SET_RESULTS=@@CHARACTER_SET_RESULTS */;
/*!40101 SET @OLD_COLLATION_CONNECTION=@@COLLATION_CONNECTION */;
/*!50503 SET NAMES utf8 */;
/*!40103 SET @OLD_TIME_ZONE=@@TIME_ZONE */;
/*!40103 SET TIME_ZONE='+00:00' */;
/*!40014 SET @OLD_UNIQUE_CHECKS=@@UNIQUE_CHECKS, UNIQUE_CHECKS=0 */;
/*!40014 SET @OLD_FOREIGN_KEY_CHECKS=@@FOREIGN_KEY_CHECKS, FOREIGN_KEY_CHECKS=0 */;
/*!40101 SET @OLD_SQL_MODE=@@SQL_MODE, SQL_MODE='NO_AUTO_VALUE_ON_ZERO' */;
/*!40111 SET @OLD_SQL_NOTES=@@SQL_NOTES, SQL_NOTES=0 */;

--
-- Table structure for table `accounts_customuser`
--

DROP TABLE IF EXISTS `accounts_customuser`;
/*!40101 SET @saved_cs_client     = @@character_set_client */;
/*!50503 SET character_set_client = utf8mb4 */;
CREATE TABLE `accounts_customuser` (
  `id` bigint NOT NULL AUTO_INCREMENT,
  `password` varchar(128) NOT NULL,
  `last_login` datetime(6) DEFAULT NULL,
  `is_superuser` tinyint(1) NOT NULL,
  `first_name` varchar(150) NOT NULL,
  `last_name` varchar(150) NOT NULL,
  `email` varchar(254) NOT NULL,
  `is_staff` tinyint(1) NOT NULL,
  `is_active` tinyint(1) NOT NULL,
  `date_joined` datetime(6) NOT NULL,
  `username` varchar(100) NOT NULL,
  `role` varchar(10) NOT NULL,
  `mobile` varchar(30) DEFAULT NULL,
  `training_id` varchar(30) DEFAULT NULL,
  `date` date NOT NULL,
  `sign_image` varchar(100) DEFAULT NULL,
  `designation_id` bigint DEFAULT NULL,
  `office_id` bigint DEFAULT NULL,
  `updated_by` varchar(100) DEFAULT NULL,
  PRIMARY KEY (`id`),
  UNIQUE KEY `username` (`username`),
  UNIQUE KEY `mobile` (`mobile`),
  UNIQUE KEY `training_id` (`training_id`),
  KEY `accounts_customuser_designation_id_176dd9cd_fk_accounts_` (`designation_id`),
  KEY `accounts_customuser_office_id_f5f1b1b5_fk_accounts_office_id` (`office_id`),
  CONSTRAINT `accounts_customuser_designation_id_176dd9cd_fk_accounts_` FOREIGN KEY (`designation_id`) REFERENCES `accounts_designation` (`id`),
  CONSTRAINT `accounts_customuser_office_id_f5f1b1b5_fk_accounts_office_id` FOREIGN KEY (`office_id`) REFERENCES `accounts_office` (`id`)
) ENGINE=InnoDB AUTO_INCREMENT=6 DEFAULT CHARSET=utf8mb4 COLLATE=utf8mb4_0900_ai_ci;
/*!40101 SET character_set_client = @saved_cs_client */;

--
-- Dumping data for table `accounts_customuser`
--

LOCK TABLES `accounts_customuser` WRITE;
/*!40000 ALTER TABLE `accounts_customuser` DISABLE KEYS */;
INSERT INTO `accounts_customuser` VALUES (1,'pbkdf2_sha256$720000$MROxIdlpmEYFBCTvHlSJxW$uGIb4T07v8CBorFKKg7lpX+6KoOja3qPKH9JnZl8jNA=','2024-10-31 05:09:30.609368',1,'Josim','Uddin','josimmsc@gmail.com',1,1,'2024-07-30 11:12:09.000000','Josim','admin','01736327270','1','2024-07-30','',1,1,NULL),(2,'pbkdf2_sha256$720000$aPyp3ErLG2e6cVYqSMhRnj$DoNFoCdRX8QuxlJ/1qOepqi56ACsJhwpxwR9h9UDtaE=','2024-10-31 05:21:27.046675',0,'Josim','Uddin','josimmsc@gmail.com',0,1,'2024-07-30 11:18:13.000000','524660','MT','017363272','524660','2024-07-30','',2,1,NULL),(3,'pbkdf2_sha256$720000$1wm9ub1S2Vs7VhfylwNvMV$YA9CTUtqAg6aoeu3/JfZ98lQrRrG6fymbEMaxOUhlDw=',NULL,0,'Habibur','Rahman','abc@gmail.com',0,1,'2024-08-15 07:21:00.000000','Habibur','AGM','0176940',NULL,'2024-08-15','',3,1,'1'),(4,'pbkdf2_sha256$720000$hz6Pgc2cvl7ck5SAjqlq5J$o0lqUuUUGTgurGRWCxyS5NW/VbYAv1pUZju3GpSC5gg=','2024-10-29 09:50:32.380105',0,'Josim','Uddin','josimmsc@gmail.com',0,1,'2024-10-29 08:14:24.000000','524660-1','MTS','01736327271','524660-1','2024-10-29','',2,1,'1'),(5,'pbkdf2_sha256$720000$lt8TJbeaB6WMmURwnbsFvr$bFHPuJ0Amke3R6Pmn62CemM8QnNykcVn+HiOzXAPVHI=','2024-10-31 05:20:58.044564',0,'Rijnin Akter','Shorna','shorna@gmail.com',0,1,'2024-10-31 05:19:18.000000','shorna','BS','01323677078','123','2024-10-30','',6,1,'1');
/*!40000 ALTER TABLE `accounts_customuser` ENABLE KEYS */;
UNLOCK TABLES;

--
-- Table structure for table `accounts_customuser_groups`
--

DROP TABLE IF EXISTS `accounts_customuser_groups`;
/*!40101 SET @saved_cs_client     = @@character_set_client */;
/*!50503 SET character_set_client = utf8mb4 */;
CREATE TABLE `accounts_customuser_groups` (
  `id` bigint NOT NULL AUTO_INCREMENT,
  `customuser_id` bigint NOT NULL,
  `group_id` int NOT NULL,
  PRIMARY KEY (`id`),
  UNIQUE KEY `accounts_customuser_groups_customuser_id_group_id_c074bdcb_uniq` (`customuser_id`,`group_id`),
  KEY `accounts_customuser_groups_group_id_86ba5f9e_fk_auth_group_id` (`group_id`),
  CONSTRAINT `accounts_customuser__customuser_id_bc55088e_fk_accounts_` FOREIGN KEY (`customuser_id`) REFERENCES `accounts_customuser` (`id`),
  CONSTRAINT `accounts_customuser_groups_group_id_86ba5f9e_fk_auth_group_id` FOREIGN KEY (`group_id`) REFERENCES `auth_group` (`id`)
) ENGINE=InnoDB DEFAULT CHARSET=utf8mb4 COLLATE=utf8mb4_0900_ai_ci;
/*!40101 SET character_set_client = @saved_cs_client */;

--
-- Dumping data for table `accounts_customuser_groups`
--

LOCK TABLES `accounts_customuser_groups` WRITE;
/*!40000 ALTER TABLE `accounts_customuser_groups` DISABLE KEYS */;
/*!40000 ALTER TABLE `accounts_customuser_groups` ENABLE KEYS */;
UNLOCK TABLES;

--
-- Table structure for table `accounts_customuser_user_permissions`
--

DROP TABLE IF EXISTS `accounts_customuser_user_permissions`;
/*!40101 SET @saved_cs_client     = @@character_set_client */;
/*!50503 SET character_set_client = utf8mb4 */;
CREATE TABLE `accounts_customuser_user_permissions` (
  `id` bigint NOT NULL AUTO_INCREMENT,
  `customuser_id` bigint NOT NULL,
  `permission_id` int NOT NULL,
  PRIMARY KEY (`id`),
  UNIQUE KEY `accounts_customuser_user_customuser_id_permission_9632a709_uniq` (`customuser_id`,`permission_id`),
  KEY `accounts_customuser__permission_id_aea3d0e5_fk_auth_perm` (`permission_id`),
  CONSTRAINT `accounts_customuser__customuser_id_0deaefae_fk_accounts_` FOREIGN KEY (`customuser_id`) REFERENCES `accounts_customuser` (`id`),
  CONSTRAINT `accounts_customuser__permission_id_aea3d0e5_fk_auth_perm` FOREIGN KEY (`permission_id`) REFERENCES `auth_permission` (`id`)
) ENGINE=InnoDB DEFAULT CHARSET=utf8mb4 COLLATE=utf8mb4_0900_ai_ci;
/*!40101 SET character_set_client = @saved_cs_client */;

--
-- Dumping data for table `accounts_customuser_user_permissions`
--

LOCK TABLES `accounts_customuser_user_permissions` WRITE;
/*!40000 ALTER TABLE `accounts_customuser_user_permissions` DISABLE KEYS */;
/*!40000 ALTER TABLE `accounts_customuser_user_permissions` ENABLE KEYS */;
UNLOCK TABLES;

--
-- Table structure for table `accounts_designation`
--

DROP TABLE IF EXISTS `accounts_designation`;
/*!40101 SET @saved_cs_client     = @@character_set_client */;
/*!50503 SET character_set_client = utf8mb4 */;
CREATE TABLE `accounts_designation` (
  `id` bigint NOT NULL AUTO_INCREMENT,
  `title` varchar(50) DEFAULT NULL,
  `details` varchar(50) DEFAULT NULL,
  PRIMARY KEY (`id`)
) ENGINE=InnoDB AUTO_INCREMENT=7 DEFAULT CHARSET=utf8mb4 COLLATE=utf8mb4_0900_ai_ci;
/*!40101 SET character_set_client = @saved_cs_client */;

--
-- Dumping data for table `accounts_designation`
--

LOCK TABLES `accounts_designation` WRITE;
/*!40000 ALTER TABLE `accounts_designation` DISABLE KEYS */;
INSERT INTO `accounts_designation` VALUES (1,'Admin (IT)','Admin (IT) Meter Tester Josim'),(2,'Meter Tester','Meter Tester (MT)'),(3,'AGM(O&M)','AGM(O&M)'),(4,'Meter Testing Supervisor','Meter Testing Supervisor (MTS)'),(5,'BS','Billing Supervisor'),(6,'BA','Billing Assistant');
/*!40000 ALTER TABLE `accounts_designation` ENABLE KEYS */;
UNLOCK TABLES;

--
-- Table structure for table `accounts_office`
--

DROP TABLE IF EXISTS `accounts_office`;
/*!40101 SET @saved_cs_client     = @@character_set_client */;
/*!50503 SET character_set_client = utf8mb4 */;
CREATE TABLE `accounts_office` (
  `id` bigint NOT NULL AUTO_INCREMENT,
  `office_name` varchar(255) DEFAULT NULL,
  `office_code` varchar(10) DEFAULT NULL,
  `catagory` varchar(150) DEFAULT NULL,
  `pbs_id` bigint DEFAULT NULL,
  PRIMARY KEY (`id`),
  KEY `accounts_office_pbs_id_b2c2da6d_fk_accounts_pbs_id` (`pbs_id`),
  CONSTRAINT `accounts_office_pbs_id_b2c2da6d_fk_accounts_pbs_id` FOREIGN KEY (`pbs_id`) REFERENCES `accounts_pbs` (`id`)
) ENGINE=InnoDB AUTO_INCREMENT=2 DEFAULT CHARSET=utf8mb4 COLLATE=utf8mb4_0900_ai_ci;
/*!40101 SET character_set_client = @saved_cs_client */;

--
-- Dumping data for table `accounts_office`
--

LOCK TABLES `accounts_office` WRITE;
/*!40000 ALTER TABLE `accounts_office` DISABLE KEYS */;
INSERT INTO `accounts_office` VALUES (1,'Nandina Zonal Office','09','zonal',1);
/*!40000 ALTER TABLE `accounts_office` ENABLE KEYS */;
UNLOCK TABLES;

--
-- Table structure for table `accounts_officeemp`
--

DROP TABLE IF EXISTS `accounts_officeemp`;
/*!40101 SET @saved_cs_client     = @@character_set_client */;
/*!50503 SET character_set_client = utf8mb4 */;
CREATE TABLE `accounts_officeemp` (
  `id` bigint NOT NULL AUTO_INCREMENT,
  `received_by` varchar(100) DEFAULT NULL,
  `checked_by_id` bigint DEFAULT NULL,
  `counter_sign_by_id` bigint DEFAULT NULL,
  `office_id` bigint NOT NULL,
  `tested_by_id` bigint DEFAULT NULL,
  `standered_meter_id` bigint DEFAULT NULL,
  PRIMARY KEY (`id`),
  UNIQUE KEY `office_id` (`office_id`),
  KEY `accounts_officeemp_checked_by_id_06c0e719_fk_accounts_` (`checked_by_id`),
  KEY `accounts_officeemp_counter_sign_by_id_095e9685_fk_accounts_` (`counter_sign_by_id`),
  KEY `accounts_officeemp_tested_by_id_ad8d8c29_fk_accounts_` (`tested_by_id`),
  KEY `accounts_officeemp_standered_meter_id_650e30ca_fk_accounts_` (`standered_meter_id`),
  CONSTRAINT `accounts_officeemp_checked_by_id_06c0e719_fk_accounts_` FOREIGN KEY (`checked_by_id`) REFERENCES `accounts_customuser` (`id`),
  CONSTRAINT `accounts_officeemp_counter_sign_by_id_095e9685_fk_accounts_` FOREIGN KEY (`counter_sign_by_id`) REFERENCES `accounts_customuser` (`id`),
  CONSTRAINT `accounts_officeemp_office_id_a5da9b21_fk_accounts_office_id` FOREIGN KEY (`office_id`) REFERENCES `accounts_office` (`id`),
  CONSTRAINT `accounts_officeemp_standered_meter_id_650e30ca_fk_accounts_` FOREIGN KEY (`standered_meter_id`) REFERENCES `accounts_standard_meter` (`id`),
  CONSTRAINT `accounts_officeemp_tested_by_id_ad8d8c29_fk_accounts_` FOREIGN KEY (`tested_by_id`) REFERENCES `accounts_customuser` (`id`)
) ENGINE=InnoDB AUTO_INCREMENT=2 DEFAULT CHARSET=utf8mb4 COLLATE=utf8mb4_0900_ai_ci;
/*!40101 SET character_set_client = @saved_cs_client */;

--
-- Dumping data for table `accounts_officeemp`
--

LOCK TABLES `accounts_officeemp` WRITE;
/*!40000 ALTER TABLE `accounts_officeemp` DISABLE KEYS */;
INSERT INTO `accounts_officeemp` VALUES (1,NULL,2,3,1,2,1);
/*!40000 ALTER TABLE `accounts_officeemp` ENABLE KEYS */;
UNLOCK TABLES;

--
-- Table structure for table `accounts_pbs`
--

DROP TABLE IF EXISTS `accounts_pbs`;
/*!40101 SET @saved_cs_client     = @@character_set_client */;
/*!50503 SET character_set_client = utf8mb4 */;
CREATE TABLE `accounts_pbs` (
  `id` bigint NOT NULL AUTO_INCREMENT,
  `pbs_code` varchar(10) DEFAULT NULL,
  `pbs_name` varchar(150) DEFAULT NULL,
  PRIMARY KEY (`id`)
) ENGINE=InnoDB AUTO_INCREMENT=2 DEFAULT CHARSET=utf8mb4 COLLATE=utf8mb4_0900_ai_ci;
/*!40101 SET character_set_client = @saved_cs_client */;

--
-- Dumping data for table `accounts_pbs`
--

LOCK TABLES `accounts_pbs` WRITE;
/*!40000 ALTER TABLE `accounts_pbs` DISABLE KEYS */;
INSERT INTO `accounts_pbs` VALUES (1,'23','Jamalpur Palli Bidyut Samity');
/*!40000 ALTER TABLE `accounts_pbs` ENABLE KEYS */;
UNLOCK TABLES;

--
-- Table structure for table `accounts_standard_meter`
--

DROP TABLE IF EXISTS `accounts_standard_meter`;
/*!40101 SET @saved_cs_client     = @@character_set_client */;
/*!50503 SET character_set_client = utf8mb4 */;
CREATE TABLE `accounts_standard_meter` (
  `id` bigint NOT NULL AUTO_INCREMENT,
  `std_serial` varchar(20) DEFAULT NULL,
  `std_name` varchar(20) DEFAULT NULL,
  `std_kh` varchar(5) DEFAULT NULL,
  `from_date` date NOT NULL,
  `pbs_id` bigint DEFAULT NULL,
  PRIMARY KEY (`id`),
  KEY `accounts_standard_meter_pbs_id_f8158733_fk_accounts_pbs_id` (`pbs_id`),
  CONSTRAINT `accounts_standard_meter_pbs_id_f8158733_fk_accounts_pbs_id` FOREIGN KEY (`pbs_id`) REFERENCES `accounts_pbs` (`id`)
) ENGINE=InnoDB AUTO_INCREMENT=2 DEFAULT CHARSET=utf8mb4 COLLATE=utf8mb4_0900_ai_ci;
/*!40101 SET character_set_client = @saved_cs_client */;

--
-- Dumping data for table `accounts_standard_meter`
--

LOCK TABLES `accounts_standard_meter` WRITE;
/*!40000 ALTER TABLE `accounts_standard_meter` DISABLE KEYS */;
INSERT INTO `accounts_standard_meter` VALUES (1,'2604483','SANGAMO','21.6','2024-08-15',1);
/*!40000 ALTER TABLE `accounts_standard_meter` ENABLE KEYS */;
UNLOCK TABLES;

--
-- Table structure for table `auth_group`
--

DROP TABLE IF EXISTS `auth_group`;
/*!40101 SET @saved_cs_client     = @@character_set_client */;
/*!50503 SET character_set_client = utf8mb4 */;
CREATE TABLE `auth_group` (
  `id` int NOT NULL AUTO_INCREMENT,
  `name` varchar(150) NOT NULL,
  PRIMARY KEY (`id`),
  UNIQUE KEY `name` (`name`)
) ENGINE=InnoDB DEFAULT CHARSET=utf8mb4 COLLATE=utf8mb4_0900_ai_ci;
/*!40101 SET character_set_client = @saved_cs_client */;

--
-- Dumping data for table `auth_group`
--

LOCK TABLES `auth_group` WRITE;
/*!40000 ALTER TABLE `auth_group` DISABLE KEYS */;
/*!40000 ALTER TABLE `auth_group` ENABLE KEYS */;
UNLOCK TABLES;

--
-- Table structure for table `auth_group_permissions`
--

DROP TABLE IF EXISTS `auth_group_permissions`;
/*!40101 SET @saved_cs_client     = @@character_set_client */;
/*!50503 SET character_set_client = utf8mb4 */;
CREATE TABLE `auth_group_permissions` (
  `id` bigint NOT NULL AUTO_INCREMENT,
  `group_id` int NOT NULL,
  `permission_id` int NOT NULL,
  PRIMARY KEY (`id`),
  UNIQUE KEY `auth_group_permissions_group_id_permission_id_0cd325b0_uniq` (`group_id`,`permission_id`),
  KEY `auth_group_permissio_permission_id_84c5c92e_fk_auth_perm` (`permission_id`),
  CONSTRAINT `auth_group_permissio_permission_id_84c5c92e_fk_auth_perm` FOREIGN KEY (`permission_id`) REFERENCES `auth_permission` (`id`),
  CONSTRAINT `auth_group_permissions_group_id_b120cbf9_fk_auth_group_id` FOREIGN KEY (`group_id`) REFERENCES `auth_group` (`id`)
) ENGINE=InnoDB DEFAULT CHARSET=utf8mb4 COLLATE=utf8mb4_0900_ai_ci;
/*!40101 SET character_set_client = @saved_cs_client */;

--
-- Dumping data for table `auth_group_permissions`
--

LOCK TABLES `auth_group_permissions` WRITE;
/*!40000 ALTER TABLE `auth_group_permissions` DISABLE KEYS */;
/*!40000 ALTER TABLE `auth_group_permissions` ENABLE KEYS */;
UNLOCK TABLES;

--
-- Table structure for table `auth_permission`
--

DROP TABLE IF EXISTS `auth_permission`;
/*!40101 SET @saved_cs_client     = @@character_set_client */;
/*!50503 SET character_set_client = utf8mb4 */;
CREATE TABLE `auth_permission` (
  `id` int NOT NULL AUTO_INCREMENT,
  `name` varchar(255) NOT NULL,
  `content_type_id` int NOT NULL,
  `codename` varchar(100) NOT NULL,
  PRIMARY KEY (`id`),
  UNIQUE KEY `auth_permission_content_type_id_codename_01ab375a_uniq` (`content_type_id`,`codename`),
  CONSTRAINT `auth_permission_content_type_id_2f476e4b_fk_django_co` FOREIGN KEY (`content_type_id`) REFERENCES `django_content_type` (`id`)
) ENGINE=InnoDB AUTO_INCREMENT=89 DEFAULT CHARSET=utf8mb4 COLLATE=utf8mb4_0900_ai_ci;
/*!40101 SET character_set_client = @saved_cs_client */;

--
-- Dumping data for table `auth_permission`
--

LOCK TABLES `auth_permission` WRITE;
/*!40000 ALTER TABLE `auth_permission` DISABLE KEYS */;
INSERT INTO `auth_permission` VALUES (1,'Can add log entry',1,'add_logentry'),(2,'Can change log entry',1,'change_logentry'),(3,'Can delete log entry',1,'delete_logentry'),(4,'Can view log entry',1,'view_logentry'),(5,'Can add permission',2,'add_permission'),(6,'Can change permission',2,'change_permission'),(7,'Can delete permission',2,'delete_permission'),(8,'Can view permission',2,'view_permission'),(9,'Can add group',3,'add_group'),(10,'Can change group',3,'change_group'),(11,'Can delete group',3,'delete_group'),(12,'Can view group',3,'view_group'),(13,'Can add content type',4,'add_contenttype'),(14,'Can change content type',4,'change_contenttype'),(15,'Can delete content type',4,'delete_contenttype'),(16,'Can view content type',4,'view_contenttype'),(17,'Can add session',5,'add_session'),(18,'Can change session',5,'change_session'),(19,'Can delete session',5,'delete_session'),(20,'Can view session',5,'view_session'),(21,'Can add uploads',6,'add_uploads'),(22,'Can change uploads',6,'change_uploads'),(23,'Can delete uploads',6,'delete_uploads'),(24,'Can view uploads',6,'view_uploads'),(25,'Can add manufacturer',7,'add_manufacturer'),(26,'Can change manufacturer',7,'change_manufacturer'),(27,'Can delete manufacturer',7,'delete_manufacturer'),(28,'Can view manufacturer',7,'view_manufacturer'),(29,'Can add results',8,'add_results'),(30,'Can change results',8,'change_results'),(31,'Can delete results',8,'delete_results'),(32,'Can view results',8,'view_results'),(33,'Can add test_ data',9,'add_test_data'),(34,'Can change test_ data',9,'change_test_data'),(35,'Can delete test_ data',9,'delete_test_data'),(36,'Can view test_ data',9,'view_test_data'),(37,'Can add item',10,'add_item'),(38,'Can change item',10,'change_item'),(39,'Can delete item',10,'delete_item'),(40,'Can view item',10,'view_item'),(41,'Can add balance',11,'add_balance'),(42,'Can change balance',11,'change_balance'),(43,'Can delete balance',11,'delete_balance'),(44,'Can view balance',11,'view_balance'),(45,'Can add seal balance',12,'add_sealbalance'),(46,'Can change seal balance',12,'change_sealbalance'),(47,'Can delete seal balance',12,'delete_sealbalance'),(48,'Can view seal balance',12,'view_sealbalance'),(49,'Can add designation',13,'add_designation'),(50,'Can change designation',13,'change_designation'),(51,'Can delete designation',13,'delete_designation'),(52,'Can view designation',13,'view_designation'),(53,'Can add office',14,'add_office'),(54,'Can change office',14,'change_office'),(55,'Can delete office',14,'delete_office'),(56,'Can view office',14,'view_office'),(57,'Can add pbs',15,'add_pbs'),(58,'Can change pbs',15,'change_pbs'),(59,'Can delete pbs',15,'delete_pbs'),(60,'Can view pbs',15,'view_pbs'),(61,'Can add user',16,'add_customuser'),(62,'Can change user',16,'change_customuser'),(63,'Can delete user',16,'delete_customuser'),(64,'Can view user',16,'view_customuser'),(65,'Can add standard_ meter',17,'add_standard_meter'),(66,'Can change standard_ meter',17,'change_standard_meter'),(67,'Can delete standard_ meter',17,'delete_standard_meter'),(68,'Can view standard_ meter',17,'view_standard_meter'),(69,'Can add office emp',18,'add_officeemp'),(70,'Can change office emp',18,'change_officeemp'),(71,'Can delete office emp',18,'delete_officeemp'),(72,'Can view office emp',18,'view_officeemp'),(73,'Can add purchase order',19,'add_purchaseorder'),(74,'Can change purchase order',19,'change_purchaseorder'),(75,'Can delete purchase order',19,'delete_purchaseorder'),(76,'Can view purchase order',19,'view_purchaseorder'),(77,'Can add issue item',20,'add_issueitem'),(78,'Can change issue item',20,'change_issueitem'),(79,'Can delete issue item',20,'delete_issueitem'),(80,'Can view issue item',20,'view_issueitem'),(81,'Can add seal issue',21,'add_sealissue'),(82,'Can change seal issue',21,'change_sealissue'),(83,'Can delete seal issue',21,'delete_sealissue'),(84,'Can view seal issue',21,'view_sealissue'),(85,'Can add user',22,'add_user'),(86,'Can change user',22,'change_user'),(87,'Can delete user',22,'delete_user'),(88,'Can view user',22,'view_user');
/*!40000 ALTER TABLE `auth_permission` ENABLE KEYS */;
UNLOCK TABLES;

--
-- Table structure for table `balance_reg_balance`
--

DROP TABLE IF EXISTS `balance_reg_balance`;
/*!40101 SET @saved_cs_client     = @@character_set_client */;
/*!50503 SET character_set_client = utf8mb4 */;
CREATE TABLE `balance_reg_balance` (
  `id` bigint NOT NULL AUTO_INCREMENT,
  `sl_start` varchar(10) DEFAULT NULL,
  `sl_end` varchar(10) DEFAULT NULL,
  `store_return_ticket` varchar(50) DEFAULT NULL,
  `date_start` date NOT NULL,
  `date_end` date DEFAULT NULL,
  `ticket_no` varchar(50) DEFAULT NULL,
  `referance_name` varchar(50) DEFAULT NULL,
  `debit_qty` int NOT NULL,
  `credit_qty` int NOT NULL,
  `balance` int NOT NULL,
  `created_date` date DEFAULT NULL,
  `updated_date` date DEFAULT NULL,
  `created_by_id` bigint DEFAULT NULL,
  `office_id` bigint NOT NULL,
  `updated_by_id` bigint DEFAULT NULL,
  `item_id` bigint NOT NULL,
  `remark` varchar(200) DEFAULT NULL,
  PRIMARY KEY (`id`),
  KEY `balance_reg_balance_created_by_id_26e5b4b4_fk_accounts_` (`created_by_id`),
  KEY `balance_reg_balance_office_id_ff2e7bd1_fk_accounts_office_id` (`office_id`),
  KEY `balance_reg_balance_updated_by_id_50bf9c71_fk_accounts_` (`updated_by_id`),
  KEY `balance_reg_balance_item_id_4548da7e_fk_balance_reg_item_id` (`item_id`),
  CONSTRAINT `balance_reg_balance_created_by_id_26e5b4b4_fk_accounts_` FOREIGN KEY (`created_by_id`) REFERENCES `accounts_customuser` (`id`),
  CONSTRAINT `balance_reg_balance_item_id_4548da7e_fk_balance_reg_item_id` FOREIGN KEY (`item_id`) REFERENCES `balance_reg_item` (`id`),
  CONSTRAINT `balance_reg_balance_office_id_ff2e7bd1_fk_accounts_office_id` FOREIGN KEY (`office_id`) REFERENCES `accounts_office` (`id`),
  CONSTRAINT `balance_reg_balance_updated_by_id_50bf9c71_fk_accounts_` FOREIGN KEY (`updated_by_id`) REFERENCES `accounts_customuser` (`id`)
) ENGINE=InnoDB AUTO_INCREMENT=124 DEFAULT CHARSET=utf8mb4 COLLATE=utf8mb4_0900_ai_ci;
/*!40101 SET character_set_client = @saved_cs_client */;

--
-- Dumping data for table `balance_reg_balance`
--

LOCK TABLES `balance_reg_balance` WRITE;
/*!40000 ALTER TABLE `balance_reg_balance` DISABLE KEYS */;
INSERT INTO `balance_reg_balance` VALUES (6,NULL,NULL,NULL,'2024-08-26',NULL,'Old BL','Meter Memo',0,43,0,'2024-10-23','2024-10-23',2,1,NULL,4,NULL),(7,NULL,NULL,NULL,'2024-08-26',NULL,'Old BL','Meter Memo',0,4,0,'2024-10-23','2024-10-23',2,1,NULL,5,NULL),(8,NULL,NULL,NULL,'2024-08-26',NULL,'Old BL','Meter Memo',0,9,0,'2024-10-23','2024-10-23',2,1,NULL,2,NULL),(9,NULL,NULL,NULL,'2024-08-26',NULL,'Old BL','Meter Memo',0,9,0,'2024-10-23','2024-10-23',2,1,NULL,3,NULL),(10,NULL,NULL,NULL,'2024-08-26',NULL,'Old BL','Meter Memo',0,915,0,'2024-10-23','2024-10-23',2,1,NULL,1,NULL),(11,NULL,NULL,NULL,'2024-08-26',NULL,'Old BL','Meter Memo',0,4,0,'2024-10-23','2024-10-23',1,1,NULL,6,NULL),(12,'1899','1929',NULL,'2024-08-27','2024-08-27',NULL,NULL,31,0,0,'2024-10-23','2024-10-23',1,1,NULL,1,NULL),(13,'1930','1947',NULL,'2024-08-28','2024-08-28',NULL,NULL,18,0,0,'2024-10-23','2024-10-23',1,1,NULL,1,NULL),(14,'1948','1964',NULL,'2024-08-29','2024-08-29',NULL,NULL,17,0,0,'2024-10-23','2024-10-23',1,1,NULL,1,NULL),(15,'1965','1967',NULL,'2024-08-31','2024-08-31',NULL,NULL,3,0,0,'2024-10-23','2024-10-23',1,1,NULL,1,NULL),(16,'1968','1974',NULL,'2024-09-01','2024-09-01',NULL,NULL,7,0,0,'2024-10-23','2024-10-23',1,1,NULL,1,NULL),(17,'1975','2015',NULL,'2024-09-02','2024-09-02',NULL,NULL,41,0,0,'2024-10-23','2024-10-23',1,1,NULL,1,NULL),(18,'2016','2033',NULL,'2024-09-03','2024-09-03',NULL,NULL,18,0,0,'2024-10-23','2024-10-23',1,1,NULL,1,NULL),(19,'2034','2089',NULL,'2024-09-04','2024-09-04',NULL,NULL,56,0,0,'2024-10-23','2024-10-23',1,1,NULL,1,NULL),(20,'2090','2136',NULL,'2024-09-05','2024-09-05',NULL,NULL,47,0,0,'2024-10-23','2024-10-23',1,1,NULL,1,NULL),(21,'2137','2170',NULL,'2024-09-08','2024-09-08',NULL,NULL,34,0,0,'2024-10-23','2024-10-23',1,1,NULL,1,NULL),(22,'2171','2173',NULL,'2024-09-09','2024-09-09',NULL,NULL,3,0,0,'2024-10-23','2024-10-23',1,1,NULL,1,NULL),(23,'2174','2182',NULL,'2024-09-10','2024-09-10',NULL,NULL,9,0,0,'2024-10-23','2024-10-23',1,1,NULL,1,NULL),(24,'2183','2197',NULL,'2024-09-11','2024-09-11',NULL,NULL,15,0,0,'2024-10-23','2024-10-23',1,1,NULL,1,NULL),(25,'2198','2205',NULL,'2024-09-12','2024-09-12',NULL,NULL,8,0,0,'2024-10-23','2024-10-23',1,1,NULL,1,NULL),(26,'2206','2215',NULL,'2024-09-15','2024-09-15',NULL,NULL,10,0,0,'2024-10-23','2024-10-23',1,1,NULL,1,NULL),(27,'2216','2309',NULL,'2024-09-17','2024-09-17',NULL,NULL,94,0,0,'2024-10-23','2024-10-23',1,1,NULL,1,NULL),(28,'2310','2336',NULL,'2024-09-18','2024-09-18',NULL,NULL,27,0,0,'2024-10-23','2024-10-23',1,1,NULL,1,NULL),(29,'2337','2365',NULL,'2024-09-19','2024-09-19',NULL,NULL,29,0,0,'2024-10-23','2024-10-23',1,1,NULL,1,NULL),(30,'2366','2404',NULL,'2024-09-22','2024-09-22',NULL,NULL,39,0,0,'2024-10-23','2024-10-23',1,1,NULL,1,NULL),(31,'2405','2413',NULL,'2024-09-23','2024-09-23',NULL,NULL,9,0,0,'2024-10-23','2024-10-23',1,1,NULL,1,NULL),(32,'2414','2418',NULL,'2024-09-24','2024-09-24',NULL,NULL,5,0,0,'2024-10-23','2024-10-23',1,1,NULL,1,NULL),(33,'2419','2476',NULL,'2024-09-25','2024-09-25',NULL,NULL,58,0,0,'2024-10-23','2024-10-23',1,1,NULL,1,NULL),(34,'2477','2485',NULL,'2024-09-26','2024-09-26',NULL,NULL,9,0,0,'2024-10-23','2024-10-23',1,1,NULL,1,NULL),(35,'2486','2569',NULL,'2024-09-29','2024-09-29',NULL,NULL,84,0,0,'2024-10-23','2024-10-23',1,1,NULL,1,NULL),(36,'2570','2579',NULL,'2024-09-30','2024-09-30',NULL,NULL,10,0,0,'2024-10-23','2024-10-23',1,1,NULL,1,NULL),(37,'2580','2602',NULL,'2024-10-01','2024-10-01',NULL,NULL,23,0,0,'2024-10-23','2024-10-23',1,1,NULL,1,NULL),(38,'2603','2637',NULL,'2024-10-02','2024-10-02',NULL,NULL,35,0,0,'2024-10-23','2024-10-23',1,1,NULL,1,NULL),(39,'2638','2691',NULL,'2024-10-03','2024-10-03',NULL,NULL,54,0,0,'2024-10-23','2024-10-23',1,1,NULL,1,NULL),(40,'2692','2882',NULL,'2024-10-06','2024-10-06',NULL,NULL,191,0,0,'2024-10-23','2024-10-23',1,1,NULL,1,NULL),(41,'2883','2918',NULL,'2024-10-07','2024-10-07',NULL,NULL,36,0,0,'2024-10-23','2024-10-23',1,1,NULL,1,NULL),(42,'2919','2932',NULL,'2024-10-08','2024-10-08',NULL,NULL,14,0,0,'2024-10-23','2024-10-23',1,1,NULL,1,NULL),(43,'2933','2936',NULL,'2024-10-09','2024-10-09',NULL,NULL,4,0,0,'2024-10-23','2024-10-23',1,1,NULL,1,NULL),(44,'2937','2937',NULL,'2024-10-10','2024-10-10',NULL,NULL,1,0,0,'2024-10-23','2024-10-23',1,1,NULL,1,NULL),(45,'2938','2964',NULL,'2024-10-14','2024-10-14',NULL,NULL,27,0,0,'2024-10-23','2024-10-23',1,1,NULL,1,NULL),(46,'2965','2992',NULL,'2024-10-15','2024-10-15',NULL,NULL,28,0,0,'2024-10-23','2024-10-23',1,1,NULL,1,NULL),(47,'2993','3006',NULL,'2024-10-16','2024-10-16',NULL,NULL,14,0,0,'2024-10-23','2024-10-23',1,1,NULL,1,NULL),(48,'3007','3024',NULL,'2024-10-17','2024-10-17',NULL,NULL,18,0,0,'2024-10-23','2024-10-23',1,1,NULL,1,NULL),(49,'3025','3041',NULL,'2024-10-20','2024-10-20',NULL,NULL,17,0,0,'2024-10-23','2024-10-23',1,1,NULL,1,NULL),(50,'3042','3048',NULL,'2024-10-21','2024-10-21',NULL,NULL,7,0,0,'2024-10-23','2024-10-23',1,1,NULL,1,NULL),(51,'3049','3082',NULL,'2024-10-22','2024-10-22',NULL,NULL,34,0,0,'2024-10-23','2024-10-23',1,1,NULL,1,NULL),(52,'3083','3085',NULL,'2024-10-23','2024-10-23',NULL,NULL,3,0,0,'2024-10-23','2024-10-23',1,1,NULL,1,NULL),(53,'423','424',NULL,'2024-08-27','2024-08-27',NULL,NULL,2,0,0,'2024-10-24','2024-10-24',1,1,NULL,2,NULL),(54,'425','426',NULL,'2024-08-28','2024-08-28',NULL,NULL,2,0,0,'2024-10-24','2024-10-24',1,1,NULL,2,NULL),(55,'427','427',NULL,'2024-09-01','2024-09-01',NULL,NULL,1,0,0,'2024-10-24','2024-10-24',1,1,NULL,2,NULL),(56,'428','428',NULL,'2024-09-03','2024-09-03',NULL,NULL,1,0,0,'2024-10-24','2024-10-24',1,1,NULL,2,NULL),(57,'429','429',NULL,'2024-09-04','2024-09-04',NULL,NULL,1,0,0,'2024-10-24','2024-10-24',1,1,NULL,2,NULL),(58,'430','433',NULL,'2024-09-05','2024-09-05',NULL,NULL,4,0,0,'2024-10-24','2024-10-24',1,1,NULL,2,NULL),(59,'434','434',NULL,'2024-09-08','2024-09-08',NULL,NULL,1,0,0,'2024-10-24','2024-10-24',1,1,NULL,2,NULL),(60,'435','435',NULL,'2024-09-11','2024-09-11',NULL,NULL,1,0,0,'2024-10-24','2024-10-24',1,1,NULL,2,NULL),(61,'436','436',NULL,'2024-09-12','2024-09-12',NULL,NULL,1,0,0,'2024-10-24','2024-10-24',1,1,NULL,2,NULL),(62,'437','438',NULL,'2024-09-17','2024-09-17',NULL,NULL,2,0,0,'2024-10-24','2024-10-24',1,1,NULL,2,NULL),(63,'439','440',NULL,'2024-09-19','2024-09-19',NULL,NULL,2,0,0,'2024-10-24','2024-10-24',1,1,NULL,2,NULL),(64,NULL,NULL,NULL,'2024-08-29',NULL,'1353-1359','Meter Memo',0,6,0,'2024-10-29','2024-10-29',4,1,NULL,4,NULL),(65,NULL,NULL,NULL,'2024-08-29',NULL,'1353-1359','Meter Memo',0,1,0,'2024-10-29','2024-10-29',4,1,NULL,2,NULL),(66,NULL,NULL,NULL,'2024-08-29',NULL,'1353-1359','Meter Memo',0,106,0,'2024-10-29','2024-10-29',4,1,NULL,1,NULL),(67,NULL,NULL,NULL,'2024-09-01',NULL,'1360','Meter Memo',0,3,0,'2024-10-29','2024-10-29',4,1,NULL,4,NULL),(68,NULL,NULL,NULL,'2024-09-01',NULL,'1360','Meter Memo',0,5,0,'2024-10-29','2024-10-29',4,1,NULL,2,NULL),(69,NULL,NULL,NULL,'2024-09-01',NULL,'1360','Meter Memo',0,4,0,'2024-10-29','2024-10-29',4,1,NULL,1,NULL),(70,NULL,NULL,NULL,'2024-09-03',NULL,'1361','Meter Memo',0,2,0,'2024-10-29','2024-10-29',4,1,NULL,4,NULL),(71,NULL,NULL,NULL,'2024-09-03',NULL,'1361','Meter Memo',0,2,0,'2024-10-29','2024-10-29',4,1,NULL,2,NULL),(72,NULL,NULL,NULL,'2024-09-03',NULL,'1361','Meter Memo',0,14,0,'2024-10-29','2024-10-29',4,1,NULL,1,NULL),(73,NULL,NULL,NULL,'2024-09-04',NULL,'1362','Meter Memo',0,1,0,'2024-10-29','2024-10-29',4,1,NULL,4,NULL),(74,NULL,NULL,NULL,'2024-09-04',NULL,'1362','Meter Memo',0,11,0,'2024-10-29','2024-10-29',4,1,NULL,1,NULL),(75,NULL,NULL,NULL,'2024-09-08',NULL,'1363','Meter Memo',0,2,0,'2024-10-29','2024-10-29',4,1,NULL,4,NULL),(76,NULL,NULL,NULL,'2024-09-08',NULL,'1363','Meter Memo',0,16,0,'2024-10-29','2024-10-29',4,1,NULL,1,NULL),(77,NULL,NULL,NULL,'2024-09-11',NULL,'1364-1366','Meter Memo',0,3,0,'2024-10-29','2024-10-29',4,1,NULL,4,NULL),(78,NULL,NULL,NULL,'2024-09-11',NULL,'1364-1366','Meter Memo',0,4,0,'2024-10-29','2024-10-29',4,1,NULL,2,NULL),(79,NULL,NULL,NULL,'2024-09-11',NULL,'1364-1366','Meter Memo',0,38,0,'2024-10-29','2024-10-29',4,1,NULL,1,NULL),(80,NULL,NULL,NULL,'2024-09-17',NULL,'1367','Meter Memo',0,10,0,'2024-10-29','2024-10-29',4,1,NULL,1,NULL),(81,NULL,NULL,NULL,'2024-09-18',NULL,'1368','Meter Memo',0,1,0,'2024-10-29','2024-10-29',4,1,NULL,4,NULL),(82,NULL,NULL,NULL,'2024-09-18',NULL,'1368','Meter Memo',0,1,0,'2024-10-29','2024-10-29',4,1,NULL,3,NULL),(83,NULL,NULL,NULL,'2024-09-18',NULL,'1368','Meter Memo',0,14,0,'2024-10-29','2024-10-29',4,1,NULL,1,NULL),(84,NULL,NULL,NULL,'2024-09-19',NULL,'1369','Meter Memo',0,4,0,'2024-10-29','2024-10-29',4,1,NULL,4,NULL),(85,NULL,NULL,NULL,'2024-09-19',NULL,'1369','Meter Memo',0,14,0,'2024-10-29','2024-10-29',4,1,NULL,1,NULL),(86,NULL,NULL,NULL,'2024-09-21',NULL,'1370','Meter Memo',0,1,0,'2024-10-29','2024-10-29',4,1,NULL,4,NULL),(87,NULL,NULL,NULL,'2024-09-21',NULL,'1370','Meter Memo',0,8,0,'2024-10-29','2024-10-29',4,1,NULL,1,NULL),(88,NULL,NULL,NULL,'2024-09-22',NULL,'1371','Meter Memo',0,9,0,'2024-10-29','2024-10-29',4,1,NULL,1,NULL),(89,NULL,NULL,NULL,'2024-09-24',NULL,'1372','Meter Memo',0,1,0,'2024-10-29','2024-10-29',4,1,NULL,4,NULL),(90,NULL,NULL,NULL,'2024-09-24',NULL,'1372','Meter Memo',0,17,0,'2024-10-29','2024-10-29',4,1,NULL,1,NULL),(91,NULL,NULL,NULL,'2024-09-30',NULL,'1373-1378','Meter Memo',0,5,0,'2024-10-29','2024-10-29',4,1,NULL,4,NULL),(92,NULL,NULL,NULL,'2024-09-30',NULL,'1373-1378','Meter Memo',0,2,0,'2024-10-29','2024-10-29',4,1,NULL,2,NULL),(93,NULL,NULL,NULL,'2024-09-30',NULL,'1373-1378','Meter Memo',0,96,0,'2024-10-29','2024-10-29',4,1,NULL,1,NULL),(94,NULL,NULL,NULL,'2024-10-03',NULL,'1379-1381','Meter Memo',0,1,0,'2024-10-29','2024-10-29',4,1,NULL,4,NULL),(95,NULL,NULL,NULL,'2024-10-03',NULL,'1379-1381','Meter Memo',0,1,0,'2024-10-29','2024-10-29',4,1,NULL,2,NULL),(96,NULL,NULL,NULL,'2024-10-03',NULL,'1379-1381','Meter Memo',0,44,0,'2024-10-29','2024-10-29',4,1,NULL,1,NULL),(97,NULL,NULL,NULL,'2024-10-06',NULL,'1384-1386','Meter Memo',0,14,0,'2024-10-29','2024-10-29',4,1,NULL,4,NULL),(98,NULL,NULL,NULL,'2024-10-06',NULL,'1384-1386','Meter Memo',0,1,0,'2024-10-29','2024-10-29',4,1,NULL,2,NULL),(99,NULL,NULL,NULL,'2024-10-06',NULL,'1384-1386','Meter Memo',0,69,0,'2024-10-29','2024-10-29',4,1,NULL,1,NULL),(100,NULL,NULL,NULL,'2024-10-07',NULL,'1387-1388','Meter Memo',0,12,0,'2024-10-29','2024-10-29',4,1,NULL,2,NULL),(101,NULL,NULL,NULL,'2024-10-07',NULL,'1387-1388','Meter Memo',0,13,0,'2024-10-29','2024-10-29',4,1,NULL,1,NULL),(102,NULL,NULL,NULL,'2024-10-15',NULL,'1389','Meter Memo',0,4,0,'2024-10-29','2024-10-29',4,1,NULL,4,NULL),(103,NULL,NULL,NULL,'2024-10-15',NULL,'1389','Meter Memo',0,1,0,'2024-10-29','2024-10-29',4,1,NULL,5,NULL),(104,NULL,NULL,NULL,'2024-10-15',NULL,'1389','Meter Memo',0,1,0,'2024-10-29','2024-10-29',4,1,NULL,2,NULL),(105,NULL,NULL,NULL,'2024-10-15',NULL,'1389','Meter Memo',0,11,0,'2024-10-29','2024-10-29',4,1,NULL,1,NULL),(106,NULL,NULL,NULL,'2024-10-18',NULL,'1390-1391','Meter Memo',0,2,0,'2024-10-29','2024-10-29',4,1,NULL,4,NULL),(107,NULL,NULL,NULL,'2024-10-18',NULL,'1390-1391','Meter Memo',0,32,0,'2024-10-29','2024-10-29',4,1,NULL,1,NULL),(108,NULL,NULL,NULL,'2024-10-20',NULL,'1392-1395','Meter Memo',0,4,0,'2024-10-29','2024-10-29',4,1,NULL,4,NULL),(109,NULL,NULL,NULL,'2024-10-20',NULL,'1392-1395','Meter Memo',0,64,0,'2024-10-29','2024-10-29',4,1,NULL,1,NULL),(110,NULL,NULL,NULL,'2024-10-22',NULL,'1396-1399','Meter Memo',0,5,0,'2024-10-29','2024-10-29',4,1,NULL,4,NULL),(111,NULL,NULL,NULL,'2024-10-22',NULL,'1396-1399','Meter Memo',0,47,0,'2024-10-29','2024-10-29',4,1,NULL,1,NULL),(112,NULL,NULL,NULL,'2024-10-23',NULL,'1400-1402','Meter Memo',0,5,0,'2024-10-29','2024-10-29',4,1,NULL,4,NULL),(113,NULL,NULL,NULL,'2024-10-23',NULL,'1400-1402','Meter Memo',0,2,0,'2024-10-29','2024-10-29',4,1,NULL,2,NULL),(114,NULL,NULL,NULL,'2024-10-23',NULL,'1400-1402','Meter Memo',0,31,0,'2024-10-29','2024-10-29',4,1,NULL,1,NULL),(115,NULL,NULL,NULL,'2024-09-01',NULL,'227468','Store',0,8,0,'2024-10-29','2024-10-29',2,1,NULL,2,NULL),(116,NULL,NULL,NULL,'2024-09-04',NULL,'227496','Store',0,150,0,'2024-10-29','2024-10-29',2,1,NULL,1,NULL),(117,NULL,NULL,NULL,'2024-09-04',NULL,'227506','Store',0,50,0,'2024-10-29','2024-10-29',2,1,NULL,1,NULL),(118,NULL,NULL,NULL,'2024-09-15',NULL,'227587','Store',0,7,0,'2024-10-29','2024-10-29',2,1,NULL,2,NULL),(119,NULL,NULL,NULL,'2024-09-15',NULL,'227587','Store',0,300,0,'2024-10-29','2024-10-29',2,1,NULL,1,NULL),(120,NULL,NULL,'216585','2024-10-15','2024-10-15',NULL,NULL,55,0,0,'2024-10-29','2024-10-29',2,1,NULL,4,NULL),(121,NULL,NULL,'216585','2024-09-15','2024-09-15',NULL,NULL,480,0,0,'2024-10-29','2024-10-29',2,1,NULL,1,NULL),(122,NULL,NULL,NULL,'2024-09-25',NULL,'227658','Store',0,400,0,'2024-10-29','2024-10-29',2,1,NULL,1,NULL),(123,NULL,NULL,NULL,'2024-10-28',NULL,'227997','Store',0,150,0,'2024-10-29','2024-10-29',2,1,NULL,1,NULL);
/*!40000 ALTER TABLE `balance_reg_balance` ENABLE KEYS */;
UNLOCK TABLES;

--
-- Table structure for table `balance_reg_item`
--

DROP TABLE IF EXISTS `balance_reg_item`;
/*!40101 SET @saved_cs_client     = @@character_set_client */;
/*!50503 SET character_set_client = utf8mb4 */;
CREATE TABLE `balance_reg_item` (
  `id` bigint NOT NULL AUTO_INCREMENT,
  `item_no` varchar(100) NOT NULL,
  `details` varchar(255) NOT NULL,
  `order` int unsigned NOT NULL,
  PRIMARY KEY (`id`),
  UNIQUE KEY `item_no` (`item_no`),
  CONSTRAINT `balance_reg_item_chk_1` CHECK ((`order` >= 0))
) ENGINE=InnoDB AUTO_INCREMENT=7 DEFAULT CHARSET=utf8mb4 COLLATE=utf8mb4_0900_ai_ci;
/*!40101 SET character_set_client = @saved_cs_client */;

--
-- Dumping data for table `balance_reg_item`
--

LOCK TABLES `balance_reg_item` WRITE;
/*!40000 ALTER TABLE `balance_reg_item` DISABLE KEYS */;
INSERT INTO `balance_reg_item` VALUES (1,'J-39','Single Phrase Electronics Meter',0),(2,'J-3','200 Class 3Phrase Meter',3),(3,'J-4','20 Class 3Phrase Meter',4),(4,'J-1','Single Electrical Meter',1),(5,'J-2','Three Phrase Non Demand Meter',2),(6,'J-16','Socket Type single Phrase Meter',8);
/*!40000 ALTER TABLE `balance_reg_item` ENABLE KEYS */;
UNLOCK TABLES;

--
-- Table structure for table `balance_reg_sealbalance`
--

DROP TABLE IF EXISTS `balance_reg_sealbalance`;
/*!40101 SET @saved_cs_client     = @@character_set_client */;
/*!50503 SET character_set_client = utf8mb4 */;
CREATE TABLE `balance_reg_sealbalance` (
  `id` bigint NOT NULL AUTO_INCREMENT,
  `item` varchar(10) DEFAULT NULL,
  `sl_start` varchar(10) DEFAULT NULL,
  `sl_end` varchar(10) DEFAULT NULL,
  `store_return_ticket` varchar(50) DEFAULT NULL,
  `date_start` date NOT NULL,
  `date_end` date DEFAULT NULL,
  `ticket_no` varchar(50) DEFAULT NULL,
  `referance_name` varchar(50) DEFAULT NULL,
  `debit_qty` int NOT NULL,
  `credit_qty` int NOT NULL,
  `balance` int NOT NULL,
  `created_date` date DEFAULT NULL,
  `updated_date` date DEFAULT NULL,
  `created_by_id` bigint DEFAULT NULL,
  `office_id` bigint NOT NULL,
  `updated_by_id` bigint DEFAULT NULL,
  `remark` varchar(200) DEFAULT NULL,
  PRIMARY KEY (`id`),
  KEY `balance_reg_sealbala_created_by_id_9a779632_fk_accounts_` (`created_by_id`),
  KEY `balance_reg_sealbalance_office_id_c48d48b8_fk_accounts_office_id` (`office_id`),
  KEY `balance_reg_sealbala_updated_by_id_592a7808_fk_accounts_` (`updated_by_id`),
  CONSTRAINT `balance_reg_sealbala_created_by_id_9a779632_fk_accounts_` FOREIGN KEY (`created_by_id`) REFERENCES `accounts_customuser` (`id`),
  CONSTRAINT `balance_reg_sealbala_updated_by_id_592a7808_fk_accounts_` FOREIGN KEY (`updated_by_id`) REFERENCES `accounts_customuser` (`id`),
  CONSTRAINT `balance_reg_sealbalance_office_id_c48d48b8_fk_accounts_office_id` FOREIGN KEY (`office_id`) REFERENCES `accounts_office` (`id`)
) ENGINE=InnoDB AUTO_INCREMENT=84 DEFAULT CHARSET=utf8mb4 COLLATE=utf8mb4_0900_ai_ci;
/*!40101 SET character_set_client = @saved_cs_client */;

--
-- Dumping data for table `balance_reg_sealbalance`
--

LOCK TABLES `balance_reg_sealbalance` WRITE;
/*!40000 ALTER TABLE `balance_reg_sealbalance` DISABLE KEYS */;
INSERT INTO `balance_reg_sealbalance` VALUES (4,'J-31',NULL,NULL,NULL,'2024-08-26',NULL,'Old BL','Meter Memo',0,901,0,'2024-10-23','2024-10-23',2,1,NULL,NULL),(5,'J-31','1899','1929',NULL,'2024-08-27','2024-08-27',NULL,NULL,31,0,0,'2024-10-23','2024-10-23',1,1,NULL,'J-39'),(6,'J-31','1930','1947',NULL,'2024-08-28','2024-08-28',NULL,NULL,18,0,0,'2024-10-23','2024-10-23',1,1,NULL,'J-39'),(7,'J-31','1948','1964',NULL,'2024-08-29','2024-08-29',NULL,NULL,17,0,0,'2024-10-23','2024-10-23',1,1,NULL,'J-39'),(8,'J-31','1965','1967',NULL,'2024-10-31','2024-10-31',NULL,NULL,3,0,0,'2024-10-23','2024-10-23',1,1,NULL,'J-39'),(9,'J-31','1968','1974',NULL,'2024-09-01','2024-09-01',NULL,NULL,7,0,0,'2024-10-23','2024-10-23',1,1,NULL,'J-39'),(10,'J-31','1975','2015',NULL,'2024-09-02','2024-09-02',NULL,NULL,41,0,0,'2024-10-23','2024-10-23',1,1,NULL,'J-39'),(11,'J-31','2016','2033',NULL,'2024-09-03','2024-09-03',NULL,NULL,18,0,0,'2024-10-23','2024-10-23',1,1,NULL,'J-39'),(12,'J-31','2034','2089',NULL,'2024-09-04','2024-09-04',NULL,NULL,56,0,0,'2024-10-23','2024-10-23',1,1,NULL,'J-39'),(13,'J-31','2090','2136',NULL,'2024-09-05','2024-09-05',NULL,NULL,47,0,0,'2024-10-23','2024-10-23',1,1,NULL,'J-39'),(14,'J-31','2137','2170',NULL,'2024-09-08','2024-09-08',NULL,NULL,34,0,0,'2024-10-23','2024-10-23',1,1,NULL,'J-39'),(15,'J-31','2171','2173',NULL,'2024-09-09','2024-09-09',NULL,NULL,3,0,0,'2024-10-23','2024-10-23',1,1,NULL,'J-39'),(16,'J-31','2174','2182',NULL,'2024-09-10','2024-09-10',NULL,NULL,9,0,0,'2024-10-23','2024-10-23',1,1,NULL,'J-39'),(17,'J-31','2183','2197',NULL,'2024-09-11','2024-09-11',NULL,NULL,15,0,0,'2024-10-23','2024-10-23',1,1,NULL,'J-39'),(18,'J-31','2198','2205',NULL,'2024-09-12','2024-09-12',NULL,NULL,8,0,0,'2024-10-23','2024-10-23',1,1,NULL,'J-39'),(19,'J-31','2206','2215',NULL,'2024-09-15','2024-09-15',NULL,NULL,10,0,0,'2024-10-23','2024-10-23',1,1,NULL,'J-39'),(20,'J-31','2216','2309',NULL,'2024-09-17','2024-09-17',NULL,NULL,94,0,0,'2024-10-23','2024-10-23',1,1,NULL,'J-39'),(21,'J-31','2310','2336',NULL,'2024-09-18','2024-09-18',NULL,NULL,27,0,0,'2024-10-23','2024-10-23',1,1,NULL,'J-39'),(22,'J-31','2337','2365',NULL,'2024-09-19','2024-09-19',NULL,NULL,29,0,0,'2024-10-23','2024-10-23',1,1,NULL,'J-39'),(23,'J-31','2366','2404',NULL,'2024-09-22','2024-09-22',NULL,NULL,39,0,0,'2024-10-23','2024-10-23',1,1,NULL,'J-39'),(24,'J-31','2405','2413',NULL,'2024-09-23','2024-09-23',NULL,NULL,9,0,0,'2024-10-23','2024-10-23',1,1,NULL,'J-39'),(25,'J-31','2414','2418',NULL,'2024-09-24','2024-09-24',NULL,NULL,5,0,0,'2024-10-23','2024-10-23',1,1,NULL,'J-39'),(26,'J-31','2419','2476',NULL,'2024-09-25','2024-09-25',NULL,NULL,58,0,0,'2024-10-23','2024-10-23',1,1,NULL,'J-39'),(27,'J-31','2477','2485',NULL,'2024-09-26','2024-09-26',NULL,NULL,9,0,0,'2024-10-23','2024-10-23',1,1,NULL,'J-39'),(28,'J-31','2486','2569',NULL,'2024-09-29','2024-09-29',NULL,NULL,84,0,0,'2024-10-23','2024-10-23',1,1,NULL,'J-39'),(29,'J-31','2570','2579',NULL,'2024-09-30','2024-09-30',NULL,NULL,10,0,0,'2024-10-23','2024-10-23',1,1,NULL,'J-39'),(30,'J-31','2580','2602',NULL,'2024-10-01','2024-10-01',NULL,NULL,23,0,0,'2024-10-23','2024-10-23',1,1,NULL,'J-39'),(31,'J-31','2603','2637',NULL,'2024-10-02','2024-10-02',NULL,NULL,35,0,0,'2024-10-23','2024-10-23',1,1,NULL,'J-39'),(32,'J-31','2638','2691',NULL,'2024-10-03','2024-10-03',NULL,NULL,54,0,0,'2024-10-23','2024-10-23',1,1,NULL,'J-39'),(33,'J-31','2692','2882',NULL,'2024-10-06','2024-10-06',NULL,NULL,191,0,0,'2024-10-23','2024-10-23',1,1,NULL,'J-39'),(34,'J-31','2883','2918',NULL,'2024-10-07','2024-10-07',NULL,NULL,36,0,0,'2024-10-23','2024-10-23',1,1,NULL,'J-39'),(35,'J-31','2919','2932',NULL,'2024-10-08','2024-10-08',NULL,NULL,14,0,0,'2024-10-23','2024-10-23',1,1,NULL,'J-39'),(36,'J-31','2933','2936',NULL,'2024-10-09','2024-10-09',NULL,NULL,4,0,0,'2024-10-23','2024-10-23',1,1,NULL,'J-39'),(37,'J-31','2937','2937',NULL,'2024-10-10','2024-10-10',NULL,NULL,1,0,0,'2024-10-23','2024-10-23',1,1,NULL,'J-39'),(38,'J-31','2938','2964',NULL,'2024-10-14','2024-10-14',NULL,NULL,27,0,0,'2024-10-23','2024-10-23',1,1,NULL,'J-39'),(39,'J-31','2965','2992',NULL,'2024-10-15','2024-10-15',NULL,NULL,28,0,0,'2024-10-23','2024-10-23',1,1,NULL,'J-39'),(40,'J-31','2993','3006',NULL,'2024-10-16','2024-10-16',NULL,NULL,14,0,0,'2024-10-23','2024-10-23',1,1,NULL,'J-39'),(41,'J-31','3007','3024',NULL,'2024-10-17','2024-10-17',NULL,NULL,18,0,0,'2024-10-23','2024-10-23',1,1,NULL,'J-39'),(42,'J-31','3025','3041',NULL,'2024-10-20','2024-10-20',NULL,NULL,17,0,0,'2024-10-23','2024-10-23',1,1,NULL,'J-39'),(43,'J-31','3042','3048',NULL,'2024-10-21','2024-10-21',NULL,NULL,7,0,0,'2024-10-23','2024-10-23',1,1,NULL,'J-39'),(44,'J-31','3049','3082',NULL,'2024-10-22','2024-10-22',NULL,NULL,34,0,0,'2024-10-23','2024-10-23',1,1,NULL,'J-39'),(45,'J-31','3083','3085',NULL,'2024-10-23','2024-10-23',NULL,NULL,3,0,0,'2024-10-23','2024-10-23',1,1,NULL,'J-39'),(46,'J-31','2947','2950',NULL,'2024-08-27','2024-08-27',NULL,NULL,4,0,0,'2024-10-24','2024-10-24',1,1,NULL,'J-31'),(47,'J-31','2951','2952',NULL,'2024-09-02','2024-09-02',NULL,NULL,2,0,0,'2024-10-24','2024-10-24',1,1,NULL,'J-31'),(48,'J-31','2953','2954',NULL,'2024-09-08','2024-09-08',NULL,NULL,2,0,0,'2024-10-24','2024-10-24',1,1,NULL,'J-31'),(49,'J-31','2955','2957',NULL,'2024-09-09','2024-09-09',NULL,NULL,3,0,0,'2024-10-24','2024-10-24',1,1,NULL,'J-31'),(50,'J-31','2958','2958',NULL,'2024-09-10','2024-09-10',NULL,NULL,1,0,0,'2024-10-24','2024-10-24',1,1,NULL,'J-31'),(51,'J-31','2959','2959',NULL,'2024-09-11','2024-09-11',NULL,NULL,1,0,0,'2024-10-24','2024-10-24',1,1,NULL,'J-31'),(52,'J-31','2960','2961',NULL,'2024-09-12','2024-09-12',NULL,NULL,2,0,0,'2024-10-24','2024-10-24',1,1,NULL,'J-31'),(53,'J-31','2962','2962',NULL,'2024-09-15','2024-09-15',NULL,NULL,1,0,0,'2024-10-24','2024-10-24',1,1,NULL,'J-31'),(54,'J-31','2963','2963',NULL,'2024-09-17','2024-09-17',NULL,NULL,1,0,0,'2024-10-24','2024-10-24',1,1,NULL,'J-31'),(55,'J-31','2964','2965',NULL,'2024-09-19','2024-09-19',NULL,NULL,2,0,0,'2024-10-24','2024-10-24',1,1,NULL,'J-31'),(56,'J-31','2966','2966',NULL,'2024-09-24','2024-09-24',NULL,NULL,1,0,0,'2024-10-24','2024-10-24',1,1,NULL,'J-31'),(57,'J-31','2967','2967',NULL,'2024-09-25','2024-09-25',NULL,NULL,1,0,0,'2024-10-24','2024-10-24',1,1,NULL,'J-31'),(58,'J-31','2968','2970',NULL,'2024-08-29','2024-08-29',NULL,NULL,3,0,0,'2024-10-24','2024-10-24',1,1,NULL,'J-31'),(59,'J-31','2971','2973',NULL,'2024-10-01','2024-10-01',NULL,NULL,3,0,0,'2024-10-24','2024-10-24',1,1,NULL,'J-31'),(60,'J-31','2974','2976',NULL,'2024-10-07','2024-10-07',NULL,NULL,3,0,0,'2024-10-24','2024-10-24',1,1,NULL,'J-31'),(61,'J-31','2977','2978',NULL,'2024-10-08','2024-10-08',NULL,NULL,2,0,0,'2024-10-24','2024-10-24',1,1,NULL,'J-31'),(62,'J-31','2979','2980',NULL,'2024-10-23','2024-10-23',NULL,NULL,2,0,0,'2024-10-24','2024-10-24',1,1,NULL,'J-31'),(63,'J-31','423','424',NULL,'2024-08-27','2024-08-27',NULL,NULL,2,0,0,'2024-10-24','2024-10-24',1,1,NULL,'J-3'),(64,'J-31','425','426',NULL,'2024-08-28','2024-08-28',NULL,NULL,2,0,0,'2024-10-24','2024-10-24',1,1,NULL,'J-3'),(65,'J-31','427','427',NULL,'2024-09-01','2024-09-01',NULL,NULL,1,0,0,'2024-10-24','2024-10-24',1,1,NULL,'J-3'),(66,'J-31','428','428',NULL,'2024-09-03','2024-09-03',NULL,NULL,1,0,0,'2024-10-24','2024-10-24',1,1,NULL,'J-3'),(67,'J-31','429','429',NULL,'2024-09-04','2024-09-04',NULL,NULL,1,0,0,'2024-10-24','2024-10-24',1,1,NULL,'J-3'),(68,'J-31','430','433',NULL,'2024-09-05','2024-09-05',NULL,NULL,4,0,0,'2024-10-24','2024-10-24',1,1,NULL,'J-3'),(69,'J-31','434','434',NULL,'2024-09-08','2024-09-08',NULL,NULL,1,0,0,'2024-10-24','2024-10-24',1,1,NULL,'J-3'),(70,'J-31','435','435',NULL,'2024-09-11','2024-09-11',NULL,NULL,1,0,0,'2024-10-24','2024-10-24',1,1,NULL,'J-3'),(71,'J-31','436','436',NULL,'2024-09-12','2024-09-12',NULL,NULL,1,0,0,'2024-10-24','2024-10-24',1,1,NULL,'J-3'),(72,'J-31','437','437',NULL,'2024-09-17','2024-09-17',NULL,NULL,1,0,0,'2024-10-24','2024-10-24',1,1,NULL,'J-3'),(73,'J-31','439','439',NULL,'2024-09-19','2024-09-19',NULL,NULL,1,0,0,'2024-10-24','2024-10-24',1,1,NULL,'J-3'),(74,'J-31',NULL,NULL,NULL,'2024-09-11',NULL,'1364-1366','Meter Memo',0,5,0,'2024-10-29','2024-10-29',4,1,NULL,NULL),(75,'J-31',NULL,NULL,NULL,'2024-09-30',NULL,'1373-1378','Meter Memo',0,3,0,'2024-10-29','2024-10-29',4,1,NULL,NULL),(76,'J-31',NULL,NULL,NULL,'2024-10-06',NULL,'1384-1386','Meter Memo',0,2,0,'2024-10-29','2024-10-29',4,1,NULL,NULL),(77,'J-31',NULL,NULL,NULL,'2024-10-18',NULL,'1390-1391','Meter Memo',0,4,0,'2024-10-29','2024-10-29',4,1,NULL,NULL),(78,'J-31',NULL,NULL,NULL,'2024-10-22',NULL,'1396-1399','Meter Memo',0,1,0,'2024-10-29','2024-10-29',4,1,NULL,NULL),(79,'J-31',NULL,NULL,NULL,'2024-10-23',NULL,'1400-1402','Meter Memo',0,1,0,'2024-10-29','2024-10-29',4,1,NULL,NULL),(80,'J-31',NULL,NULL,NULL,'2024-09-04',NULL,'227496','Store',0,1000,0,'2024-10-29','2024-10-29',2,1,NULL,NULL),(81,'J-31',NULL,NULL,'216585','2024-10-15','2024-10-15',NULL,NULL,55,0,0,'2024-10-29','2024-10-29',2,1,NULL,'J-1'),(82,'J-31',NULL,NULL,'216585','2024-09-15','2024-09-15',NULL,NULL,480,0,0,'2024-10-29','2024-10-29',2,1,NULL,'J-39'),(83,'J-31',NULL,NULL,NULL,'2024-10-28',NULL,'227997','Store',0,1000,0,'2024-10-29','2024-10-29',2,1,NULL,NULL);
/*!40000 ALTER TABLE `balance_reg_sealbalance` ENABLE KEYS */;
UNLOCK TABLES;

--
-- Table structure for table `damage_meter_purchaseorder`
--

DROP TABLE IF EXISTS `damage_meter_purchaseorder`;
/*!40101 SET @saved_cs_client     = @@character_set_client */;
/*!50503 SET character_set_client = utf8mb4 */;
CREATE TABLE `damage_meter_purchaseorder` (
  `id` bigint NOT NULL AUTO_INCREMENT,
  `purchase_order` varchar(100) NOT NULL,
  `remark` varchar(150) DEFAULT NULL,
  PRIMARY KEY (`id`)
) ENGINE=InnoDB AUTO_INCREMENT=43 DEFAULT CHARSET=utf8mb4 COLLATE=utf8mb4_0900_ai_ci;
/*!40101 SET character_set_client = @saved_cs_client */;

--
-- Dumping data for table `damage_meter_purchaseorder`
--

LOCK TABLES `damage_meter_purchaseorder` WRITE;
/*!40000 ALTER TABLE `damage_meter_purchaseorder` DISABLE KEYS */;
INSERT INTO `damage_meter_purchaseorder` VALUES (1,'-',NULL),(2,'BREB/DP/IF-69-111/132-2018-2019',NULL),(3,'G-18-19-053-02-02',NULL),(4,'BREB/DNE(DMCS)G-49 Lot-2/2020-21',NULL),(5,'G-19-20-053-02-02',NULL),(6,'G-21-22-053-02-02',NULL),(7,'2.5MCC-G-7-002',NULL),(8,'PBS-14-15-O&M-04-003(12PBS)',NULL),(9,'TPBS-1/21-22-TPBS-O&M-03-001',NULL),(10,'BREB/DNE(DMCS)G-21 Lot-1/2018-19',NULL),(11,'BREB/DNE(DMCS)G-40 Lot-2/2018-19',NULL),(12,'G-20-21-053-02-01',NULL),(13,'BREB/DNE(DMCS)G-49 Lot-2/2020-213.',NULL),(14,'BREB/DNE(DMCS)G-49 Lot-2/2020-213.',NULL),(15,'BREB/DP/IF-08-16/03/2014-2015',NULL),(16,'BREB/DNE(DMCS)G-21 Lot-3/2017-18',NULL),(17,'BREB/DP/IF-39-73/64/2015-2016',NULL),(18,'BREB/DNE(DMCS)/G-21 Lot-3/2017-18',NULL),(19,'BREB/DP-PBSF-G-156-Lot-1/087',NULL),(20,'BREB/URIDS(DMCS)URIDS(E) G-17-01/2017-2018',NULL),(21,'BREB/DP/IF-42-77/68/2016-2017',NULL),(22,'BREB/DDP-II-G-16-Lot-2/2015-2016/35',NULL),(23,'BREB/1.8MCCP/89-210-Lot-3/2015-2016',NULL),(24,'BREB/1.8MCCP/45-107-Lot-3/2013-2014',NULL),(25,'BREB/1.5MCCP/G-33-Lot-3/2016-2017',NULL),(26,'BREB/DP/BREB-own-G-24 Lot-1/171/2019-2020',NULL),(27,'14-15-MPBS-DW-008/06',NULL),(28,'BREB/1.5MCCP/G-68-Lot-2/2014-2015',NULL),(29,'BREB/URIDS G-20-002/45/2019-2020',NULL),(30,'14-15-MPBS-DW-001/02',NULL),(31,'BREB/1.5MCCP/G-52-Lot-3/2017-2018',NULL),(32,'DPBS-1/16-17 Dhaka-1-O&M-01/01',NULL),(33,'BREB/1.5MCCP/G-65-Lot-2/2018-19',NULL),(34,'18-19-NPBS-2-O&M-01-001',NULL),(35,'BREB-Lot-2.5MCC-G-7-001/2016-2017(B2)',NULL),(36,'G-21-22-053-02-19',NULL),(37,'BREB/DP/IF-72-114/166-2018-2019',NULL),(38,'BREB/DP/IF-09-18/11/2014-2015',NULL),(39,'15-16-MPBS-DW-004/04',NULL),(40,'13-14-MPBS-DW-006/05',NULL),(41,'2.5MCC-G-7-003',NULL),(42,'BREB/DNE(DMCS)G-21 Lot-2/2017-18',NULL);
/*!40000 ALTER TABLE `damage_meter_purchaseorder` ENABLE KEYS */;
UNLOCK TABLES;

--
-- Table structure for table `django_admin_log`
--

DROP TABLE IF EXISTS `django_admin_log`;
/*!40101 SET @saved_cs_client     = @@character_set_client */;
/*!50503 SET character_set_client = utf8mb4 */;
CREATE TABLE `django_admin_log` (
  `id` int NOT NULL AUTO_INCREMENT,
  `action_time` datetime(6) NOT NULL,
  `object_id` longtext,
  `object_repr` varchar(200) NOT NULL,
  `action_flag` smallint unsigned NOT NULL,
  `change_message` longtext NOT NULL,
  `content_type_id` int DEFAULT NULL,
  `user_id` bigint NOT NULL,
  PRIMARY KEY (`id`),
  KEY `django_admin_log_content_type_id_c4bce8eb_fk_django_co` (`content_type_id`),
  KEY `django_admin_log_user_id_c564eba6_fk_accounts_customuser_id` (`user_id`),
  CONSTRAINT `django_admin_log_content_type_id_c4bce8eb_fk_django_co` FOREIGN KEY (`content_type_id`) REFERENCES `django_content_type` (`id`),
  CONSTRAINT `django_admin_log_user_id_c564eba6_fk_accounts_customuser_id` FOREIGN KEY (`user_id`) REFERENCES `accounts_customuser` (`id`),
  CONSTRAINT `django_admin_log_chk_1` CHECK ((`action_flag` >= 0))
) ENGINE=InnoDB AUTO_INCREMENT=134 DEFAULT CHARSET=utf8mb4 COLLATE=utf8mb4_0900_ai_ci;
/*!40101 SET character_set_client = @saved_cs_client */;

--
-- Dumping data for table `django_admin_log`
--

LOCK TABLES `django_admin_log` WRITE;
/*!40000 ALTER TABLE `django_admin_log` DISABLE KEYS */;
INSERT INTO `django_admin_log` VALUES (1,'2024-07-30 11:13:21.701704','1','Josim',2,'[{\"changed\": {\"fields\": [\"First name\", \"Last name\", \"Role\"]}}]',16,1),(2,'2024-07-30 11:15:08.359118','1','23 Jamalpur Palli Bidyut Samity',1,'[{\"added\": {}}]',15,1),(3,'2024-07-30 11:15:35.883479','1','09 Nandina Zonal Office 23 Jamalpur Palli Bidyut Samity',1,'[{\"added\": {}}]',14,1),(4,'2024-07-30 11:16:13.880434','1','Meter Tester',1,'[{\"added\": {}}]',13,1),(5,'2024-07-30 11:16:26.358005','1','Josim',2,'[{\"changed\": {\"fields\": [\"Office\", \"Designation\"]}}]',16,1),(6,'2024-07-30 11:17:14.092396','1','Admin (IT)',2,'[{\"changed\": {\"fields\": [\"Title\", \"Details\"]}}]',13,1),(7,'2024-07-30 11:17:16.115857','1','Josim',2,'[]',16,1),(8,'2024-07-30 11:21:31.444174','2','Meter Tester',1,'[{\"added\": {}}]',13,1),(9,'2024-07-30 11:21:33.515857','2','524660',2,'[{\"changed\": {\"fields\": [\"Designation\"]}}]',16,1),(10,'2024-07-30 11:21:42.247763','2','524660',2,'[]',16,1),(11,'2024-07-30 11:25:12.721522','1','J-39',1,'[{\"added\": {}}]',10,1),(12,'2024-07-30 11:25:44.213982','2','J-3',1,'[{\"added\": {}}]',10,1),(13,'2024-07-30 11:26:05.749671','3','J-4',1,'[{\"added\": {}}]',10,1),(14,'2024-07-30 11:26:31.728901','4','J-1',1,'[{\"added\": {}}]',10,1),(15,'2024-07-30 11:26:49.531237','1','J-39',2,'[{\"changed\": {\"fields\": [\"Details\"]}}]',10,1),(16,'2024-07-30 11:37:47.723915','1','Techno-D',1,'[{\"added\": {}}]',7,1),(17,'2024-07-30 11:38:59.809427','2','B&T',1,'[{\"added\": {}}]',7,1),(18,'2024-07-30 11:39:44.944138','3','Pasha',1,'[{\"added\": {}}]',7,1),(19,'2024-07-30 11:41:06.585551','4','Holley',1,'[{\"added\": {}}]',7,1),(20,'2024-07-30 11:41:43.460339','5','Hexcell',1,'[{\"added\": {}}]',7,1),(21,'2024-07-30 11:42:03.165005','6','Hexing',1,'[{\"added\": {}}]',7,1),(22,'2024-07-30 11:42:47.426010','7','Meter D.Tech',1,'[{\"added\": {}}]',7,1),(23,'2024-07-30 11:43:14.519152','8','Power Plus',1,'[{\"added\": {}}]',7,1),(24,'2024-07-30 11:44:49.166719','9','Techno-A',1,'[{\"added\": {}}]',7,1),(25,'2024-07-30 11:45:33.075722','10','Hosaf-A',1,'[{\"added\": {}}]',7,1),(26,'2024-07-30 11:46:08.182940','11','Hosaf-D',1,'[{\"added\": {}}]',7,1),(27,'2024-07-30 11:51:19.694189','12','Hexing-3',1,'[{\"added\": {}}]',7,1),(28,'2024-07-30 11:52:41.570164','1','OK',1,'[{\"added\": {}}]',8,1),(29,'2024-07-30 11:54:39.331839','2','IMD',1,'[{\"added\": {}}]',8,1),(30,'2024-07-30 11:56:18.248706','3','3 OK',1,'[{\"added\": {}}]',8,1),(31,'2024-07-30 13:44:07.666702','1','2024-05-16',3,'',12,1),(32,'2024-07-30 13:44:18.893941','3','2024-05-16',3,'',11,1),(33,'2024-07-30 13:44:19.050616','2','2024-05-16',3,'',11,1),(34,'2024-07-30 13:44:19.113055','1','2024-05-15',3,'',11,1),(35,'2024-07-30 13:51:34.991098','5','2024-05-16',3,'',11,1),(36,'2024-07-30 13:51:35.226954','4','2024-05-15',3,'',11,1),(37,'2024-07-30 13:51:41.803215','3','2024-05-16',3,'',12,1),(38,'2024-07-30 13:51:41.991592','2','2024-05-15',3,'',12,1),(39,'2024-08-15 06:05:17.352338','13','General',1,'[{\"added\": {}}]',7,1),(40,'2024-08-15 06:05:58.753281','14','Smart',1,'[{\"added\": {}}]',7,1),(41,'2024-08-15 06:06:35.079611','15','Fuji',1,'[{\"added\": {}}]',7,1),(42,'2024-08-15 06:07:14.880740','16','TVA',1,'[{\"added\": {}}]',7,1),(43,'2024-08-15 06:08:08.271298','17','Gaus',1,'[{\"added\": {}}]',7,1),(44,'2024-08-15 06:09:17.159869','18','Hay-A',1,'[{\"added\": {}}]',7,1),(45,'2024-08-15 06:09:51.999783','19','Hay-D',1,'[{\"added\": {}}]',7,1),(46,'2024-08-15 06:13:47.719253','20','Schlumberger',1,'[{\"added\": {}}]',7,1),(47,'2024-08-15 06:14:21.511734','21','Zhejeang',1,'[{\"added\": {}}]',7,1),(48,'2024-08-15 06:15:11.624337','22','HuaYi',1,'[{\"added\": {}}]',7,1),(49,'2024-08-15 06:17:20.509769','1','OK',2,'[]',8,1),(50,'2024-08-15 06:17:22.511472','1','OK',2,'[]',8,1),(51,'2024-08-15 06:17:50.895112','4','IMD',1,'[{\"added\": {}}]',8,1),(52,'2024-08-15 06:18:10.512562','5','ICD',1,'[{\"added\": {}}]',8,1),(53,'2024-08-15 06:18:29.095618','6','Rust',1,'[{\"added\": {}}]',8,1),(54,'2024-08-15 06:18:48.918383','7','IBD',1,'[{\"added\": {}}]',8,1),(55,'2024-08-15 06:19:10.422886','8','LCD',1,'[{\"added\": {}}]',8,1),(56,'2024-08-15 06:19:33.823233','9','WSP',1,'[{\"added\": {}}]',8,1),(57,'2024-08-15 06:20:38.562473','10','Broken',1,'[{\"added\": {}}]',8,1),(58,'2024-08-15 06:20:53.781853','11','Burn',1,'[{\"added\": {}}]',8,1),(59,'2024-08-15 06:21:10.943549','12','Burn base',1,'[{\"added\": {}}]',8,1),(60,'2024-08-15 06:21:35.344447','13','NGD',1,'[{\"added\": {}}]',8,1),(61,'2024-08-15 06:21:57.103317','14','ICB',1,'[{\"added\": {}}]',8,1),(62,'2024-08-15 06:22:22.326923','15','LB',1,'[{\"added\": {}}]',8,1),(63,'2024-08-15 06:22:39.487334','16','SB',1,'[{\"added\": {}}]',8,1),(64,'2024-08-15 06:22:58.047234','17','Red',1,'[{\"added\": {}}]',8,1),(65,'2024-08-15 06:23:24.998884','18','Down',1,'[{\"added\": {}}]',8,1),(66,'2024-08-15 06:23:48.137077','19','Auto_imp',1,'[{\"added\": {}}]',8,1),(67,'2024-08-15 06:24:08.630746','20','BLink',1,'[{\"added\": {}}]',8,1),(68,'2024-08-15 06:26:12.010311','4','3 Burn',2,'[{\"changed\": {\"fields\": [\"Name\", \"Details\"]}}]',8,1),(69,'2024-08-15 06:28:32.567923','23','Wasion(LIBRA)',1,'[{\"added\": {}}]',7,1),(70,'2024-08-15 06:31:25.581411','5','J-2',1,'[{\"added\": {}}]',10,1),(71,'2024-08-15 06:31:47.495377','24','ChungHsin',1,'[{\"added\": {}}]',7,1),(72,'2024-08-15 07:00:26.608113','1','2604483',1,'[{\"added\": {}}]',17,1),(73,'2024-08-15 07:01:29.966250','1','OfficeEmp object (1)',1,'[{\"added\": {}}]',18,1),(74,'2024-08-15 07:11:34.837026','2','524660',2,'[]',16,1),(75,'2024-08-15 07:22:14.278230','1','OfficeEmp object (1)',2,'[{\"changed\": {\"fields\": [\"Counter sign by\"]}}]',18,1),(76,'2024-08-15 07:26:41.819920','3','AGM(O&M)',1,'[{\"added\": {}}]',13,1),(77,'2024-08-15 07:26:55.573990','3','Habibur',2,'[{\"changed\": {\"fields\": [\"Designation\"]}}]',16,1),(78,'2024-08-15 08:35:23.732567','1','2604483',2,'[{\"changed\": {\"fields\": [\"Tested by\", \"Checked by\"]}}]',18,1),(79,'2024-08-15 09:03:32.024873','23','Wasion(LIBRA)',2,'[]',7,1),(80,'2024-08-15 09:04:48.477941','25','MT(Hangzhou)',1,'[{\"added\": {}}]',7,1),(81,'2024-08-15 10:30:12.653895','26','Echo',1,'[{\"added\": {}}]',7,1),(82,'2024-08-15 10:30:46.563109','26','Echo',2,'[{\"changed\": {\"fields\": [\"Standerd rev req ll\", \"Standerd rev req fl\"]}}]',7,1),(83,'2024-09-01 09:55:50.543377','27','Holley-3',1,'[{\"added\": {}}]',7,1),(84,'2024-09-02 04:24:24.733522','21','Water',1,'[{\"added\": {}}]',8,1),(85,'2024-09-11 07:42:59.323322','4','3 Burn',2,'[{\"changed\": {\"fields\": [\"Items\", \"Remark\"]}}]',8,1),(86,'2024-09-11 08:46:17.776828','1','OK',2,'[{\"changed\": {\"fields\": [\"Items\"]}}]',8,1),(87,'2024-09-11 09:05:09.836249','6','J-16',1,'[{\"added\": {}}]',10,1),(88,'2024-09-11 09:09:29.983630','19','Auto_imp',2,'[{\"changed\": {\"fields\": [\"Items\"]}}]',8,1),(89,'2024-09-11 09:09:40.546715','21','Water',2,'[{\"changed\": {\"fields\": [\"Items\"]}}]',8,1),(90,'2024-09-11 09:09:49.581340','20','BLink',2,'[{\"changed\": {\"fields\": [\"Items\"]}}]',8,1),(91,'2024-09-11 09:09:57.806093','18','Down',2,'[{\"changed\": {\"fields\": [\"Items\"]}}]',8,1),(92,'2024-09-11 09:10:02.954866','17','Red',2,'[{\"changed\": {\"fields\": [\"Items\"]}}]',8,1),(93,'2024-09-11 09:10:11.690188','16','SB',2,'[{\"changed\": {\"fields\": [\"Items\"]}}]',8,1),(94,'2024-09-11 09:10:18.802240','15','LB',2,'[{\"changed\": {\"fields\": [\"Items\"]}}]',8,1),(95,'2024-09-11 09:10:26.500474','14','ICB',2,'[{\"changed\": {\"fields\": [\"Items\"]}}]',8,1),(96,'2024-09-11 09:10:58.933026','13','NGD',2,'[{\"changed\": {\"fields\": [\"Items\"]}}]',8,1),(97,'2024-09-11 09:11:04.281292','12','Burn base',2,'[{\"changed\": {\"fields\": [\"Items\"]}}]',8,1),(98,'2024-09-11 09:11:12.738633','11','Burn',2,'[{\"changed\": {\"fields\": [\"Items\"]}}]',8,1),(99,'2024-09-11 09:11:25.246776','10','Broken',2,'[{\"changed\": {\"fields\": [\"Items\"]}}]',8,1),(100,'2024-09-11 09:11:39.016756','2','IMD',2,'[{\"changed\": {\"fields\": [\"Items\"]}}]',8,1),(101,'2024-09-11 09:11:50.277485','3','3 OK',2,'[{\"changed\": {\"fields\": [\"Items\"]}}]',8,1),(102,'2024-09-11 09:12:07.897936','5','ICD',2,'[{\"changed\": {\"fields\": [\"Items\"]}}]',8,1),(103,'2024-09-11 09:12:18.194195','6','Rust',2,'[{\"changed\": {\"fields\": [\"Items\"]}}]',8,1),(104,'2024-09-11 09:12:25.208125','7','IBD',2,'[{\"changed\": {\"fields\": [\"Items\"]}}]',8,1),(105,'2024-09-11 09:12:31.329787','8','LCD',2,'[{\"changed\": {\"fields\": [\"Items\"]}}]',8,1),(106,'2024-09-11 09:12:37.811674','9','WSP',2,'[{\"changed\": {\"fields\": [\"Items\"]}}]',8,1),(107,'2024-09-11 12:33:52.302968','231','65656',3,'',9,1),(108,'2024-09-11 12:34:04.635117','230','15710777',3,'',9,1),(109,'2024-09-22 08:32:48.932318','22','Base Burn',1,'[{\"added\": {}}]',8,1),(110,'2024-09-22 08:38:52.553221','255','16000546',2,'[{\"changed\": {\"fields\": [\"Created by\", \"Updated by\"]}}]',9,1),(111,'2024-09-24 04:29:34.810749','23','White Display',1,'[{\"added\": {}}]',8,1),(112,'2024-09-24 05:48:25.408415','24','Broken',1,'[{\"added\": {}}]',8,1),(113,'2024-09-24 05:48:38.356336','24','Broken',2,'[{\"changed\": {\"fields\": [\"Details\"]}}]',8,1),(114,'2024-09-25 04:00:57.246810','7','D Tech',2,'[{\"changed\": {\"fields\": [\"Name\"]}}]',7,1),(115,'2024-09-25 07:41:51.864340','6','Rust',2,'[]',8,1),(116,'2024-09-25 07:42:07.065824','13','NGD',2,'[{\"changed\": {\"fields\": [\"Order\"]}}]',8,1),(117,'2024-09-25 07:42:17.719925','19','Auto_imp',2,'[{\"changed\": {\"fields\": [\"Order\"]}}]',8,1),(118,'2024-09-25 07:42:41.160571','6','Rust',2,'[{\"changed\": {\"fields\": [\"Order\"]}}]',8,1),(119,'2024-09-25 10:25:12.843283','362','20359156',3,'',9,1),(120,'2024-09-26 07:58:18.893451','17','Gaus',2,'[]',7,1),(121,'2024-09-26 07:58:52.362635','28','Fae',1,'[{\"added\": {}}]',7,1),(122,'2024-09-26 08:05:17.429884','20','Blink',2,'[{\"changed\": {\"fields\": [\"Name\"]}}]',8,1),(123,'2024-10-23 13:44:52.029396','15','15- Date-2024-08-31- Item-J-39',2,'[{\"changed\": {\"fields\": [\"Date start\", \"Date end\"]}}]',11,1),(124,'2024-10-24 10:24:41.403304','62','62- Date-2024-09-17- Item-J-3',2,'[{\"changed\": {\"fields\": [\"Sl end\", \"Debit qty\"]}}]',11,1),(125,'2024-10-24 10:25:55.249497','63','63- Date-2024-09-19- Item-J-3',2,'[{\"changed\": {\"fields\": [\"Sl end\", \"Debit qty\"]}}]',11,1),(126,'2024-10-29 08:17:45.638652','4','Meter Testing Supervisor',1,'[{\"added\": {}}]',13,1),(127,'2024-10-30 07:10:53.007422','6','Rust',2,'[]',8,1),(128,'2024-10-30 07:11:52.059653','25','Rust Burn',1,'[{\"added\": {}}]',8,1),(129,'2024-10-30 07:15:29.900955','29','Itron',1,'[{\"added\": {}}]',7,1),(130,'2024-10-30 07:18:23.816915','30','Hexing-3',1,'[{\"added\": {}}]',7,1),(131,'2024-10-30 07:19:11.052483','31','Wasion-(LIBRA)',1,'[{\"added\": {}}]',7,1),(132,'2024-10-31 05:10:27.419980','5','BS',1,'[{\"added\": {}}]',13,1),(133,'2024-10-31 05:14:50.617312','6','BA',1,'[{\"added\": {}}]',13,1);
/*!40000 ALTER TABLE `django_admin_log` ENABLE KEYS */;
UNLOCK TABLES;

--
-- Table structure for table `django_content_type`
--

DROP TABLE IF EXISTS `django_content_type`;
/*!40101 SET @saved_cs_client     = @@character_set_client */;
/*!50503 SET character_set_client = utf8mb4 */;
CREATE TABLE `django_content_type` (
  `id` int NOT NULL AUTO_INCREMENT,
  `app_label` varchar(100) NOT NULL,
  `model` varchar(100) NOT NULL,
  PRIMARY KEY (`id`),
  UNIQUE KEY `django_content_type_app_label_model_76bd3d3b_uniq` (`app_label`,`model`)
) ENGINE=InnoDB AUTO_INCREMENT=23 DEFAULT CHARSET=utf8mb4 COLLATE=utf8mb4_0900_ai_ci;
/*!40101 SET character_set_client = @saved_cs_client */;

--
-- Dumping data for table `django_content_type`
--

LOCK TABLES `django_content_type` WRITE;
/*!40000 ALTER TABLE `django_content_type` DISABLE KEYS */;
INSERT INTO `django_content_type` VALUES (16,'accounts','customuser'),(13,'accounts','designation'),(14,'accounts','office'),(18,'accounts','officeemp'),(15,'accounts','pbs'),(17,'accounts','standard_meter'),(1,'admin','logentry'),(3,'auth','group'),(2,'auth','permission'),(22,'auth','user'),(11,'balance_reg','balance'),(10,'balance_reg','item'),(12,'balance_reg','sealbalance'),(4,'contenttypes','contenttype'),(19,'damage_meter','purchaseorder'),(20,'issue_item','issueitem'),(21,'issue_item','sealissue'),(5,'sessions','session'),(7,'test_data','manufacturer'),(8,'test_data','results'),(9,'test_data','test_data'),(6,'test_data','uploads');
/*!40000 ALTER TABLE `django_content_type` ENABLE KEYS */;
UNLOCK TABLES;

--
-- Table structure for table `django_migrations`
--

DROP TABLE IF EXISTS `django_migrations`;
/*!40101 SET @saved_cs_client     = @@character_set_client */;
/*!50503 SET character_set_client = utf8mb4 */;
CREATE TABLE `django_migrations` (
  `id` bigint NOT NULL AUTO_INCREMENT,
  `app` varchar(255) NOT NULL,
  `name` varchar(255) NOT NULL,
  `applied` datetime(6) NOT NULL,
  PRIMARY KEY (`id`)
) ENGINE=InnoDB AUTO_INCREMENT=49 DEFAULT CHARSET=utf8mb4 COLLATE=utf8mb4_0900_ai_ci;
/*!40101 SET character_set_client = @saved_cs_client */;

--
-- Dumping data for table `django_migrations`
--

LOCK TABLES `django_migrations` WRITE;
/*!40000 ALTER TABLE `django_migrations` DISABLE KEYS */;
INSERT INTO `django_migrations` VALUES (1,'contenttypes','0001_initial','2024-07-30 10:59:07.572551'),(2,'contenttypes','0002_remove_content_type_name','2024-07-30 10:59:09.422211'),(3,'auth','0001_initial','2024-07-30 10:59:13.281659'),(4,'auth','0002_alter_permission_name_max_length','2024-07-30 10:59:14.066519'),(5,'auth','0003_alter_user_email_max_length','2024-07-30 10:59:14.128831'),(6,'auth','0004_alter_user_username_opts','2024-07-30 10:59:14.223411'),(7,'auth','0005_alter_user_last_login_null','2024-07-30 10:59:14.286206'),(8,'auth','0006_require_contenttypes_0002','2024-07-30 10:59:14.364812'),(9,'auth','0007_alter_validators_add_error_messages','2024-07-30 10:59:14.459049'),(10,'auth','0008_alter_user_username_max_length','2024-07-30 10:59:14.553259'),(11,'auth','0009_alter_user_last_name_max_length','2024-07-30 10:59:14.600259'),(12,'auth','0010_alter_group_name_max_length','2024-07-30 10:59:14.725582'),(13,'auth','0011_update_proxy_permissions','2024-07-30 10:59:14.849950'),(14,'auth','0012_alter_user_first_name_max_length','2024-07-30 10:59:15.117745'),(15,'accounts','0001_initial','2024-07-30 10:59:32.578266'),(16,'admin','0001_initial','2024-07-30 10:59:34.681080'),(17,'admin','0002_logentry_remove_auto_add','2024-07-30 10:59:34.728590'),(18,'admin','0003_logentry_add_action_flag_choices','2024-07-30 10:59:34.854151'),(19,'balance_reg','0001_initial','2024-07-30 10:59:43.765995'),(20,'damage_meter','0001_initial','2024-07-30 10:59:44.487146'),(21,'issue_item','0001_initial','2024-07-30 10:59:56.969510'),(22,'sessions','0001_initial','2024-07-30 10:59:58.016251'),(23,'test_data','0001_initial','2024-07-30 11:00:10.427536'),(24,'test_data','0002_manufacturer_order_results_order','2024-07-30 12:04:21.769958'),(25,'accounts','0002_alter_customuser_date_alter_standard_meter_from_date','2024-08-15 05:59:05.343166'),(26,'accounts','0003_alter_customuser_date_alter_standard_meter_from_date','2024-08-15 05:59:05.516548'),(27,'accounts','0004_customuser_sidebar_alter_customuser_date_and_more','2024-08-15 05:59:08.186449'),(28,'accounts','0005_remove_customuser_sidebar','2024-08-15 05:59:08.587440'),(29,'accounts','0006_customuser_updated_by_alter_customuser_date_and_more','2024-08-15 05:59:08.922873'),(30,'accounts','0007_alter_customuser_date_alter_standard_meter_from_date','2024-08-15 05:59:08.987910'),(31,'balance_reg','0002_balance_remark','2024-08-15 05:59:09.288391'),(32,'balance_reg','0003_sealbalance_remark','2024-08-15 05:59:09.661092'),(33,'balance_reg','0004_alter_balance_options_alter_sealbalance_options','2024-08-15 05:59:09.755579'),(34,'issue_item','0002_alter_issueitem_options_alter_sealissue_options','2024-08-15 05:59:09.849599'),(35,'test_data','0003_alter_manufacturer_options_alter_results_options','2024-08-15 05:59:09.928352'),(36,'accounts','0008_alter_customuser_date_alter_standard_meter_from_date','2024-09-08 05:36:49.176835'),(37,'test_data','0004_alter_test_data_created_date','2024-09-08 05:36:51.658553'),(38,'accounts','0009_alter_customuser_date_alter_standard_meter_from_date','2024-09-11 04:55:31.175378'),(39,'test_data','0005_results_item','2024-09-11 04:55:32.599406'),(40,'test_data','0006_remove_results_item_results_test_to','2024-09-11 05:28:51.252779'),(41,'test_data','0007_manufacturer_test_to','2024-09-11 05:41:00.764597'),(42,'test_data','0008_remove_results_test_to_results_items','2024-09-11 07:40:02.371839'),(43,'accounts','0010_alter_customuser_date_alter_standard_meter_from_date','2024-09-17 06:00:03.593563'),(44,'test_data','0009_test_data_install_date','2024-09-17 06:00:04.447642'),(45,'accounts','0011_alter_customuser_date_alter_standard_meter_from_date','2024-09-29 12:49:19.528086'),(46,'accounts','0012_alter_customuser_date_alter_standard_meter_from_date','2024-10-06 12:03:08.354711'),(47,'accounts','0013_alter_customuser_date_alter_standard_meter_from_date','2024-10-21 09:57:59.903461'),(48,'test_data','0010_test_data_result','2024-10-21 09:58:01.709302');
/*!40000 ALTER TABLE `django_migrations` ENABLE KEYS */;
UNLOCK TABLES;

--
-- Table structure for table `django_session`
--

DROP TABLE IF EXISTS `django_session`;
/*!40101 SET @saved_cs_client     = @@character_set_client */;
/*!50503 SET character_set_client = utf8mb4 */;
CREATE TABLE `django_session` (
  `session_key` varchar(40) NOT NULL,
  `session_data` longtext NOT NULL,
  `expire_date` datetime(6) NOT NULL,
  PRIMARY KEY (`session_key`),
  KEY `django_session_expire_date_a5c62663` (`expire_date`)
) ENGINE=InnoDB DEFAULT CHARSET=utf8mb4 COLLATE=utf8mb4_0900_ai_ci;
/*!40101 SET character_set_client = @saved_cs_client */;

--
-- Dumping data for table `django_session`
--

LOCK TABLES `django_session` WRITE;
/*!40000 ALTER TABLE `django_session` DISABLE KEYS */;
INSERT INTO `django_session` VALUES ('27m1hn9v1wifxn0vu2renuznjhih7d7h','.eJxVjDEOwjAMRe-SGUW1SaOYkZ0zVHbikAJKpaadKu4OlTrA-t97fzMDr0sZ1qbzMCZzMWBOv5twfGrdQXpwvU82TnWZR7G7Yg_a7G1K-roe7t9B4Va-NXIgchGjUvAoCYIPQtq76DFp12UHCYUxZ1LMwoQEEUEIIJx715v3B-SvN6o:1t6NR4:wig9_gYaSR7Wcsrie1a_jxjMig91KEsDb3gnIPylt1o','2024-11-14 05:09:30.814066'),('3221656cu8bk6ggi8ihz2d9ygrjn2yuj','.eJxVjEEOwiAUBe_C2hCBAtWle89AHvyPVA0kpV0Z765NutDtm5n3EgHrUsLaeQ4TibPQ4vC7RaQH1w3QHfXWZGp1macoN0XutMtrI35edvfvoKCXb52UzrDE2SlFHkmx9bDZjZ70gBMbq72HOw4mW5t0NGNm5KSMMmAPiPcH-ZM4hg:1seVKW:-L_2q9FQ7fhqP2JZJjsgv04ccW9LNMQa1xLPHlkx4U4','2024-08-29 07:55:32.304290'),('3kzr9ioumddiytx0xk113pdxhzs9e7wb','.eJxVjDEOwjAMRe-SGUW1SaOYkZ0zVHbikAJKpaadKu4OlTrA-t97fzMDr0sZ1qbzMCZzMWBOv5twfGrdQXpwvU82TnWZR7G7Yg_a7G1K-roe7t9B4Va-NXIgchGjUvAoCYIPQtq76DFp12UHCYUxZ1LMwoQEEUEIIJx715v3B-SvN6o:1spjBd:74uVY-OOaV4g-G9EkIYPLuwCMaSJ-CV3uPdVGjZwKjc','2024-09-29 06:56:45.703247'),('5qkba8hc9ghb9nkabjqymptxbz2zf480','.eJxVjDEOwjAMRe-SGUW1SaOYkZ0zVHbikAJKpaadKu4OlTrA-t97fzMDr0sZ1qbzMCZzMWBOv5twfGrdQXpwvU82TnWZR7G7Yg_a7G1K-roe7t9B4Va-NXIgchGjUvAoCYIPQtq76DFp12UHCYUxZ1LMwoQEEUEIIJx715v3B-SvN6o:1sin0g:ZhlXvqPyIRB-PMGiv2jXyWw_eGM4Jyi_pt-KXqqmQBk','2024-09-10 03:36:46.117972'),('5zjowcs6gujrr7265rfk5g9ji1e3j5pl','.eJxVjDEOwjAMRe-SGUW1SaOYkZ0zVHbikAJKpaadKu4OlTrA-t97fzMDr0sZ1qbzMCZzMWBOv5twfGrdQXpwvU82TnWZR7G7Yg_a7G1K-roe7t9B4Va-NXIgchGjUvAoCYIPQtq76DFp12UHCYUxZ1LMwoQEEUEIIJx715v3B-SvN6o:1sjcmS:Hw9Wr3o9F25IodHGK7tXk4xx-ld1r9xdYTZyEx55bwA','2024-09-12 10:53:32.225690'),('93uqs2c4hxeyrmpwpg35d5mcy0nsnch0','.eJxVjDEOwjAMRe-SGUW1SaOYkZ0zVHbikAJKpaadKu4OlTrA-t97fzMDr0sZ1qbzMCZzMWBOv5twfGrdQXpwvU82TnWZR7G7Yg_a7G1K-roe7t9B4Va-NXIgchGjUvAoCYIPQtq76DFp12UHCYUxZ1LMwoQEEUEIIJx715v3B-SvN6o:1syVga:3QNjX9ONHWTqnmXTQM3WZBl_pS-Rai0hX6vh_pk8E9c','2024-10-23 12:21:00.765158'),('a0rtvl7u8v8mmwzii270tveecwk66crl','.eJxVjDEOwjAMRe-SGUW1SaOYkZ0zVHbikAJKpaadKu4OlTrA-t97fzMDr0sZ1qbzMCZzMWBOv5twfGrdQXpwvU82TnWZR7G7Yg_a7G1K-roe7t9B4Va-NXIgchGjUvAoCYIPQtq76DFp12UHCYUxZ1LMwoQEEUEIIJx715v3B-SvN6o:1sYn8l:8NvITsc-3YDEKYyGZI722sR7yRyZBluOD5sIMOg_clQ','2024-08-13 13:43:47.650686'),('b3iixo23p18elmbm2wpxfd69uaeotm4u','.eJxVjDEOwjAMRe-SGUW1SaOYkZ0zVHbikAJKpaadKu4OlTrA-t97fzMDr0sZ1qbzMCZzMWBOv5twfGrdQXpwvU82TnWZR7G7Yg_a7G1K-roe7t9B4Va-NXIgchGjUvAoCYIPQtq76DFp12UHCYUxZ1LMwoQEEUEIIJx715v3B-SvN6o:1sin2M:QVfLP2rtJSHcumQdkBYP-3oHKyRKP2s9OmrhkGYJMSk','2024-09-10 03:38:30.475422'),('bjypkzplkqashyuo5ivh43pdpeyn0w2x','.eJxVjEEOwiAUBe_C2hCBAtWle89AHvyPVA0kpV0Z765NutDtm5n3EgHrUsLaeQ4TibPQ4vC7RaQH1w3QHfXWZGp1macoN0XutMtrI35edvfvoKCXb52UzrDE2SlFHkmx9bDZjZ70gBMbq72HOw4mW5t0NGNm5KSMMmAPiPcH-ZM4hg:1t6Ncd:-ZSmN4v-JyN66PDh5llpuqLlILgwBlIKWRmN6K1ZQ70','2024-11-14 05:21:27.077909'),('f3qbs0zy47hbrvsbzsn71ljh5ds9285f','.eJxVjDEOwjAMRe-SGUW1SaOYkZ0zVHbikAJKpaadKu4OlTrA-t97fzMDr0sZ1qbzMCZzMWBOv5twfGrdQXpwvU82TnWZR7G7Yg_a7G1K-roe7t9B4Va-NXIgchGjUvAoCYIPQtq76DFp12UHCYUxZ1LMwoQEEUEIIJx715v3B-SvN6o:1suq7f:Dv6mGY-3Vx0Z5NW_0nWfYAXflU1NoHK04vrw1jrXiuI','2024-10-13 09:21:47.835865'),('kjoj8dfg6wtbds1cgx3pytwhsap6qck5','.eJxVjDEOwjAMRe-SGUW1SaOYkZ0zVHbikAJKpaadKu4OlTrA-t97fzMDr0sZ1qbzMCZzMWBOv5twfGrdQXpwvU82TnWZR7G7Yg_a7G1K-roe7t9B4Va-NXIgchGjUvAoCYIPQtq76DFp12UHCYUxZ1LMwoQEEUEIIJx715v3B-SvN6o:1t2oMN:SzrqjD3hYO-A9wXcTd7Pj0LhFo4C9Cgmnn9SBU43PIs','2024-11-04 09:05:55.876560'),('uhmha7hsamr82nrw10mmew296y0g4cob','.eJxVjDEOwjAMRe-SGUW1SaOYkZ0zVHbikAJKpaadKu4OlTrA-t97fzMDr0sZ1qbzMCZzMWBOv5twfGrdQXpwvU82TnWZR7G7Yg_a7G1K-roe7t9B4Va-NXIgchGjUvAoCYIPQtq76DFp12UHCYUxZ1LMwoQEEUEIIJx715v3B-SvN6o:1t3aqG:VnQcq2XLC4RqnMfCJZaP9oOnkVrcwA2lcGKaeAPW4yI','2024-11-06 12:52:00.463851'),('v9hphspexh0s6ecvbl1fuvey0fzdzp5w','.eJxVjEEOwiAUBe_C2hCBAtWle89AHvyPVA0kpV0Z765NutDtm5n3EgHrUsLaeQ4TibPQ4vC7RaQH1w3QHfXWZGp1macoN0XutMtrI35edvfvoKCXb52UzrDE2SlFHkmx9bDZjZ70gBMbq72HOw4mW5t0NGNm5KSMMmAPiPcH-ZM4hg:1sgdko:Qu_NEGn_jSVfaX5lTN34e8zN6Bosq798VoRTLP_5es8','2024-09-04 05:19:30.012730'),('vpl7evqmh20qi2o723qbhm5fyvcgo5pc','.eJxVjDEOwjAMRe-SGUW1SaOYkZ0zVHbikAJKpaadKu4OlTrA-t97fzMDr0sZ1qbzMCZzMWBOv5twfGrdQXpwvU82TnWZR7G7Yg_a7G1K-roe7t9B4Va-NXIgchGjUvAoCYIPQtq76DFp12UHCYUxZ1LMwoQEEUEIIJx715v3B-SvN6o:1seV8n:O7sz5VixM05BLjVvAHPz6A6yTCNYi4UxdoFk1MqP_-4','2024-08-29 07:43:25.648284'),('wl403fc02d7pmrtt84bd5dhk2nt8mofs','.eJxVjDEOwjAMRe-SGUW1SaOYkZ0zVHbikAJKpaadKu4OlTrA-t97fzMDr0sZ1qbzMCZzMWBOv5twfGrdQXpwvU82TnWZR7G7Yg_a7G1K-roe7t9B4Va-NXIgchGjUvAoCYIPQtq76DFp12UHCYUxZ1LMwoQEEUEIIJx715v3B-SvN6o:1stMdG:xoEsJi5s1YMaWSGynWxgDOkeJA_bCSHjg7-Hjj7gBQc','2024-10-09 07:40:18.033524');
/*!40000 ALTER TABLE `django_session` ENABLE KEYS */;
UNLOCK TABLES;

--
-- Table structure for table `issue_item_issueitem`
--

DROP TABLE IF EXISTS `issue_item_issueitem`;
/*!40101 SET @saved_cs_client     = @@character_set_client */;
/*!50503 SET character_set_client = utf8mb4 */;
CREATE TABLE `issue_item_issueitem` (
  `id` bigint NOT NULL AUTO_INCREMENT,
  `serial` varchar(20) DEFAULT NULL,
  `cmo` varchar(20) DEFAULT NULL,
  `received_by` varchar(100) DEFAULT NULL,
  `meter_no` varchar(100) DEFAULT NULL,
  `reading` varchar(50) DEFAULT NULL,
  `main_seal` varchar(50) DEFAULT NULL,
  `body_seal1` varchar(50) DEFAULT NULL,
  `body_seal2` varchar(50) DEFAULT NULL,
  `mfg` varchar(50) DEFAULT NULL,
  `total_j31` int NOT NULL,
  `created_date` datetime(6) DEFAULT NULL,
  `updated_date` datetime(6) DEFAULT NULL,
  `created_by_id` bigint DEFAULT NULL,
  `item_id` bigint NOT NULL,
  `office_id` bigint NOT NULL,
  `updated_by_id` bigint DEFAULT NULL,
  PRIMARY KEY (`id`),
  KEY `issue_item_issueitem_created_by_id_bc53ef87_fk_accounts_` (`created_by_id`),
  KEY `issue_item_issueitem_item_id_8b024667_fk_balance_reg_item_id` (`item_id`),
  KEY `issue_item_issueitem_office_id_16970a70_fk_accounts_office_id` (`office_id`),
  KEY `issue_item_issueitem_updated_by_id_4b9ee0c4_fk_accounts_` (`updated_by_id`),
  CONSTRAINT `issue_item_issueitem_created_by_id_bc53ef87_fk_accounts_` FOREIGN KEY (`created_by_id`) REFERENCES `accounts_customuser` (`id`),
  CONSTRAINT `issue_item_issueitem_item_id_8b024667_fk_balance_reg_item_id` FOREIGN KEY (`item_id`) REFERENCES `balance_reg_item` (`id`),
  CONSTRAINT `issue_item_issueitem_office_id_16970a70_fk_accounts_office_id` FOREIGN KEY (`office_id`) REFERENCES `accounts_office` (`id`),
  CONSTRAINT `issue_item_issueitem_updated_by_id_4b9ee0c4_fk_accounts_` FOREIGN KEY (`updated_by_id`) REFERENCES `accounts_customuser` (`id`)
) ENGINE=InnoDB DEFAULT CHARSET=utf8mb4 COLLATE=utf8mb4_0900_ai_ci;
/*!40101 SET character_set_client = @saved_cs_client */;

--
-- Dumping data for table `issue_item_issueitem`
--

LOCK TABLES `issue_item_issueitem` WRITE;
/*!40000 ALTER TABLE `issue_item_issueitem` DISABLE KEYS */;
/*!40000 ALTER TABLE `issue_item_issueitem` ENABLE KEYS */;
UNLOCK TABLES;

--
-- Table structure for table `issue_item_sealissue`
--

DROP TABLE IF EXISTS `issue_item_sealissue`;
/*!40101 SET @saved_cs_client     = @@character_set_client */;
/*!50503 SET character_set_client = utf8mb4 */;
CREATE TABLE `issue_item_sealissue` (
  `id` bigint NOT NULL AUTO_INCREMENT,
  `item` varchar(20) DEFAULT NULL,
  `cmo` varchar(20) DEFAULT NULL,
  `book` varchar(10) DEFAULT NULL,
  `account` varchar(10) DEFAULT NULL,
  `received_by` varchar(100) DEFAULT NULL,
  `main_seal` varchar(50) DEFAULT NULL,
  `created_date` datetime(6) DEFAULT NULL,
  `updated_date` datetime(6) DEFAULT NULL,
  `created_by_id` bigint DEFAULT NULL,
  `office_id` bigint NOT NULL,
  `updated_by_id` bigint DEFAULT NULL,
  PRIMARY KEY (`id`),
  KEY `issue_item_sealissue_created_by_id_f3b9c3f7_fk_accounts_` (`created_by_id`),
  KEY `issue_item_sealissue_office_id_74f98e6e_fk_accounts_office_id` (`office_id`),
  KEY `issue_item_sealissue_updated_by_id_6dc5b7a9_fk_accounts_` (`updated_by_id`),
  CONSTRAINT `issue_item_sealissue_created_by_id_f3b9c3f7_fk_accounts_` FOREIGN KEY (`created_by_id`) REFERENCES `accounts_customuser` (`id`),
  CONSTRAINT `issue_item_sealissue_office_id_74f98e6e_fk_accounts_office_id` FOREIGN KEY (`office_id`) REFERENCES `accounts_office` (`id`),
  CONSTRAINT `issue_item_sealissue_updated_by_id_6dc5b7a9_fk_accounts_` FOREIGN KEY (`updated_by_id`) REFERENCES `accounts_customuser` (`id`)
) ENGINE=InnoDB DEFAULT CHARSET=utf8mb4 COLLATE=utf8mb4_0900_ai_ci;
/*!40101 SET character_set_client = @saved_cs_client */;

--
-- Dumping data for table `issue_item_sealissue`
--

LOCK TABLES `issue_item_sealissue` WRITE;
/*!40000 ALTER TABLE `issue_item_sealissue` DISABLE KEYS */;
/*!40000 ALTER TABLE `issue_item_sealissue` ENABLE KEYS */;
UNLOCK TABLES;

--
-- Table structure for table `test_data_manufacturer`
--

DROP TABLE IF EXISTS `test_data_manufacturer`;
/*!40101 SET @saved_cs_client     = @@character_set_client */;
/*!50503 SET character_set_client = utf8mb4 */;
CREATE TABLE `test_data_manufacturer` (
  `id` bigint NOT NULL AUTO_INCREMENT,
  `name` varchar(20) DEFAULT NULL,
  `kh` varchar(5) DEFAULT NULL,
  `meter_class` varchar(5) DEFAULT NULL,
  `meter_type` varchar(20) DEFAULT NULL,
  `LL_TA` varchar(5) NOT NULL,
  `FL_TA` varchar(5) NOT NULL,
  `LL_rev` varchar(5) NOT NULL,
  `FL_rev` varchar(5) NOT NULL,
  `standerd_rev_req_ll` varchar(10) DEFAULT NULL,
  `standerd_rev_req_fl` varchar(10) DEFAULT NULL,
  `item_no_id` bigint NOT NULL,
  `order` int unsigned NOT NULL,
  `test_to` longtext,
  PRIMARY KEY (`id`),
  KEY `test_data_manufactur_item_no_id_0cb1a15b_fk_balance_r` (`item_no_id`),
  CONSTRAINT `test_data_manufactur_item_no_id_0cb1a15b_fk_balance_r` FOREIGN KEY (`item_no_id`) REFERENCES `balance_reg_item` (`id`),
  CONSTRAINT `test_data_manufacturer_chk_1` CHECK ((`order` >= 0))
) ENGINE=InnoDB AUTO_INCREMENT=32 DEFAULT CHARSET=utf8mb4 COLLATE=utf8mb4_0900_ai_ci;
/*!40101 SET character_set_client = @saved_cs_client */;

--
-- Dumping data for table `test_data_manufacturer`
--

LOCK TABLES `test_data_manufacturer` WRITE;
/*!40000 ALTER TABLE `test_data_manufacturer` DISABLE KEYS */;
INSERT INTO `test_data_manufacturer` VALUES (1,'Techno-D','0.5','40',NULL,'1','10','2','10','4.63','23.15',1,0,NULL),(2,'B&T','0.625','40',NULL,'1','10','2','10','5.79','28.94',1,0,NULL),(3,'Pasha','0.625','40',NULL,'1','10','2','10','5.79','28.94',1,0,NULL),(4,'Holley','0.625','40',NULL,'1','10','2','10','5.79','28.94',1,0,NULL),(5,'Hexcell','0.625','40',NULL,'1','10','2','10','5.79','28.94',1,0,NULL),(6,'Hexing','0.625','40',NULL,'1','10','2','10','5.79','28.94',1,0,NULL),(7,'D Tech','0.5','40',NULL,'1','10','2','10','5.79','28.94',1,0,NULL),(8,'Power Plus','0.625','40',NULL,'1','10','2','10','5.79','28.94',1,0,NULL),(9,'Techno-A','2.222','40',NULL,'1','10','2','10','20.57','102.87',4,0,NULL),(10,'Hosaf-A','0.625','40',NULL,'1','10','2','10','20.57','102.87',4,0,NULL),(11,'Hosaf-D','0.625','40',NULL,'1','10','2','10','5.79','28.94',1,0,NULL),(12,'Hexing-3','10','200',NULL,'1','10','2','10','0','0',2,0,NULL),(13,'General','2.5','40',NULL,'1','10','2','10','23.15','115.7',4,0,NULL),(14,'Smart','0.625','40',NULL,'1','10','2','10','5.79','28.94',1,0,NULL),(15,'Fuji','2.5','40',NULL,'1','10','2','10','23.15','115.7',4,0,NULL),(16,'TVA','2.222','40',NULL,'1','10','2','10','20.57','102.87',4,0,NULL),(17,'Gaus','2.222','40',NULL,'1','10','2','10','20.57','102.87',4,0,NULL),(18,'Hay-A','2.222','40',NULL,'1','10','2','10','20.57','102.87',4,0,NULL),(19,'Hay-D','0.625','40',NULL,'1','10','2','10','5.79','28.94',1,0,NULL),(20,'Schlumberger','2.4','40',NULL,'1','10','2','10','22.22','111.11',4,0,NULL),(21,'Zhejeang','2.222','40',NULL,'1','10','2','10','20.57','102.87',4,0,NULL),(22,'HuaYi','2.222','40',NULL,'1','10','2','10','20.57','102.87',4,0,NULL),(23,'Wasion(LIBRA)','21.6','200','LIBRA','1','10','2','10','0','0',2,0,NULL),(24,'ChungHsin','21.6','200',NULL,'1','10','2','10','0','0',5,0,NULL),(25,'MT(Hangzhou)','10.0','200',NULL,'1','10','2','10','0','0',2,0,NULL),(26,'Echo','0.625','40',NULL,'1','10','2','10','5.79','28.94',1,0,NULL),(27,'Holley-3','5.0','200','DTSD546','1','30','2','10',NULL,NULL,2,0,NULL),(28,'Fae','2.222','40',NULL,'1','10','2','10','20.57','102.87',4,1,'PBS'),(29,'Itron','21.6','200',NULL,'1','30','2','10',NULL,NULL,2,2,'BREB'),(30,'Hexing-3','2.5','20',NULL,'1','2.5','2','10',NULL,NULL,3,3,'BREB'),(31,'Wasion-(LIBRA)','2.5','20',NULL,'1','2.5','2','10',NULL,NULL,3,4,'BREB');
/*!40000 ALTER TABLE `test_data_manufacturer` ENABLE KEYS */;
UNLOCK TABLES;

--
-- Table structure for table `test_data_results`
--

DROP TABLE IF EXISTS `test_data_results`;
/*!40101 SET @saved_cs_client     = @@character_set_client */;
/*!50503 SET character_set_client = utf8mb4 */;
CREATE TABLE `test_data_results` (
  `id` bigint NOT NULL AUTO_INCREMENT,
  `name` varchar(100) NOT NULL,
  `details` varchar(1000) DEFAULT NULL,
  `remark` longtext,
  `office_id` bigint NOT NULL,
  `order` int unsigned NOT NULL,
  PRIMARY KEY (`id`),
  KEY `test_data_results_office_id_b241d18e_fk_accounts_office_id` (`office_id`),
  CONSTRAINT `test_data_results_office_id_b241d18e_fk_accounts_office_id` FOREIGN KEY (`office_id`) REFERENCES `accounts_office` (`id`),
  CONSTRAINT `test_data_results_chk_1` CHECK ((`order` >= 0))
) ENGINE=InnoDB AUTO_INCREMENT=26 DEFAULT CHARSET=utf8mb4 COLLATE=utf8mb4_0900_ai_ci;
/*!40101 SET character_set_client = @saved_cs_client */;

--
-- Dumping data for table `test_data_results`
--

LOCK TABLES `test_data_results` WRITE;
/*!40000 ALTER TABLE `test_data_results` DISABLE KEYS */;
INSERT INTO `test_data_results` VALUES (1,'OK','  ',' ',1,0),(2,'IMD','    ',' ',1,3),(3,'3 OK','    ','    ',1,10),(4,'3 Burn',' ','    ',1,11),(5,'ICD','    ',' ',1,4),(6,'Rust','       ',' ',1,1),(7,'IBD','     ',' ',1,5),(8,'LCD','   LCD  ',' ',1,9),(9,'WSP','     ',' ',1,24),(10,'Broken',' ',' ',1,15),(11,'Burn',' ',' ',1,8),(12,'Burn base','  ',' ',1,16),(13,'NGD','       ',' ',1,18),(14,'ICB','   ',' ',1,6),(15,'LB','   ',' ',1,19),(16,'SB','   ',' ',1,21),(17,'Red','         ',' ',1,20),(18,'Down','         ',' ',1,17),(19,'Auto_imp','           ',' ',1,7),(20,'Blink','       ',' ',1,13),(21,'Water','      ',' ',1,22),(22,'Base Burn',' / ','    ',1,12),(23,'White Display','    ','    ',1,23),(24,'Broken',' ','    ',1,14),(25,'Rust Burn','       , ',' ',1,2);
/*!40000 ALTER TABLE `test_data_results` ENABLE KEYS */;
UNLOCK TABLES;

--
-- Table structure for table `test_data_results_items`
--

DROP TABLE IF EXISTS `test_data_results_items`;
/*!40101 SET @saved_cs_client     = @@character_set_client */;
/*!50503 SET character_set_client = utf8mb4 */;
CREATE TABLE `test_data_results_items` (
  `id` bigint NOT NULL AUTO_INCREMENT,
  `results_id` bigint NOT NULL,
  `item_id` bigint NOT NULL,
  PRIMARY KEY (`id`),
  UNIQUE KEY `test_data_results_items_results_id_item_id_e97638bf_uniq` (`results_id`,`item_id`),
  KEY `test_data_results_items_item_id_03047e62_fk_balance_reg_item_id` (`item_id`),
  CONSTRAINT `test_data_results_it_results_id_4448ede7_fk_test_data` FOREIGN KEY (`results_id`) REFERENCES `test_data_results` (`id`),
  CONSTRAINT `test_data_results_items_item_id_03047e62_fk_balance_reg_item_id` FOREIGN KEY (`item_id`) REFERENCES `balance_reg_item` (`id`)
) ENGINE=InnoDB AUTO_INCREMENT=45 DEFAULT CHARSET=utf8mb4 COLLATE=utf8mb4_0900_ai_ci;
/*!40101 SET character_set_client = @saved_cs_client */;

--
-- Dumping data for table `test_data_results_items`
--

LOCK TABLES `test_data_results_items` WRITE;
/*!40000 ALTER TABLE `test_data_results_items` DISABLE KEYS */;
INSERT INTO `test_data_results_items` VALUES (4,1,1),(5,1,4),(24,2,1),(25,2,4),(26,3,2),(27,3,3),(28,3,5),(29,3,6),(1,4,2),(2,4,3),(3,4,5),(30,5,1),(31,6,4),(32,7,1),(33,8,1),(34,9,1),(22,10,1),(23,10,4),(20,11,1),(21,11,4),(18,12,1),(19,12,4),(17,13,1),(16,14,1),(14,15,1),(15,15,4),(12,16,1),(13,16,4),(11,17,1),(10,18,1),(6,19,1),(9,20,1),(7,21,1),(8,21,4),(35,22,2),(36,22,3),(37,22,5),(38,23,2),(39,23,3),(40,23,5),(41,24,2),(42,24,3),(43,24,5),(44,25,4);
/*!40000 ALTER TABLE `test_data_results_items` ENABLE KEYS */;
UNLOCK TABLES;

--
-- Table structure for table `test_data_test_data`
--

DROP TABLE IF EXISTS `test_data_test_data`;
/*!40101 SET @saved_cs_client     = @@character_set_client */;
/*!50503 SET character_set_client = utf8mb4 */;
CREATE TABLE `test_data_test_data` (
  `id` bigint NOT NULL AUTO_INCREMENT,
  `tested_meter_no` varchar(20) DEFAULT NULL,
  `reading_as_found` varchar(20) NOT NULL,
  `reading_as_left` varchar(20) NOT NULL,
  `multiplier` varchar(20) NOT NULL,
  `cmo` varchar(20) DEFAULT NULL,
  `book` varchar(3) DEFAULT NULL,
  `account` varchar(4) DEFAULT NULL,
  `manufacturer` varchar(30) DEFAULT NULL,
  `meter_class` varchar(5) DEFAULT NULL,
  `meter_item` varchar(100) DEFAULT NULL,
  `kh` varchar(5) DEFAULT NULL,
  `LL_TA` varchar(5) NOT NULL,
  `FL_TA` varchar(5) NOT NULL,
  `LL_rev` varchar(5) NOT NULL,
  `FL_rev` varchar(5) NOT NULL,
  `as_found_ll` varchar(10) DEFAULT NULL,
  `as_found_fl` varchar(10) DEFAULT NULL,
  `percent_found_ll` varchar(10) DEFAULT NULL,
  `percent_found_fl` varchar(10) DEFAULT NULL,
  `error_ll` varchar(10) DEFAULT NULL,
  `error_fl` varchar(10) DEFAULT NULL,
  `as_left_ll` varchar(10) DEFAULT NULL,
  `as_left_fl` varchar(10) DEFAULT NULL,
  `percent_left_ll` varchar(10) DEFAULT NULL,
  `percent_left_fl` varchar(10) DEFAULT NULL,
  `error_left_ll` varchar(10) DEFAULT NULL,
  `error_left_fl` varchar(10) DEFAULT NULL,
  `standerd_rev_req_ll` varchar(10) DEFAULT NULL,
  `standerd_rev_req_fl` varchar(10) DEFAULT NULL,
  `terminal_seal` varchar(50) DEFAULT NULL,
  `terminal_seal_no` varchar(20) DEFAULT NULL,
  `terminal_seal_missing` varchar(100) DEFAULT NULL,
  `body_seal` varchar(50) DEFAULT NULL,
  `glass_cover` varchar(100) DEFAULT NULL,
  `test_clip` varchar(100) DEFAULT NULL,
  `remove_cause` varchar(255) DEFAULT NULL,
  `remove_date` date DEFAULT NULL,
  `comments` longtext,
  `remark` varchar(200) DEFAULT NULL,
  `cmo_type` varchar(50) DEFAULT NULL,
  `purchase_order` varchar(100) NOT NULL,
  `created_date` date DEFAULT NULL,
  `updated_date` datetime(6) DEFAULT NULL,
  `checked_date` datetime(6) DEFAULT NULL,
  `counter_sign_date` datetime(6) DEFAULT NULL,
  `received_date` datetime(6) DEFAULT NULL,
  `checked_by_id` bigint DEFAULT NULL,
  `counter_sign_by_id` bigint DEFAULT NULL,
  `created_by_id` bigint DEFAULT NULL,
  `office_id` bigint NOT NULL,
  `received_by_id` bigint DEFAULT NULL,
  `updated_by_id` bigint DEFAULT NULL,
  `install_date` date DEFAULT NULL,
  `result` int unsigned NOT NULL,
  PRIMARY KEY (`id`),
  KEY `test_data_test_data_checked_by_id_856fc401_fk_accounts_` (`checked_by_id`),
  KEY `test_data_test_data_counter_sign_by_id_0912c179_fk_accounts_` (`counter_sign_by_id`),
  KEY `test_data_test_data_created_by_id_2b9752ae_fk_accounts_` (`created_by_id`),
  KEY `test_data_test_data_office_id_f0d67f2f_fk_accounts_office_id` (`office_id`),
  KEY `test_data_test_data_received_by_id_910002cc_fk_accounts_` (`received_by_id`),
  KEY `test_data_test_data_updated_by_id_32a708fd_fk_accounts_` (`updated_by_id`),
  CONSTRAINT `test_data_test_data_checked_by_id_856fc401_fk_accounts_` FOREIGN KEY (`checked_by_id`) REFERENCES `accounts_customuser` (`id`),
  CONSTRAINT `test_data_test_data_counter_sign_by_id_0912c179_fk_accounts_` FOREIGN KEY (`counter_sign_by_id`) REFERENCES `accounts_customuser` (`id`),
  CONSTRAINT `test_data_test_data_created_by_id_2b9752ae_fk_accounts_` FOREIGN KEY (`created_by_id`) REFERENCES `accounts_customuser` (`id`),
  CONSTRAINT `test_data_test_data_office_id_f0d67f2f_fk_accounts_office_id` FOREIGN KEY (`office_id`) REFERENCES `accounts_office` (`id`),
  CONSTRAINT `test_data_test_data_received_by_id_910002cc_fk_accounts_` FOREIGN KEY (`received_by_id`) REFERENCES `accounts_customuser` (`id`),
  CONSTRAINT `test_data_test_data_updated_by_id_32a708fd_fk_accounts_` FOREIGN KEY (`updated_by_id`) REFERENCES `accounts_customuser` (`id`),
  CONSTRAINT `test_data_test_data_chk_1` CHECK ((`result` >= 0))
) ENGINE=InnoDB AUTO_INCREMENT=724 DEFAULT CHARSET=utf8mb4 COLLATE=utf8mb4_0900_ai_ci;
/*!40101 SET character_set_client = @saved_cs_client */;

--
-- Dumping data for table `test_data_test_data`
--

LOCK TABLES `test_data_test_data` WRITE;
/*!40000 ALTER TABLE `test_data_test_data` DISABLE KEYS */;
INSERT INTO `test_data_test_data` VALUES (1,'18336154','2010','2010','1','31918','675','1026','B&T','40','J-39','0.625','1','10','2','10','--','--','--','--','--','--','--','--','--','--','--','--','5.79','28.94','','','','','','','',NULL,'           ',' ','Change','-','2024-08-15','2024-08-15 08:06:31.079325',NULL,NULL,NULL,NULL,NULL,2,1,NULL,2,NULL,0),(2,'19593867','4452','4452','1','32336','576','9315','B&T','40','J-39','0.625','1','10','2','10','--','--','--','--','--','--','--','--','--','--','--','--','5.79','28.94','','','','','','','',NULL,'           ',' ','Change','-','2024-08-15','2024-08-15 08:10:35.495566',NULL,NULL,NULL,NULL,NULL,2,1,NULL,2,NULL,0),(3,'119751','3229','3229.1','1','30585','60','1429','Techno-D','40','J-39','0.5','1','10','2','10','4.61','23.11','99.57','99.83','-0.43','-0.17','4.61','23.11','99.57','99.83','-0.43','-0.17','4.63','23.15','','','','','','','',NULL,'  ',' ','Change','-','2024-08-15','2024-08-15 08:11:25.953740',NULL,NULL,NULL,NULL,NULL,2,1,NULL,2,NULL,0),(4,'182118','3686','3686','1','32430','39','5376','Hosaf-D','40','J-39','0.625','1','10','2','10','--','--','--','--','--','--','--','--','--','--','--','--','5.79','28.94','','','','','','','',NULL,'           ',' ','Change','-','2024-08-15','2024-08-15 08:17:40.925368',NULL,NULL,NULL,NULL,NULL,2,1,NULL,2,NULL,0),(5,'501400970863','4368','4368','1','28542','136','3104','Hexing','40','J-39','0.625','1','10','2','10','--','--','--','--','--','--','--','--','--','--','--','--','5.79','28.94','','','','','','','',NULL,'     ',' ','Change','-','2024-08-15','2024-08-15 08:23:45.002292',NULL,NULL,NULL,NULL,NULL,2,1,NULL,2,NULL,0),(6,'1872515','288','288','1','29089','21','1125','Pasha','40','J-39','0.625','1','10','2','10','--','--','--','--','--','--','--','--','--','--','--','--','5.79','28.94','','','','','','','',NULL,'    ',' ','Change','-','2024-08-15','2024-08-15 08:24:27.156092',NULL,NULL,NULL,NULL,NULL,2,1,NULL,2,NULL,0),(7,'1696151','487','487','1','29090','21','2650','Pasha','40','J-39','0.625','1','10','2','10','--','--','--','--','--','--','--','--','--','--','--','--','5.79','28.94','',NULL,NULL,'',NULL,NULL,NULL,NULL,'    ',' ','Change','-','2024-08-15','2024-08-15 08:29:52.450941',NULL,NULL,NULL,NULL,NULL,2,1,NULL,2,NULL,0),(8,'2956305','182','182','1','29949','576','2085','Pasha','40','J-39','0.625','1','10','2','10','--','--','--','--','--','--','--','--','--','--','--','--','5.79','28.94','','','','','','','',NULL,'    ',' ','Change','-','2024-08-15','2024-08-15 08:30:52.326755',NULL,NULL,NULL,NULL,NULL,2,1,NULL,2,NULL,0),(9,'1759857','973','973','1','29950','576','2082','Pasha','40','J-39','0.625','1','10','2','10','--','--','--','--','--','--','--','--','--','--','--','--','5.79','28.94','','','','','','','',NULL,'    ',' ','Change','-','2024-08-15','2024-08-15 08:31:16.796733',NULL,NULL,NULL,NULL,NULL,2,1,NULL,2,NULL,0),(10,'00116002','8439','8439','1','30924','54','1094','Techno-D','40','J-39','0.5','1','10','2','10','--','--','--','--','--','--','--','--','--','--','--','--','4.63','23.15','','','','','','','',NULL,'    ',' ','Change','-','2024-08-15','2024-08-15 08:32:02.563887',NULL,NULL,NULL,NULL,NULL,2,1,NULL,2,NULL,0),(11,'00014270','5967','5967.1','1','31404','294','2604','Techno-D','40','J-39','0.5','1','10','2','10','4.63','23.20','100.00','100.22','0.00','0.22','4.63','23.20','100.00','100.22','0.00','0.22','4.63','23.15','','','','','','','',NULL,'  ',' ','Change','-','2024-08-15','2024-08-15 08:32:30.651877',NULL,NULL,NULL,NULL,NULL,2,1,NULL,2,NULL,0),(12,'18250225','3460','3460','1','32542','318','1105','B&T','40','J-39','0.625','1','10','2','10','--','--','--','--','--','--','--','--','--','--','--','--','5.79','28.94','','','','','','','',NULL,'           ',' ','Change','-','2024-08-15','2024-08-15 08:33:15.038849',NULL,NULL,NULL,NULL,NULL,2,1,NULL,2,NULL,0),(13,'19901715','19908','19908','1','32397','118','2410','B&T','40','J-39','0.625','1','10','2','10','--','--','--','--','--','--','--','--','--','--','--','--','5.79','28.94','','','','','','','',NULL,'           ',' ','Change','-','2024-08-15','2024-08-15 08:36:52.871511',NULL,NULL,NULL,NULL,NULL,2,1,NULL,2,NULL,0),(14,'19591749','2830','2830','1','32357','658','1392','B&T','40','J-39','0.625','1','10','2','10','--','--','--','--','--','--','--','--','--','--','--','--','5.79','28.94','','','','','','','',NULL,'           ',' ','Change','-','2024-08-15','2024-08-15 08:37:22.681938',NULL,NULL,NULL,NULL,NULL,2,1,NULL,2,NULL,0),(15,'20959356','1594','1594','1','32126','74','4233','B&T','40','J-39','0.625','1','10','2','10','--','--','--','--','--','--','--','--','--','--','--','--','5.79','28.94','','','','','','','',NULL,'           ',' ','Change','-','2024-08-15','2024-08-15 08:37:47.679718',NULL,NULL,NULL,NULL,NULL,2,1,NULL,2,NULL,0),(16,'00143602','1204','1204','1','32202','136','2201','Techno-D','40','J-39','0.5','1','10','2','10','--','--','--','--','--','--','--','--','--','--','--','--','4.63','23.15','','','','','','','',NULL,'    ',' ','Change','-','2024-08-15','2024-08-15 08:38:37.556137',NULL,NULL,NULL,NULL,NULL,2,1,NULL,2,NULL,0),(17,'18485391','7076','7076','1','31967','808','2200','B&T','40','J-39','0.625','1','10','2','10','--','--','--','--','--','--','--','--','--','--','--','--','5.79','28.94','','','','','','','',NULL,'           ',' ','Change','-','2024-08-15','2024-08-15 08:39:14.286286',NULL,NULL,NULL,NULL,NULL,2,1,NULL,2,NULL,0),(18,'21378454','60','60','1','31556','487','1025','B&T','40','J-39','0.625','1','10','2','10','--','--','--','--','--','--','--','--','--','--','--','--','5.79','28.94','','','','','','','',NULL,'         ',' ','Change','-','2024-08-15','2024-08-15 08:39:39.179085',NULL,NULL,NULL,NULL,NULL,2,1,NULL,2,NULL,0),(19,'19906131','3849','3849','1','32403','772','1260','B&T','40','J-39','0.625','1','10','2','10','--','--','--','--','--','--','--','--','--','--','--','--','5.79','28.94','','','','','','','',NULL,'           ',' ','Change','-','2024-08-15','2024-08-15 08:40:04.504791',NULL,NULL,NULL,NULL,NULL,2,1,NULL,2,NULL,0),(20,'18537596','4697','4697','1','32121','808','1790','B&T','40','J-39','0.625','1','10','2','10','--','--','--','--','--','--','--','--','--','--','--','--','5.79','28.94','','','','','','','',NULL,'           ',' ','Change','-','2024-08-15','2024-08-15 08:40:33.009544',NULL,NULL,NULL,NULL,NULL,2,1,NULL,2,NULL,0),(21,'18835815','3398','3398','1','32237','817','2100','B&T','40','J-39','0.625','1','10','2','10','--','--','--','--','--','--','--','--','--','--','--','--','5.79','28.94','','','','','','','',NULL,'           ',' ','Change','-','2024-08-15','2024-08-15 08:41:01.319993',NULL,NULL,NULL,NULL,NULL,2,1,NULL,2,NULL,0),(22,'19320403','3927','3927','1','32449','850','1068','Hexing','40','J-39','0.625','1','10','2','10','--','--','--','--','--','--','--','--','--','--','--','--','5.79','28.94','','','','','','','',NULL,'           ',' ','Change','-','2024-08-15','2024-08-15 08:41:31.480742',NULL,NULL,NULL,NULL,NULL,2,1,NULL,2,NULL,0),(23,'21050224','2223','2223','1','32847','675','1733','B&T','40','J-39','0.625','1','10','2','10','--','--','--','--','--','--','--','--','--','--','--','--','5.79','28.94','','','','','','','',NULL,'           ',' ','Change','-','2024-08-15','2024-08-15 08:41:59.619768',NULL,NULL,NULL,NULL,NULL,2,1,NULL,2,NULL,0),(24,'56251','4272','4272','1','32079','59','1854','Techno-D','40','J-39','0.5','1','10','2','10','--','--','--','--','--','--','--','--','--','--','--','--','4.63','23.15','','','','','','','',NULL,'     ',' ','Change','-','2024-08-15','2024-08-15 08:42:35.583401',NULL,NULL,NULL,NULL,NULL,2,1,NULL,2,NULL,0),(25,'19906515','1825','1825','1','32926','690','1670','B&T','40','J-39','0.625','1','10','2','10','--','--','--','--','--','--','--','--','--','--','--','--','5.79','28.94','','','','','','','',NULL,' ',' ','Remove','-','2024-08-15','2024-08-15 08:45:11.330406',NULL,NULL,NULL,NULL,NULL,2,1,NULL,2,NULL,0),(26,'4019712','3612','3612','1','32815','606','3015','B&T','40','J-39','0.625','1','10','2','10','--','--','--','--','--','--','--','--','--','--','--','--','5.79','28.94','','','','','','','',NULL,' ',' ','Remove','-','2024-08-15','2024-08-15 08:45:43.497887',NULL,NULL,NULL,NULL,NULL,2,1,NULL,2,NULL,0),(27,'827143','15048','15048','1','32812','611','3830','Techno-A','40','J-1','2.222','1','10','2','10','--','--','--','--','--','--','--','--','--','--','--','--','20.57','102.87','','','','','','','',NULL,'       ',' ','Remove','-','2024-08-15','2024-08-15 08:46:21.154612',NULL,NULL,NULL,NULL,NULL,2,1,NULL,2,NULL,0),(28,'00221721','1956','1956','1','32741','796','1441','Techno-D','40','J-39','0.5','1','10','2','10','--','--','--','--','--','--','--','--','--','--','--','--','4.63','23.15','','','','','','','',NULL,' ',' ','Remove','-','2024-08-15','2024-08-15 08:46:55.755715',NULL,NULL,NULL,NULL,NULL,2,1,NULL,2,NULL,0),(29,'494235','3304','3304','1','32708','850','1128','Hosaf-D','40','J-39','0.625','1','10','2','10','--','--','--','--','--','--','--','--','--','--','--','--','5.79','28.94','','','','','','','',NULL,' ',' ','Remove','-','2024-08-15','2024-08-15 08:47:32.125422',NULL,NULL,NULL,NULL,NULL,2,1,NULL,2,NULL,0),(30,'0360580','3285','3285','1','32704','145','8672','Pasha','40','J-39','0.625','1','10','2','10','--','--','--','--','--','--','--','--','--','--','--','--','5.79','28.94','','','','','','','',NULL,' ',' ','Remove','-','2024-08-15','2024-08-15 08:48:04.940002',NULL,NULL,NULL,NULL,NULL,2,1,NULL,2,NULL,0),(31,'21037770','1733','1733','1','32703','611','3818','B&T','40','J-39','0.625','1','10','2','10','--','--','--','--','--','--','--','--','--','--','--','--','5.79','28.94','','','','','','','',NULL,' ',' ','Remove','-','2024-08-15','2024-08-15 08:48:34.435494',NULL,NULL,NULL,NULL,NULL,2,1,NULL,2,NULL,0),(32,'2942749','x','x','1','32541','670','1755','Pasha','40','J-39','0.625','1','10','2','10','--','--','--','--','--','--','--','--','--','--','--','--','5.79','28.94','','','','','','','',NULL,' ',' ','Remove','-','2024-08-15','2024-08-15 08:49:03.222589',NULL,NULL,NULL,NULL,NULL,2,1,NULL,2,NULL,0),(33,'21035726','1646','1646.1','1','32540','30','1773','B&T','40','J-39','0.625','1','10','2','10','5.78','28.88','99.83','99.79','-0.17','-0.21','5.78','28.88','99.83','99.79','-0.17','-0.21','5.79','28.94','','','','','','','',NULL,'  ',' ','Remove','-','2024-08-15','2024-08-15 08:49:39.111290',NULL,NULL,NULL,NULL,NULL,2,1,NULL,2,NULL,0),(34,'500891','x','x','1','32546','132','8595','Hosaf-D','40','J-39','0.625','1','10','2','10','--','--','--','--','--','--','--','--','--','--','--','--','5.79','28.94','','','','','','','',NULL,' ',' ','Remove','-','2024-08-15','2024-08-15 08:50:24.623268',NULL,NULL,NULL,NULL,NULL,2,1,NULL,2,NULL,0),(35,'2658156','602','602','1','32544','605','4716','Pasha','40','J-39','0.625','1','10','2','10','--','--','--','--','--','--','--','--','--','--','--','--','5.79','28.94','','','','','','','',NULL,'    ',' ','Remove','-','2024-08-15','2024-08-15 08:51:02.000323',NULL,NULL,NULL,NULL,NULL,2,1,NULL,2,NULL,0),(36,'23416096','x','x','1','31916','508','1018','B&T','40','J-39','0.625','1','10','2','10','--','--','--','--','--','--','--','--','--','--','--','--','5.79','28.94','','','','','','','',NULL,' ',' ','Remove','-','2024-08-15','2024-08-15 08:51:35.684220',NULL,NULL,NULL,NULL,NULL,2,1,NULL,2,NULL,0),(37,'172606','6','6','1','32287','576','9436','Hosaf-D','40','J-39','0.625','1','10','2','10','--','--','--','--','--','--','--','--','--','--','--','--','5.79','28.94','','','','','','','',NULL,' ',' ','Remove','-','2024-08-15','2024-08-15 08:52:34.779107',NULL,NULL,NULL,NULL,NULL,2,1,NULL,2,NULL,0),(38,'2477455','847','847','1','32288','819','1215','Pasha','40','J-39','0.625','1','10','2','10','--','--','--','--','--','--','--','--','--','--','--','--','5.79','28.94','','','','','','','',NULL,' ',' ','Remove','-','2024-08-15','2024-08-15 08:53:05.880058',NULL,NULL,NULL,NULL,NULL,2,1,NULL,2,NULL,0),(39,'2633303','3064','3064.1','1','31664','133','1058','Pasha','40','J-39','0.625','1','10','2','10','5.79','28.98','100.00','100.14','0.00','0.14','5.79','28.98','100.00','100.14','0.00','0.14','5.79','28.94','','','','','','','',NULL,'  ',' ','Remove','-','2024-08-15','2024-08-15 08:53:37.278051',NULL,NULL,NULL,NULL,NULL,2,1,NULL,2,NULL,0),(40,'00149541','x','x','1','32428','585','1635','Techno-D','40','J-39','0.5','1','10','2','10','--','--','--','--','--','--','--','--','--','--','--','--','4.63','23.15','','','','','','','',NULL,' ',' ','Remove','-','2024-08-15','2024-08-15 08:54:20.358150',NULL,NULL,NULL,NULL,NULL,2,1,NULL,2,NULL,0),(41,'00097485','x','x','1','32424','720','4088','Techno-D','40','J-39','0.5','1','10','2','10','--','--','--','--','--','--','--','--','--','--','--','--','4.63','23.15','','','','','','','',NULL,'   ',' ','Remove','-','2024-08-15','2024-08-15 08:55:29.743371',NULL,NULL,NULL,NULL,NULL,2,1,NULL,2,NULL,0),(42,'00165853','23074','23074','1','32194','479','1855','Techno-A','40','J-1','2.222','1','10','2','10','--','--','--','--','--','--','--','--','--','--','--','--','20.57','102.87','','','','','','','',NULL,'       ',' ','Remove','-','2024-08-15','2024-08-15 08:56:31.870963',NULL,NULL,NULL,NULL,NULL,2,1,NULL,2,NULL,0),(43,'0672295','x','x','1','32191','27','4156','Power Plus','40','J-39','0.625','1','10','2','10','--','--','--','--','--','--','--','--','--','--','--','--','5.79','28.94','','','','','','','',NULL,' ',' ','Remove','-','2024-08-15','2024-08-15 08:57:07.076196',NULL,NULL,NULL,NULL,NULL,2,1,NULL,2,NULL,0),(44,'501400146077','x','x','1','32322','611','6520','Hexcell','40','J-39','0.625','1','10','2','10','--','--','--','--','--','--','--','--','--','--','--','--','5.79','28.94','','','','','','','',NULL,'     ',' ','Remove','-','2024-08-15','2024-08-15 08:57:49.971972',NULL,NULL,NULL,NULL,NULL,2,1,NULL,2,NULL,0),(45,'15568234','8091','8091.1','1','31799','133','1020','Hexing','40','J-39','0.625','1','10','2','10','5.77','28.89','99.65','99.83','-0.35','-0.17','5.77','28.89','99.65','99.83','-0.35','-0.17','5.79','28.94','','','','','','','',NULL,'  ',' ','Remove','-','2024-08-15','2024-08-15 08:58:34.299623',NULL,NULL,NULL,NULL,NULL,2,1,NULL,2,NULL,0),(46,'22114032','8853','8853','1','32578','120','1120','MT(Hangzhou)','200','J-3','10.0','1','10','2','10','--','--','--','--','--','--','--','--','--','--','--','--','0','0','','107427453','','','','',' ','2024-08-01','    ','    ','Remove','-','2024-08-15','2024-08-15 09:07:33.881078',NULL,NULL,NULL,NULL,NULL,2,1,NULL,2,NULL,0),(47,'00162412','21619','21619.1','1','32810','508','1275','Techno-A','40','J-1','2.222','1','10','2','10','20.48','102.66','99.56','99.80','-0.44','-0.20','20.48','102.66','99.56','99.80','-0.44','-0.20','20.57','102.87','','','','','','','',NULL,'       ',' ','Remove','-','2024-08-15','2024-08-15 09:12:51.981167',NULL,NULL,NULL,NULL,NULL,2,1,NULL,2,NULL,0),(48,'21054','3893','3893','1','32876','39','3292','B&T','40','J-39','0.625','1','10','2','10','--','--','--','--','--','--','--','--','--','--','--','--','5.79','28.94','','','','','','','',NULL,' ',' ','Remove','-','2024-08-15','2024-08-15 09:13:39.449150',NULL,NULL,NULL,NULL,NULL,2,1,NULL,2,NULL,0),(49,'21039805','9405','9405.1','1','32875','574','3046','B&T','40','J-39','0.625','1','10','2','10','5.81','28.86','100.35','99.72','0.35','-0.28','5.81','28.86','100.35','99.72','0.35','-0.28','5.79','28.94','','','','','','','',NULL,'  ',' ','Remove','-','2024-08-15','2024-08-15 10:25:39.105019',NULL,NULL,NULL,NULL,NULL,2,1,NULL,2,NULL,0),(50,'416162','1634','1634.1','1','32207','214','4135','Hosaf-D','40','J-39','0.625','1','10','2','10','5.81','28.86','100.35','99.72','0.35','-0.28','5.81','28.86','100.35','99.72','0.35','-0.28','5.79','28.94','','','','','','','',NULL,'  ',' ','Remove','-','2024-08-15','2024-08-15 10:26:15.599445',NULL,NULL,NULL,NULL,NULL,2,1,NULL,2,NULL,0),(51,'23440414','10234','10234','1','91826','122','1722','B&T','40','J-39','0.625','1','10','2','10','--','--','--','--','--','--','--','--','--','--','--','--','5.79','28.94','','','','','','','',NULL,'   ',' ','Remove','-','2024-08-15','2024-08-15 10:26:49.467400',NULL,NULL,NULL,NULL,NULL,2,1,NULL,2,NULL,0),(52,'2993097','x','x','1','92705','145','1585','Pasha','40','J-39','0.625','1','10','2','10','--','--','--','--','--','--','--','--','--','--','--','--','5.79','28.94','','','','','','','',NULL,' ',' ','Remove','-','2024-08-15','2024-08-15 10:27:31.378882',NULL,NULL,NULL,NULL,NULL,2,1,NULL,2,NULL,0),(53,'21423244','5','5','1','29078','41','3115','B&T','40','J-39','0.625','1','10','2','10','--','--','--','--','--','--','--','--','--','--','--','--','5.79','28.94','','','','','','','',NULL,'         ',' ','Remove','-','2024-08-15','2024-08-15 10:28:08.960921',NULL,NULL,NULL,NULL,NULL,2,1,NULL,2,NULL,0),(54,'18825507','17','17','1','30939','27','4387','B&T','40','J-39','0.625','1','10','2','10','--','--','--','--','--','--','--','--','--','--','--','--','5.79','28.94','','','','','','','',NULL,'         ',' ','Remove','-','2024-08-15','2024-08-15 10:28:34.642984',NULL,NULL,NULL,NULL,NULL,2,1,NULL,2,NULL,0),(55,'18805297','54','54','1','31505','817','2680','B&T','40','J-39','0.625','1','10','2','10','--','--','--','--','--','--','--','--','--','--','--','--','5.79','28.94','','','','','','','',NULL,'         ',' ','Change','-','2024-08-15','2024-08-15 10:29:10.713795',NULL,NULL,NULL,NULL,NULL,2,1,NULL,2,NULL,0),(56,'16691374','x','x','1','32101','776','1300','Echo','40','J-39','0.625','1','10','2','10','--','--','--','--','--','--','--','--','--','--','--','--','5.79','28.94','','','','','','','',NULL,'    ',' ','Change','-','2024-08-15','2024-08-15 10:31:34.129296',NULL,NULL,NULL,NULL,NULL,2,1,NULL,2,NULL,0),(57,'18822392','15','15','1','30751','132','3037','B&T','40','J-39','0.625','1','10','2','10','--','--','--','--','--','--','--','--','--','--','--','--','5.79','28.94','','','','','','','',NULL,'         ',' ','Change','-','2024-08-15','2024-08-15 10:33:36.964618',NULL,NULL,NULL,NULL,NULL,2,1,NULL,2,NULL,0),(58,'21398906','27','27','1','30746','132','2264','B&T','40','J-39','0.625','1','10','2','10','--','--','--','--','--','--','--','--','--','--','--','--','5.79','28.94','','','','','','','',NULL,'         ',' ','Change','-','2024-08-15','2024-08-15 10:34:08.895876',NULL,NULL,NULL,NULL,NULL,2,1,NULL,2,NULL,0),(59,'17647617','5','5','1','30778','132','8582','Hexing','40','J-39','0.625','1','10','2','10','--','--','--','--','--','--','--','--','--','--','--','--','5.79','28.94','','','','','','','',NULL,'         ',' ','Change','-','2024-08-15','2024-08-15 10:34:42.658245',NULL,NULL,NULL,NULL,NULL,2,1,NULL,2,NULL,0),(60,'18534763','10','10','1','30754','132','4106','B&T','40','J-39','0.625','1','10','2','10','--','--','--','--','--','--','--','--','--','--','--','--','5.79','28.94','','','','','','','',NULL,'         ',' ','Change','-','2024-08-15','2024-08-15 10:35:15.173007',NULL,NULL,NULL,NULL,NULL,2,1,NULL,2,NULL,0),(61,'18838','3400','3400','1','32942','27','4359','B&T','40','J-39','0.625','1','10','2','10','--','--','--','--','--','--','--','--','--','--','--','--','5.79','28.94','','','','','','','',NULL,'           ',' ','Change','-','2024-08-29','2024-08-29 06:56:33.531657',NULL,NULL,NULL,NULL,NULL,2,1,NULL,2,NULL,0),(62,'18826148','5640','5640','1','32951','576','3050','B&T','40','J-39','0.625','1','10','2','10','--','--','--','--','--','--','--','--','--','--','--','--','5.79','28.94','','','','','','','',NULL,'           ',' ','Change','BREB/DP/IF-69-111/132-2018-2019','2024-08-29','2024-08-29 06:57:15.975256',NULL,NULL,NULL,NULL,NULL,2,1,NULL,2,NULL,0),(63,'1724745','483','483','1','30450','609','2485','Pasha','40','J-39','0.625','1','10','2','10','--','--','--','--','--','--','--','--','--','--','--','--','5.79','28.94','','','','','','','',NULL,'    ',' ','Change','BREB/DP/IF-69-111/132-2018-2019','2024-08-29','2024-08-29 06:57:52.331316',NULL,NULL,NULL,NULL,NULL,2,1,NULL,2,NULL,0),(64,'19651439','17','17','1','30948','41','3283','B&T','40','J-39','0.625','1','10','2','10','--','--','--','--','--','--','--','--','--','--','--','--','5.79','28.94','','','','','','','',NULL,'         ',' ','Change','-','2024-08-29','2024-08-29 06:58:23.775515',NULL,NULL,NULL,NULL,NULL,2,1,NULL,2,NULL,0),(65,'448079','19038','19038','1','32187','609','1040','Techno-A','40','J-1','2.222','1','10','2','10','--','--','--','--','--','--','--','--','--','--','--','--','20.57','102.87','','','','','','','',NULL,'       ',' ','Change','-','2024-08-29','2024-08-29 06:59:01.253136',NULL,NULL,NULL,NULL,NULL,2,1,NULL,2,NULL,0),(66,'1702195527','x','x','1','30101','87','9630','Holley','40','J-39','0.625','1','10','2','10','--','--','--','--','--','--','--','--','--','--','--','--','5.79','28.94','','','','','','','',NULL,'   LCD  ',' ','Change','-','2024-08-29','2024-08-29 06:59:38.646555',NULL,NULL,NULL,NULL,NULL,2,1,NULL,2,NULL,0),(67,'21364862','90','90','1','31615','574','2985','B&T','40','J-39','0.625','1','10','2','10','--','--','--','--','--','--','--','--','--','--','--','--','5.79','28.94','','','','','','','',NULL,'         ',' ','Change','BREB/DP/IF-69-111/132-2018-2019','2024-08-29','2024-08-29 07:00:10.442518',NULL,NULL,NULL,NULL,NULL,2,1,NULL,2,NULL,0),(68,'00045874','9486','9486','1','29944','39','1056','Techno-D','40','J-39','0.5','1','10','2','10','--','--','--','--','--','--','--','--','--','--','--','--','4.63','23.15','','','','','','','',NULL,'    ',' ','Change','-','2024-08-29','2024-08-29 07:00:47.638945',NULL,NULL,NULL,NULL,NULL,2,1,NULL,2,NULL,0),(69,'1940340','2558','2558','1','29943','39','1219','Pasha','40','J-39','0.625','1','10','2','10','--','--','--','--','--','--','--','--','--','--','--','--','5.79','28.94','','','','','','','',NULL,'    ',' ','Change','-','2024-08-29','2024-08-29 07:01:35.071094',NULL,NULL,NULL,NULL,NULL,2,1,NULL,2,NULL,0),(70,'390880','2484','2484.1','1','31019','136','3146','Hosaf-D','40','J-39','0.625','1','10','2','10','5.81','28.95','100.35','100.03','0.35','0.03','5.81','28.95','100.35','100.03','0.35','0.03','5.79','28.94','','','','','','','',NULL,'  ',' ','Change','-','2024-08-29','2024-08-29 07:02:26.599378',NULL,NULL,NULL,NULL,NULL,2,1,NULL,2,NULL,0),(71,'19651176','775','775','1','30927','54','4906','B&T','40','J-39','0.625','1','10','2','10','--','--','--','--','--','--','--','--','--','--','--','--','5.79','28.94','','','','','','','',NULL,'    ',' ','Change','-','2024-08-29','2024-08-29 07:03:00.576395',NULL,NULL,NULL,NULL,NULL,2,1,NULL,2,NULL,0),(72,'2988383','1169','1169.1','1','32165','74','1161','Pasha','40','J-39','0.625','1','10','2','10','5.78','28.90','99.83','99.86','-0.17','-0.14','5.78','28.90','99.83','99.86','-0.17','-0.14','5.79','28.94','','','','','','','',NULL,'  ',' ','Change','-','2024-08-29','2024-08-29 07:03:29.319257',NULL,NULL,NULL,NULL,NULL,2,1,NULL,2,NULL,0),(73,'18491471','98','98','1','31822','294','2552','B&T','40','J-39','0.625','1','10','2','10','--','--','--','--','--','--','--','--','--','--','--','--','5.79','28.94','','','','','','','',NULL,'         ',' ','Change','-','2024-08-29','2024-08-29 07:04:20.619473',NULL,NULL,NULL,NULL,NULL,2,1,NULL,2,NULL,0),(74,'00008628','2673','2673.1','1','32293','630','2100','Techno-D','40','J-39','0.5','1','10','2','10','4.64','23.06','100.22','99.61','0.22','-0.39','4.64','23.06','100.22','99.61','0.22','-0.39','4.63','23.15','','','','','','','',NULL,'  ',' ','Change','-','2024-08-29','2024-08-29 07:05:00.791953',NULL,NULL,NULL,NULL,NULL,2,1,NULL,2,NULL,0),(75,'00001920','2067','2067.1','1','32286','54','4188','Techno-D','40','J-39','0.5','1','10','2','10','4.65','23.11','100.43','99.83','0.43','-0.17','4.65','23.11','100.43','99.83','0.43','-0.17','4.63','23.15','','','','','','','',NULL,'  ',' ','Change','-','2024-08-29','2024-08-29 07:05:44.186518',NULL,NULL,NULL,NULL,NULL,2,1,NULL,2,NULL,0),(76,'1940343','703','703','1','30921','54','4206','Pasha','40','J-39','0.625','1','10','2','10','--','--','--','--','--','--','--','--','--','--','--','--','5.79','28.94','','','','','','','',NULL,'    ',' ','Change','-','2024-08-29','2024-08-29 07:06:36.015287',NULL,NULL,NULL,NULL,NULL,2,1,NULL,2,NULL,0),(77,'18944105','1451','1451.1','1','30607','819','1165','B&T','40','J-39','0.625','1','10','2','10','5.80','28.81','100.17','99.55','0.17','-0.45','5.80','28.81','100.17','99.55','0.17','-0.45','5.79','28.94','','','','','','','',NULL,'  ',' ','Change','-','2024-08-29','2024-08-29 07:07:16.102878',NULL,NULL,NULL,NULL,NULL,2,1,NULL,2,NULL,0),(78,'18501204','17','17','1','30467','39','2006','B&T','40','J-39','0.625','1','10','2','10','--','--','--','--','--','--','--','--','--','--','--','--','5.79','28.94','','','','','','','',NULL,'         ',' ','Change','-','2024-08-29','2024-08-29 07:07:51.102517',NULL,NULL,NULL,NULL,NULL,2,1,NULL,2,NULL,0),(79,'18111128','x','x','1','32139','62','1066','B&T','40','J-39','0.625','1','10','2','10','--','--','--','--','--','--','--','--','--','--','--','--','5.79','28.94','','','','','','','',NULL,'    ',' ','Change','-','2024-08-29','2024-08-29 07:08:13.326259',NULL,NULL,NULL,NULL,NULL,2,1,NULL,2,NULL,0),(80,'1930','597','597','1','29911','670','4073','Pasha','40','J-39','0.625','1','10','2','10','--','--','--','--','--','--','--','--','--','--','--','--','5.79','28.94','','','','','','','',NULL,'    ',' ','Change','-','2024-08-29','2024-08-29 07:08:37.033878',NULL,NULL,NULL,NULL,NULL,2,1,NULL,2,NULL,0),(81,'2944039','15','15','1','29908','670','4053','Pasha','40','J-39','0.625','1','10','2','10','--','--','--','--','--','--','--','--','--','--','--','--','5.79','28.94','','','','','','','',NULL,'    ',' ','Change','-','2024-08-29','2024-08-29 07:09:08.782258',NULL,NULL,NULL,NULL,NULL,2,1,NULL,2,NULL,0),(82,'1871749','1295','1295','1','29910','670','4380','Pasha','40','J-39','0.625','1','10','2','10','--','--','--','--','--','--','--','--','--','--','--','--','5.79','28.94','','','','','','','',NULL,'    ',' ','Change','-','2024-08-29','2024-08-29 07:09:36.120032',NULL,NULL,NULL,NULL,NULL,2,1,NULL,2,NULL,0),(83,'1363693','16203','16203','1','29991','60','1381','Techno-A','40','J-1','2.222','1','10','2','10','--','--','--','--','--','--','--','--','--','--','--','--','20.57','102.87','','','','','','','',NULL,'       ',' ','Change','-','2024-08-29','2024-08-29 07:10:21.280853',NULL,NULL,NULL,NULL,NULL,2,1,NULL,2,NULL,0),(84,'2969940','x','x','1','32337','628','6855','Pasha','40','J-39','0.625','1','10','2','10','--','--','--','--','--','--','--','--','--','--','--','--','5.79','28.94','','','','','','','',NULL,'    ',' ','Change','-','2024-08-29','2024-08-29 07:11:02.411587',NULL,NULL,NULL,NULL,NULL,2,1,NULL,2,NULL,0),(85,'881702158127','x','x','1','30142','611','2708','Holley','40','J-39','0.625','1','10','2','10','--','--','--','--','--','--','--','--','--','--','--','--','5.79','28.94','','','','','','','',NULL,'    ',' ','Change','-','2024-08-29','2024-08-29 07:12:01.560660',NULL,NULL,NULL,NULL,NULL,2,1,NULL,2,NULL,0),(86,'501400955714','5734','5734.1','1','30144','611','5601','Hexcell','40','J-39','0.625','1','10','2','10','5.78','28.88','99.83','99.79','-0.17','-0.21','5.78','28.88','99.83','99.79','-0.17','-0.21','5.79','28.94','','','','','','','',NULL,'  ',' ','Change','-','2024-08-29','2024-08-29 07:12:32.436237',NULL,NULL,NULL,NULL,NULL,2,1,NULL,2,NULL,0),(87,'287300','6873','6873','1','30145','611','2345','Hosaf-A','40','J-1','0.625','1','10','2','10','--','--','--','--','--','--','--','--','--','--','--','--','20.57','102.87','','','','','','','',NULL,'       ',' ','Change','-','2024-08-29','2024-08-29 07:13:27.359923',NULL,NULL,NULL,NULL,NULL,2,1,NULL,2,NULL,0),(88,'18543684','x','x','1','31601','808','2550','B&T','40','J-39','0.625','1','10','2','10','--','--','--','--','--','--','--','--','--','--','--','--','5.79','28.94','','','','','','','',NULL,'    ',' ','Change','-','2024-08-29','2024-08-29 07:13:55.001921',NULL,NULL,NULL,NULL,NULL,2,1,NULL,2,NULL,0),(89,'18108466','x','x','1','31991','318','1125','B&T','40','J-39','0.625','1','10','2','10','--','--','--','--','--','--','--','--','--','--','--','--','5.79','28.94','','','','','','','',NULL,'    ',' ','Change','-','2024-08-29','2024-08-29 07:14:34.331662',NULL,NULL,NULL,NULL,NULL,2,1,NULL,2,NULL,0),(90,'45946','2614','2614.1','1','31970','605','3861','Techno-D','40','J-39','0.5','1','10','2','10','4.61','23.09','99.57','99.74','-0.43','-0.26','4.61','23.09','99.57','99.74','-0.43','-0.26','4.63','23.15','','','','','','','',NULL,'  ',' ','Change','-','2024-08-29','2024-08-29 07:15:06.139899',NULL,NULL,NULL,NULL,NULL,2,1,NULL,2,NULL,0),(91,'00142792','3397','3397','1','32358','132','8678','Techno-D','40','J-39','0.5','1','10','2','10','--','--','--','--','--','--','--','--','--','--','--','--','4.63','23.15','','','','','','','',NULL,'    ',' ','Change','-','2024-08-29','2024-08-29 07:15:33.245536',NULL,NULL,NULL,NULL,NULL,2,1,NULL,2,NULL,0),(92,'1737207','386','386','1','31344','32','3552','Pasha','40','J-39','0.625','1','10','2','10','--','--','--','--','--','--','--','--','--','--','--','--','5.79','28.94','','','','','','','',NULL,'    ',' ','Change','-','2024-08-29','2024-08-29 07:16:35.753846',NULL,NULL,NULL,NULL,NULL,2,1,NULL,2,NULL,0),(93,'1758783','x','x','1','31340','32','1055','Pasha','40','J-39','0.625','1','10','2','10','--','--','--','--','--','--','--','--','--','--','--','--','5.79','28.94','','','','','','','',NULL,'    ',' ','Change','-','2024-08-29','2024-08-29 07:16:57.036763',NULL,NULL,NULL,NULL,NULL,2,1,NULL,2,NULL,0),(94,'3000288','632','632','1','32320','318','5560','Pasha','40','J-39','0.625','1','10','2','10','--','--','--','--','--','--','--','--','--','--','--','--','5.79','28.94','','','','','','','',NULL,'    ',' ','Change','-','2024-08-29','2024-08-29 07:17:22.417323',NULL,NULL,NULL,NULL,NULL,2,1,NULL,2,NULL,0),(95,'0780988','x','x','1','30721','701','8000','Pasha','40','J-39','0.625','1','10','2','10','--','--','--','--','--','--','--','--','--','--','--','--','5.79','28.94','','','','','','','',NULL,'    ',' ','Change','-','2024-08-29','2024-08-29 07:17:49.506259',NULL,NULL,NULL,NULL,NULL,2,1,NULL,2,NULL,0),(96,'615566','3','3','1','31415','146','7638','B&T','40','J-39','0.625','1','10','2','10','--','--','--','--','--','--','--','--','--','--','--','--','5.79','28.94','','','','','','','',NULL,'         ',' ','Change','-','2024-08-29','2024-08-29 07:18:52.090963',NULL,NULL,NULL,NULL,NULL,2,1,NULL,2,NULL,0),(97,'18496044','8','8','1','30562','672','5310','B&T','40','J-39','0.625','1','10','2','10','--','--','--','--','--','--','--','--','--','--','--','--','5.79','28.94','','','','','','','',NULL,'         ',' ','Change','-','2024-08-29','2024-08-29 07:20:36.618164',NULL,NULL,NULL,NULL,NULL,2,1,NULL,2,NULL,0),(98,'127834','55866','55866','1','31676','495','2282','Gaus','40','J-1','2.222','1','10','2','10','--','--','--','--','--','--','--','--','--','--','--','--','20.57','102.87','','','','','','','',NULL,'       ',' ','Change','-','2024-08-29','2024-08-29 07:23:00.388744',NULL,NULL,NULL,NULL,NULL,2,1,NULL,2,NULL,0),(99,'00037118','2108','2108','1','31017','25','5811','Techno-D','40','J-39','0.5','1','10','2','10','--','--','--','--','--','--','--','--','--','--','--','--','4.63','23.15','','','','','','','',NULL,' ',' ','Change','-','2024-08-29','2024-08-29 07:24:06.487699',NULL,NULL,NULL,NULL,NULL,2,1,NULL,2,NULL,0),(100,'39597','x','x','1','31602','672','5000','Techno-D','40','J-39','0.5','1','10','2','10','--','--','--','--','--','--','--','--','--','--','--','--','4.63','23.15','','','','','','','',NULL,'    ',' ','Change','-','2024-08-29','2024-08-29 07:25:23.908722',NULL,NULL,NULL,NULL,NULL,2,1,NULL,2,NULL,0),(101,'19711131','8.2','8.2','1','31036','95','4507','B&T','40','J-39','0.625','1','10','2','10','--','--','--','--','--','--','--','--','--','--','--','--','5.79','28.94','','','','','','','',NULL,'         ',' ','Change','-','2024-08-29','2024-08-29 07:26:08.913420',NULL,NULL,NULL,NULL,NULL,2,1,NULL,2,NULL,0),(102,'19923843','599','599','1','28696','160','1007','B&T','40','J-39','0.625','1','10','2','10','--','--','--','--','--','--','--','--','--','--','--','--','4.63','23.15','',NULL,NULL,'',NULL,NULL,NULL,NULL,'    ',' ','Change','-','2024-08-29','2024-08-29 07:34:50.223591',NULL,NULL,NULL,NULL,NULL,2,1,NULL,2,NULL,0),(103,'21082092','x','x','1','31943','776','3874','B&T','40','J-39','0.625','1','10','2','10','--','--','--','--','--','--','--','--','--','--','--','--','5.79','28.94','','','','','','','',NULL,'    ',' ','Change','-','2024-08-29','2024-08-29 07:27:18.330972',NULL,NULL,NULL,NULL,NULL,2,1,NULL,2,NULL,0),(104,'1867433','5432','5432','1','30139','41','5055','Pasha','40','J-39','0.625','1','10','2','10','--','--','--','--','--','--','--','--','--','--','--','--','5.79','28.94','','','','','','','',NULL,'    ',' ','Change','-','2024-08-29','2024-08-29 07:27:48.508283',NULL,NULL,NULL,NULL,NULL,2,1,NULL,2,NULL,0),(105,'01400955733','4770','4770','1','30470','609','1105','Hexcell','40','J-39','0.625','1','10','2','10','--','--','--','--','--','--','--','--','--','--','--','--','5.79','28.94','','','','','','','',NULL,'     ',' ','Change','-','2024-08-29','2024-08-29 07:28:26.862052',NULL,NULL,NULL,NULL,NULL,2,1,NULL,2,NULL,0),(106,'18802665','682','682','1','30447','609','4522','B&T','40','J-39','0.625','1','10','2','10','--','--','--','--','--','--','--','--','--','--','--','--','5.79','28.94','','','','','','','',NULL,'    ',' ','Change','-','2024-08-29','2024-08-29 07:29:22.452798',NULL,NULL,NULL,NULL,NULL,2,1,NULL,2,NULL,0),(107,'1846552','555','555','1','29835','19','1640','Pasha','40','J-39','0.625','1','10','2','10','--','--','--','--','--','--','--','--','--','--','--','--','5.79','28.94','','','','','','','',NULL,'    ',' ','Change','-','2024-08-29','2024-08-29 07:29:57.053954',NULL,NULL,NULL,NULL,NULL,2,1,NULL,2,NULL,0),(108,'00069690','3570','3570.1','1','29445','656','1023','Techno-D','40','J-39','0.5','1','10','2','10','4.65','23.23','100.43','100.35','0.43','0.35','4.65','23.23','100.43','100.35','0.43','0.35','4.63','23.15','','','','','','','',NULL,'         ',' ','Change','-','2024-08-29','2024-08-29 07:30:41.416846',NULL,NULL,NULL,NULL,NULL,2,1,NULL,2,NULL,0),(109,'1719260','7478','7478.1','1','31177','62','1028','Pasha','40','J-39','0.625','1','10','2','10','5.76','28.88','99.48','99.79','-0.52','-0.21','5.76','28.88','99.48','99.79','-0.52','-0.21','5.79','28.94','','','','','','','',NULL,'  ',' ','Change','-','2024-08-29','2024-08-29 07:38:05.301600',NULL,NULL,NULL,NULL,NULL,2,1,NULL,2,NULL,0),(110,'2899286','1318','1318','1','30073','133','1089','Pasha','40','J-39','0.625','1','10','2','10','--','--','--','--','--','--','--','--','--','--','--','--','5.79','28.94','','','','','','','',NULL,'    ',' ','Change','-','2024-08-29','2024-08-29 07:38:53.843139',NULL,NULL,NULL,NULL,NULL,2,1,NULL,2,NULL,0),(111,'1837103','331','331','1','29440','155','1966','Pasha','40','J-39','0.625','1','10','2','10','--','--','--','--','--','--','--','--','--','--','--','--','5.79','28.94','','','','','','','',NULL,'    ',' ','Change','-','2024-08-29','2024-08-29 07:40:10.436374',NULL,NULL,NULL,NULL,NULL,2,1,NULL,2,NULL,0),(112,'17616568','224','224','1','92641','589','2451','Hexing','40','J-39','0.625','1','10','2','10','--','--','--','--','--','--','--','--','--','--','--','--','5.79','28.94','','','','','','','',NULL,'         ',' ','Change','-','2024-08-29','2024-08-29 11:31:17.882305',NULL,NULL,NULL,NULL,NULL,2,1,NULL,2,NULL,0),(113,'0797306','5156','5156','1','31903','32','2865','Hay-A','40','J-1','2.222','1','10','2','10','--','--','--','--','--','--','--','--','--','--','--','--','20.57','102.87','','','','','','','',NULL,'       ',' ','Change','-','2024-08-29','2024-08-29 11:31:50.644780',NULL,NULL,NULL,NULL,NULL,2,1,NULL,2,NULL,0),(114,'00000047','5131','5131.1','1','32295','132','2283','Techno-D','40','J-39','0.5','1','10','2','10','4.63','23.08','100.00','99.70','0.00','-0.30','4.63','23.08','100.00','99.70','0.00','-0.30','4.63','23.15','','','','','','','',NULL,'  ',' ','Change','-','2024-08-29','2024-08-29 11:32:25.272203',NULL,NULL,NULL,NULL,NULL,2,1,NULL,2,NULL,0),(115,'501401157853','15252','15252','1','32138','150','1373','Hexcell','40','J-39','0.625','1','10','2','10','--','--','--','--','--','--','--','--','--','--','--','--','5.79','28.94','','','','','','','',NULL,'     ',' ','Change','-','2024-08-29','2024-08-29 11:33:02.428791',NULL,NULL,NULL,NULL,NULL,2,1,NULL,2,NULL,0),(116,'222729','16572','16572.1','1','32360','32','2140','Gaus','40','J-1','2.222','1','10','2','10','20.54','102.47','99.85','99.61','-0.15','-0.39','20.54','102.47','99.85','99.61','-0.15','-0.39','20.57','102.87','','','','','','','',NULL,'       ',' ','Change','-','2024-08-29','2024-08-29 11:33:40.095531',NULL,NULL,NULL,NULL,NULL,2,1,NULL,2,NULL,0),(117,'5170176','31568','31568.1','1','32361','32','2115','Schlumberger','40','J-1','2.4','1','10','2','10','22.21','111.09','99.95','99.98','-0.05','-0.02','22.21','111.09','99.95','99.98','-0.05','-0.02','22.22','111.11','','','','','','','',NULL,'       ',' ','Change','-','2024-08-29','2024-08-29 11:34:38.135635',NULL,NULL,NULL,NULL,NULL,2,1,NULL,2,NULL,0),(118,'21360952','29','29','1','30625','736','3015','B&T','40','J-39','0.625','1','10','2','10','--','--','--','--','--','--','--','--','--','--','--','--','5.79','28.94','','','','','','','',NULL,'         ',' ','Change','-','2024-08-29','2024-08-29 11:35:09.349476',NULL,NULL,NULL,NULL,NULL,2,1,NULL,2,NULL,0),(119,'2686631','1518','1518','1','32314','100','4350','Pasha','40','J-39','0.625','1','10','2','10','--','--','--','--','--','--','--','--','--','--','--','--','5.79','28.94','','','','','','','',NULL,'    ',' ','Change','-','2024-08-29','2024-08-29 11:35:37.925569',NULL,NULL,NULL,NULL,NULL,2,1,NULL,2,NULL,0),(120,'00086734','3545','3545','1','31467','736','1287','Meter D.Tech','40','J-39','0.5','1','10','2','10','--','--','--','--','--','--','--','--','--','--','--','--','5.79','28.94','','','','','','','',NULL,'    ',' ','Change','-','2024-08-29','2024-08-29 11:36:16.265238',NULL,NULL,NULL,NULL,NULL,2,1,NULL,2,NULL,0),(121,'1841269','950','950.1','1','32365','480','1751','Pasha','40','J-39','0.625','1','10','2','10','5.80','28.84','100.17','99.65','0.17','-0.35','5.80','28.84','100.17','99.65','0.17','-0.35','5.79','28.94','','','','','','','',NULL,'  ',' ','Change','-','2024-09-01','2024-09-01 04:49:31.296504',NULL,NULL,NULL,NULL,NULL,2,1,NULL,2,NULL,0),(122,'35622','419','419.1','1','32454','332','3400','Pasha','40','J-39','0.625','1','10','2','10','5.78','29.03','99.83','100.31','-0.17','0.31','5.78','29.03','99.83','100.31','-0.17','0.31','5.79','28.94','','','','','','','',NULL,'  ',' ','Change','-','2024-09-01','2024-09-01 04:49:55.091316',NULL,NULL,NULL,NULL,NULL,2,1,NULL,2,NULL,0),(123,'00050555','721','721.1','1','32465','317','1110','Techno-D','40','J-39','0.5','1','10','2','10','4.61','23.05','99.57','99.57','-0.43','-0.43','4.61','23.05','99.57','99.57','-0.43','-0.43','4.63','23.15','','','','','','','',NULL,'  ',' ','Change','-','2024-09-01','2024-09-01 04:50:19.468689',NULL,NULL,NULL,NULL,NULL,2,1,NULL,2,NULL,0),(124,'00107679','19450','19450.1','1','31992','551','1070','Techno-D','40','J-39','0.5','1','10','2','10','4.64','23.10','100.22','99.78','0.22','-0.22','4.64','23.10','100.22','99.78','0.22','-0.22','4.63','23.15','','','','','','','',NULL,'  ',' ','Change','-','2024-09-01','2024-09-01 04:50:43.801850',NULL,NULL,NULL,NULL,NULL,2,1,NULL,2,NULL,0),(125,'00282115','8267','8267.1','1','32190','489','4025','Techno-D','40','J-39','0.5','1','10','2','10','4.64','23.22','100.22','100.30','0.22','0.30','4.64','23.22','100.22','100.30','0.22','0.30','4.63','23.15','','','','','','','',NULL,'  ',' ','Change','-','2024-09-01','2024-09-01 04:51:11.921965',NULL,NULL,NULL,NULL,NULL,2,1,NULL,2,NULL,0),(126,'00091797','6956','6956.1','1','32342','95','4891','Techno-D','40','J-39','0.5','1','10','2','10','4.64','23.03','100.22','99.48','0.22','-0.52','4.64','23.03','100.22','99.48','0.22','-0.52','4.63','23.15','','','','','','','',NULL,'  ',' ','Change','-','2024-09-01','2024-09-01 04:52:03.464928',NULL,NULL,NULL,NULL,NULL,2,1,NULL,2,NULL,0),(127,'0148608','5639','5639.1','1','32341','602','5330','Power Plus','40','J-39','0.625','1','10','2','10','4.64','23.03','100.22','99.48','0.22','-0.52','4.64','23.03','100.22','99.48','0.22','-0.52','5.79','28.94','','','','','','','',NULL,'  ',' ','Change','-','2024-09-01','2024-09-01 04:52:39.917680',NULL,NULL,NULL,NULL,NULL,2,1,NULL,2,NULL,0),(128,'18990404','1177','1177','1','32528','350','2655','B&T','40','J-39','0.625','1','10','2','10','--','--','--','--','--','--','--','--','--','--','--','--','5.79','28.94','','','','','','','',NULL,'           ',' ','Change','-','2024-09-01','2024-09-01 04:53:43.994181',NULL,NULL,NULL,NULL,NULL,2,1,NULL,2,NULL,0),(129,'18451034','925','925','1','33230','97','2061','B&T','40','J-39','0.625','1','10','2','10','--','--','--','--','--','--','--','--','--','--','--','--','5.79','28.94','','','','','','','',NULL,'           ',' ','Change','-','2024-09-01','2024-09-01 04:55:16.973719',NULL,NULL,NULL,NULL,NULL,2,1,NULL,2,NULL,0),(130,'18331935','7305','7305','1','32605','638','1003','B&T','40','J-39','0.625','1','10','2','10','--','--','--','--','--','--','--','--','--','--','--','--','5.79','28.94','','','','','','','',NULL,'           ',' ','Change','-','2024-09-01','2024-09-01 05:05:00.158890',NULL,NULL,NULL,NULL,NULL,2,1,NULL,2,NULL,0),(131,'387387','717','717.1','1','33003','100','3856','Hosaf-D','40','J-39','0.625','1','10','2','10','5.81','29.03','100.35','100.31','0.35','0.31','5.81','29.03','100.35','100.31','0.35','0.31','5.79','28.94','','','','','','','',NULL,'  ',' ','Change','-','2024-09-01','2024-09-01 05:05:38.320274',NULL,NULL,NULL,NULL,NULL,2,1,NULL,2,NULL,0),(132,'21026445','5095','5095.1','1','29591','850','1935','Hosaf-D','40','J-39','0.625','1','10','2','10','5.81','29.08','100.35','100.48','0.35','0.48','5.81','29.08','100.35','100.48','0.35','0.48','5.79','28.94','','','','','','','',NULL,'  ',' ','Change','-','2024-09-01','2024-09-01 05:06:12.269435',NULL,NULL,NULL,NULL,NULL,2,1,NULL,2,NULL,0),(133,'00131221','5224','5224.1','1','30465','576','3370','Techno-D','40','J-39','0.5','1','10','2','10','4.63','23.16','100.00','100.04','0.00','0.04','4.63','23.16','100.00','100.04','0.00','0.04','4.63','23.15','','','','','','','',NULL,'  ',' ','Change','-','2024-09-01','2024-09-01 08:08:33.422895',NULL,NULL,NULL,NULL,NULL,2,1,NULL,2,NULL,0),(134,'00070627','5969','5969.1','1','31962','97','2063','Techno-D','40','J-39','0.5','1','10','2','10','4.62','23.19','99.78','100.17','-0.22','0.17','4.62','23.19','99.78','100.17','-0.22','0.17','4.63','23.15','','','','','','','',NULL,'  ',' ','Change','-','2024-09-01','2024-09-01 08:09:11.550337',NULL,NULL,NULL,NULL,NULL,2,1,NULL,2,NULL,0),(135,'00111809','10918','10918.1','1','32859','53','2750','Techno-D','40','J-39','0.5','1','10','2','10','4.62','23.19','99.78','100.17','-0.22','0.17','4.62','23.19','99.78','100.17','-0.22','0.17','4.63','23.15','','','','','','','',NULL,'  ',' ','Change','-','2024-09-01','2024-09-01 08:09:42.848554',NULL,NULL,NULL,NULL,NULL,2,1,NULL,2,NULL,0),(136,'00045596','3225','3225.1','1','31156','275','3580','Techno-D','40','J-39','0.5','1','10','2','10','4.62','23.19','99.78','100.17','-0.22','0.17','4.62','23.19','99.78','100.17','-0.22','0.17','4.63','23.15','','','','','','','',NULL,'  ',' ','Change','-','2024-09-01','2024-09-01 08:10:10.040182',NULL,NULL,NULL,NULL,NULL,2,1,NULL,2,NULL,0),(137,'440535','6788','6788.1','1','32050','270','2470','Hosaf-D','40','J-39','0.625','1','10','2','10','5.79','28.90','100.00','99.86','0.00','-0.14','5.79','28.90','100.00','99.86','0.00','-0.14','5.79','28.94','','','','','','','',NULL,'  ',' ','Change','-','2024-09-01','2024-09-01 08:10:40.111928',NULL,NULL,NULL,NULL,NULL,2,1,NULL,2,NULL,0),(138,'00114702','2101','2101.1','1','32172','53','7360','Meter D.Tech','40','J-39','0.5','1','10','2','10','5.76','28.85','99.48','99.69','-0.52','-0.31','5.76','28.85','99.48','99.69','-0.52','-0.31','5.79','28.94','','','','','','','',NULL,'  ',' ','Change','-','2024-09-01','2024-09-01 08:11:08.354929',NULL,NULL,NULL,NULL,NULL,2,1,NULL,2,NULL,0),(139,'00044291','1162','1162.1','1','32388','482','8146','Techno-D','40','J-39','0.5','1','10','2','10','4.62','23.07','99.78','99.65','-0.22','-0.35','4.62','23.07','99.78','99.65','-0.22','-0.35','4.63','23.15','','','','','','','',NULL,'  ',' ','Change','-','2024-09-01','2024-09-01 08:11:41.428943',NULL,NULL,NULL,NULL,NULL,2,1,NULL,2,NULL,0),(140,'18485629','5484','5484','1','32557','294','1275','B&T','40','J-39','0.625','1','10','2','10','--','--','--','--','--','--','--','--','--','--','--','--','5.79','28.94','','','','','','','',NULL,'           ',' ','Change','-','2024-09-01','2024-09-01 08:12:11.521468',NULL,NULL,NULL,NULL,NULL,2,1,NULL,2,NULL,0),(141,'5395708','4994','4994.1','1','32548','150','3081','Hosaf-D','40','J-39','0.625','1','10','2','10','5.82','28.95','100.52','100.03','0.52','0.03','5.82','28.95','100.52','100.03','0.52','0.03','5.79','28.94','','','','','','','',NULL,'  ',' ','Change','-','2024-09-01','2024-09-01 08:12:53.479110',NULL,NULL,NULL,NULL,NULL,2,1,NULL,2,NULL,0),(142,'70063','1479','1479.1','1','32401','95','2090','Techno-D','40','J-39','0.5','1','10','2','10','4.64','23.05','100.22','99.57','0.22','-0.43','4.64','23.05','100.22','99.57','0.22','-0.43','4.63','23.15','','','','','','','',NULL,'  ',' ','Change','-','2024-09-01','2024-09-01 08:13:19.623138',NULL,NULL,NULL,NULL,NULL,2,1,NULL,2,NULL,0),(143,'00054369','7638','7638.1','1','32533','551','3007','Techno-D','40','J-39','0.5','1','10','2','10','4.64','23.05','100.22','99.57','0.22','-0.43','4.64','23.05','100.22','99.57','0.22','-0.43','4.63','23.15','','','','','','','',NULL,'  ',' ','Change','-','2024-09-01','2024-09-01 08:15:11.806094',NULL,NULL,NULL,NULL,NULL,2,1,NULL,2,NULL,0),(144,'00068999','8002','8002.1','1','31182','489','2797','Techno-D','40','J-39','0.5','1','10','2','10','4.65','23.19','100.43','100.17','0.43','0.17','4.65','23.19','100.43','100.17','0.43','0.17','4.63','23.15','','','','','','','',NULL,'  ',' ','Change','-','2024-09-01','2024-09-01 08:15:35.977742',NULL,NULL,NULL,NULL,NULL,2,1,NULL,2,NULL,0),(145,'00034619','4370','4370.1','1','30310','97','4790','Techno-D','40','J-39','0.5','1','10','2','10','4.61','23.17','99.57','100.09','-0.43','0.09','4.61','23.17','99.57','100.09','-0.43','0.09','4.63','23.15','','','','','','','',NULL,'  ',' ','Change','-','2024-09-01','2024-09-01 08:17:25.997869',NULL,NULL,NULL,NULL,NULL,2,1,NULL,2,NULL,0),(146,'2987754','1753','1753.1','1','32924','507','1822','Pasha','40','J-39','0.625','1','10','2','10','5.79','28.80','100.00','99.52','0.00','-0.48','5.79','28.80','100.00','99.52','0.00','-0.48','5.79','28.94','','','','','','','',NULL,'  ',' ','Change','-','2024-09-01','2024-09-01 08:17:52.501504',NULL,NULL,NULL,NULL,NULL,2,1,NULL,2,NULL,0),(147,'18121311','2980','2980.1','1','32576','505','1057','Pasha','40','J-39','0.625','1','10','2','10','5.79','28.80','100.00','99.52','0.00','-0.48','5.79','28.80','100.00','99.52','0.00','-0.48','5.79','28.94','','','','','','','',NULL,'  ',' ','Change','-','2024-09-01','2024-09-01 08:18:18.939531',NULL,NULL,NULL,NULL,NULL,2,1,NULL,2,NULL,0),(148,'0029871','1434','1434.1','1','32814','489','2835','Techno-D','40','J-39','0.5','1','10','2','10','4.62','23.26','99.78','100.48','-0.22','0.48','4.62','23.26','99.78','100.48','-0.22','0.48','4.63','23.15','','','','','','','',NULL,'  ',' ','Change','-','2024-09-01','2024-09-01 08:18:54.596638',NULL,NULL,NULL,NULL,NULL,2,1,NULL,2,NULL,0),(149,'23404738','1997','1997.1','1','31174','623','1530','B&T','40','J-39','0.625','1','10','2','10','5.77','28.93','99.65','99.97','-0.35','-0.03','5.77','28.93','99.65','99.97','-0.35','-0.03','5.79','28.94','','','','','','','',NULL,'  ',' ','Change','-','2024-09-01','2024-09-01 08:19:28.038237',NULL,NULL,NULL,NULL,NULL,2,1,NULL,2,NULL,0),(150,'299656','870','870.1','1','32450','490','2560','Pasha','40','J-39','0.625','1','10','2','10','5.80','28.86','100.17','99.72','0.17','-0.28','5.80','28.86','100.17','99.72','0.17','-0.28','5.79','28.94','','','','','','','',NULL,'  ',' ','Change','-','2024-09-01','2024-09-01 08:19:58.913713',NULL,NULL,NULL,NULL,NULL,2,1,NULL,2,NULL,0),(151,'00153679','255','255.1','1','32752','778','1340','Pasha','40','J-39','0.625','1','10','2','10','5.79','28.86','100.00','99.72','0.00','-0.28','5.79','28.86','100.00','99.72','0.00','-0.28','5.79','28.94','','','','','','','',NULL,'  ',' ','Change','-','2024-09-01','2024-09-01 08:20:40.687943',NULL,NULL,NULL,NULL,NULL,2,1,NULL,2,NULL,0),(152,'2884746','1438','1438.1','1','32733','491','4080','Pasha','40','J-39','0.625','1','10','2','10','5.77','28.87','99.65','99.76','-0.35','-0.24','5.77','28.87','99.65','99.76','-0.35','-0.24','5.79','28.94','','','','','','','',NULL,'  ',' ','Change','-','2024-09-01','2024-09-01 08:21:21.234099',NULL,NULL,NULL,NULL,NULL,2,1,NULL,2,NULL,0),(153,'19592041','2317','2317.1','1','32645','71','1641','B&T','40','J-39','0.625','1','10','2','10','5.78','28.84','99.83','99.65','-0.17','-0.35','5.78','28.84','99.83','99.65','-0.17','-0.35','5.79','28.94','','','','','','','',NULL,'           ',' ','Change','-','2024-09-01','2024-09-01 08:22:45.835009',NULL,NULL,NULL,NULL,NULL,2,1,NULL,2,NULL,0),(154,'1854825','1890','1890','1','32408','123','1552','Pasha','40','J-39','0.625','1','10','2','10','--','--','--','--','--','--','--','--','--','--','--','--','5.79','28.94','','','','','','','',NULL,'           ',' ','Change','-','2024-09-01','2024-09-01 08:24:19.844949',NULL,NULL,NULL,NULL,NULL,2,1,NULL,2,NULL,0),(155,'00116925','1238','1238.1','1','32099','53','7450','Pasha','40','J-39','0.625','1','10','2','10','5.82','28.94','100.52','100.00','0.52','0.00','5.82','28.94','100.52','100.00','0.52','0.00','5.79','28.94','','','','','','','',NULL,'  ',' ','Change','-','2024-09-01','2024-09-01 08:24:45.651635',NULL,NULL,NULL,NULL,NULL,2,1,NULL,2,NULL,0),(156,'0166807','4543','4543.1','1','32787','74','1111','Power Plus','40','J-39','0.625','1','10','2','10','5.77','29.06','99.65','100.41','-0.35','0.41','5.77','29.06','99.65','100.41','-0.35','0.41','5.79','28.94','','','','','','','',NULL,'  ',' ','Change','-','2024-09-01','2024-09-01 08:25:16.179615',NULL,NULL,NULL,NULL,NULL,2,1,NULL,2,NULL,0),(157,'15710887','34172','34172','1','33353','121','1845','Hexing-3','200','J-3','10','1','30','2','10','--','--','--','--','--','--','--','--','--','--','--','--','0','0','','107428410','','','','','      ','2024-09-01','    ','    ','Remove','-','2024-09-01','2024-09-15 07:11:47.662188',NULL,NULL,NULL,NULL,NULL,2,1,NULL,2,NULL,0),(158,'14082810','74203','74203','1','33352','589','5000','Hexing-3','200','J-3','10','1','10','2','10','--','--','--','--','--','--','--','--','--','--','--','--','0','0','','54183981','','','','','      ','2024-09-01','    ','    ','Remove','-','2024-09-01','2024-09-01 09:42:39.876055',NULL,NULL,NULL,NULL,NULL,2,1,NULL,2,NULL,0),(159,'1611209','9630','9630','1','33251','124','5600','Wasion(LIBRA)','200','J-3','21.6','1','10','2','10','--','--','--','--','--','--','--','--','--','--','--','--','0','0','','79964885','','','','','      ','2024-08-29','    ','    ','Remove','-','2024-09-01','2024-09-01 09:42:23.842958',NULL,NULL,NULL,NULL,NULL,2,1,NULL,2,NULL,0),(160,'16012454','32952','32952','1','33334','120','2000','Wasion(LIBRA)','200','J-3','21.6','1','10','2','10','--','--','--','--','--','--','--','--','--','--','--','--','0','0','','79962607','','','','','      ','2024-09-01','    ','    ','Remove','-','2024-09-01','2024-09-01 09:23:26.980726',NULL,NULL,NULL,NULL,NULL,2,1,NULL,2,NULL,0),(161,'2022033271','8098','8098','1','33355','589','1590','Holley-3','200','J-3','5.0','1','30','2','10','--','--','--','--','--','--','--','--','--','--','--','--','','','','61434176','','','','','      ','2024-09-01','    ','    ','Remove','-','2024-09-01','2024-09-01 09:57:58.374693',NULL,NULL,NULL,NULL,NULL,2,1,NULL,2,NULL,0),(162,'014503','6448','6448.1','1','33293','71','1505','Zhejeang','40','J-1','2.222','1','10','2','10','20.55','102.99','99.90','100.12','-0.10','0.12','20.55','102.99','99.90','100.12','-0.10','0.12','20.57','102.87','',NULL,'','',NULL,NULL,NULL,NULL,'       ',' ','Change','-','2024-09-01','2024-09-01 10:01:46.699822',NULL,NULL,NULL,NULL,NULL,2,1,NULL,2,NULL,0),(163,'00072522','2104','2104','1','30818','826','1520','Techno-D','40','J-39','0.5','1','10','2','10','--','--','--','--','--','--','--','--','--','--','--','--','4.63','23.15','','','','','','','',NULL,'    ',' ','Change','G-18-19-053-02-02','2024-09-01','2024-09-01 10:02:52.801058',NULL,NULL,NULL,NULL,NULL,2,1,NULL,2,NULL,0),(164,'66495','1750','1750','1','33335','270','3020','Techno-D','40','J-39','0.5','1','10','2','10','--','--','--','--','--','--','--','--','--','--','--','--','4.63','23.15','','','','','','','',NULL,' ',' ','Change','G-18-19-053-02-02','2024-09-01','2024-09-01 10:05:28.485682',NULL,NULL,NULL,NULL,NULL,2,1,NULL,2,NULL,0),(165,'00020674','1362','1362.1','1','33210','628','7355','Techno-D','40','J-39','0.5','1','10','2','10','4.65','23.05','100.43','99.57','0.43','-0.43','4.65','23.05','100.43','99.57','0.43','-0.43','4.63','23.15','','','','','','','',NULL,'  ',' ','Change','-','2024-09-01','2024-09-01 10:07:27.658631',NULL,NULL,NULL,NULL,NULL,2,1,NULL,2,NULL,0),(166,'881703014988','x','x','1','33010','793','1070','Holley','40','J-39','0.625','1','10','2','10','--','--','--','--','--','--','--','--','--','--','--','--','5.79','28.94','','','','','','','',NULL,'   ',' ','Change','-','2024-09-01','2024-09-01 10:32:38.692404',NULL,NULL,NULL,NULL,NULL,2,1,NULL,2,NULL,0),(167,'033118','8569','8569','1','33004','722','1480','Techno-D','40','J-39','0.5','1','10','2','10','--','--','--','--','--','--','--','--','--','--','--','--','4.63','23.15','','','','','','','',NULL,'       ',' ','Change','-','2024-09-01','2024-09-01 10:33:22.215479',NULL,NULL,NULL,NULL,NULL,2,1,NULL,2,NULL,0),(168,'00142399','x','x','1','33011','612','6162','Techno-D','40','J-39','0.5','1','10','2','10','--','--','--','--','--','--','--','--','--','--','--','--','4.63','23.15','','','','','','','',NULL,' ',' ','Change','-','2024-09-01','2024-09-01 10:34:25.672322',NULL,NULL,NULL,NULL,NULL,2,1,NULL,2,NULL,0),(169,'21452581','12611','12611.1','1','32914','54','7001','B&T','40','J-39','0.625','1','10','2','10','5.79','28.88','100.00','99.79','0.00','-0.21','5.79','28.88','100.00','99.79','0.00','-0.21','5.79','28.94','','','','','','','',NULL,'    ',' ','Change','BREB/DNE(DMCS)G-49 Lot-2/2020-21','2024-09-02','2024-09-02 03:53:24.658651',NULL,NULL,NULL,NULL,NULL,2,1,NULL,2,NULL,0),(170,'00005408','x','x','1','30464','576','3879','B&T','40','J-39','0.625','1','10','2','10','--','--','--','--','--','--','--','--','--','--','--','--','5.79','28.94','','','','','','','',NULL,'    ',' ','Change','BREB/DNE(DMCS)G-49 Lot-2/2020-21','2024-09-02','2024-09-02 03:54:12.663118',NULL,NULL,NULL,NULL,NULL,2,1,NULL,2,NULL,0),(171,'21026261','2724','2724','1','32608','160','2155','B&T','40','J-39','0.625','1','10','2','10','--','--','--','--','--','--','--','--','--','--','--','--','5.79','28.94','','','','','','','',NULL,'           ',' ','Change','-','2024-09-02','2024-09-02 03:54:54.534285',NULL,NULL,NULL,NULL,NULL,2,1,NULL,2,NULL,0),(172,'18328171','x','x','1','32749','791','2925','B&T','40','J-39','0.625','1','10','2','10','--','--','--','--','--','--','--','--','--','--','--','--','5.79','28.94','','','','','','','',NULL,'   ',' ','Change','-','2024-09-02','2024-09-02 03:55:41.985652',NULL,NULL,NULL,NULL,NULL,2,1,NULL,2,NULL,0),(173,'140142','7475','7475.1','1','32398','482','8608','Hexing','40','J-39','0.625','1','10','2','10','5.81','28.82','100.35','99.59','0.35','-0.41','5.81','28.82','100.35','99.59','0.35','-0.41','5.79','28.94','','','','','','','',NULL,'    ',' ','Change','-','2024-09-02','2024-09-02 04:21:14.263234',NULL,NULL,NULL,NULL,NULL,2,1,NULL,2,NULL,0),(174,'0036217','1718','1718','1','32242','606','3646','Techno-D','40','J-39','0.5','1','10','2','10','--','--','--','--','--','--','--','--','--','--','--','--','4.63','23.15','',NULL,NULL,'',NULL,NULL,NULL,NULL,'         ',' ','Change','-','2024-09-02','2024-09-02 04:59:04.452565',NULL,NULL,NULL,NULL,NULL,2,1,NULL,2,NULL,0),(175,'17201417','x','x','1','32841','118','1320','Echo','40','J-39','0.625','1','10','2','10','--','--','--','--','--','--','--','--','--','--','--','--','5.79','28.94','',NULL,NULL,'',NULL,NULL,NULL,NULL,'      ',' ','Change','-','2024-09-02','2024-09-02 04:59:27.855757',NULL,NULL,NULL,NULL,NULL,2,1,NULL,2,NULL,0),(176,'00002018','x','x','1','31688','490','4276','Techno-D','40','J-39','0.5','1','10','2','10','--','--','--','--','--','--','--','--','--','--','--','--','4.63','23.15','','','','','','','',NULL,'   ',' ','Change','-','2024-09-02','2024-09-02 05:01:01.967450',NULL,NULL,NULL,NULL,NULL,2,1,NULL,2,NULL,0),(177,'494251','1198','1198','1','32707','850','1746','Hosaf-D','40','J-39','0.625','1','10','2','10','--','--','--','--','--','--','--','--','--','--','--','--','5.79','28.94','','','','','','','',NULL,'   ',' ','Change','-','2024-09-02','2024-09-02 05:02:01.721651',NULL,NULL,NULL,NULL,NULL,2,1,NULL,2,NULL,0),(178,'881703587126','x','x','1','32489','485','3015','Holley','40','J-39','0.625','1','10','2','10','--','--','--','--','--','--','--','--','--','--','--','--','5.79','28.94','','','','','','','',NULL,'   LCD  ',' ','Change','-','2024-09-02','2024-09-02 05:02:32.091913',NULL,NULL,NULL,NULL,NULL,2,1,NULL,2,NULL,0),(179,'110308067498','x','x','1','30457','576','3890','Holley','40','J-39','0.625','1','10','2','10','--','--','--','--','--','--','--','--','--','--','--','--','5.79','28.94','','','','','','','',NULL,'   LCD  ',' ','Change','-','2024-09-02','2024-09-02 05:02:57.854591',NULL,NULL,NULL,NULL,NULL,2,1,NULL,2,NULL,0),(180,'881703019194','x','x','1','33116','489','1301','Holley','40','J-39','0.625','1','10','2','10','--','--','--','--','--','--','--','--','--','--','--','--','5.79','28.94','','','','','','','',NULL,'   LCD  ',' ','Change','-','2024-09-02','2024-09-02 05:03:22.955854',NULL,NULL,NULL,NULL,NULL,2,1,NULL,2,NULL,0),(181,'21068817','3086','3086','1','32832','614','2013','B&T','40','J-39','0.625','1','10','2','10','--','--','--','--','--','--','--','--','--','--','--','--','5.79','28.94','','','','','','','',NULL,'    ',' ','Change','G-19-20-053-02-02','2024-09-02','2024-09-02 05:15:47.541583',NULL,NULL,NULL,NULL,NULL,2,1,NULL,2,NULL,0),(182,'1838143','161','161','1','32946','614','3464','Pasha','40','J-39','0.625','1','10','2','10','--','--','--','--','--','--','--','--','--','--','--','--','5.79','28.94','','','','','','','',NULL,'    ',' ','Change','G-21-22-053-02-02','2024-09-02','2024-09-02 05:16:27.750480',NULL,NULL,NULL,NULL,NULL,2,1,NULL,2,NULL,0),(183,'21424476','x','x','1','32943','614','2780','B&T','40','J-39','0.625','1','10','2','10','--','--','--','--','--','--','--','--','--','--','--','--','5.79','28.94','','','','','','','',NULL,'    ',' ','Change','BREB/DNE(DMCS)G-49 Lot-2/2020-21','2024-09-02','2024-09-02 05:16:58.688506',NULL,NULL,NULL,NULL,NULL,2,1,NULL,2,NULL,0),(184,'1763610','1044','1044','1','32353','654','4100','Pasha','40','J-39','0.625','1','10','2','10','--','--','--','--','--','--','--','--','--','--','--','--','5.79','28.94','','','','','','','',NULL,'    ',' ','Change','G-21-22-053-02-02','2024-09-02','2024-09-02 05:17:34.350701',NULL,NULL,NULL,NULL,NULL,2,1,NULL,2,NULL,0),(185,'84511','10656','10656.1','1','32768','511','3120','Gaus','40','J-1','2.222','1','10','2','10','20.53','102.97','99.81','100.10','-0.19','0.10','20.53','102.97','99.81','100.10','-0.19','0.10','20.57','102.87','','','','','','','',NULL,'       ',' ','Change','G-21-22-053-02-02','2024-09-02','2024-09-02 05:18:02.043540',NULL,NULL,NULL,NULL,NULL,2,1,NULL,2,NULL,0),(186,'1869305','91','91.1','1','31040','511','3129','Pasha','40','J-39','0.625','1','10','2','10','5.76','28.95','99.48','100.03','-0.52','0.03','5.76','28.95','99.48','100.03','-0.52','0.03','5.79','28.94','','','','','','','',NULL,'    ',' ','Change','G-21-22-053-02-02','2024-09-02','2024-09-02 05:18:29.467988',NULL,NULL,NULL,NULL,NULL,2,1,NULL,2,NULL,0),(187,'881702542635','7336','7336','1','32767','511','2858','Holley','40','J-39','0.625','1','10','2','10','--','--','--','--','--','--','--','--','--','--','--','--','5.79','28.94','','','','','','','',NULL,'     ',' ','Change','G-21-22-053-02-02','2024-09-02','2024-09-02 05:18:58.145587',NULL,NULL,NULL,NULL,NULL,2,1,NULL,2,NULL,0),(188,'1746141','974','974.1','1','32765','511','2857','Pasha','40','J-39','0.625','1','10','2','10','5.78','28.90','99.83','99.86','-0.17','-0.14','5.78','28.90','99.83','99.86','-0.17','-0.14','5.79','28.94','','','','','','','',NULL,'    ',' ','Change','G-21-22-053-02-02','2024-09-02','2024-09-02 05:19:45.640404',NULL,NULL,NULL,NULL,NULL,2,1,NULL,2,NULL,0),(189,'2680378','4062','4062.1','1','32773','511','9290','Pasha','40','J-39','0.625','1','10','2','10','5.78','28.90','99.83','99.86','-0.17','-0.14','5.78','28.90','99.83','99.86','-0.17','-0.14','5.79','28.94','','','','','','','',NULL,'    ',' ','Change','G-21-22-053-02-02','2024-09-02','2024-09-02 05:20:14.437534',NULL,NULL,NULL,NULL,NULL,2,1,NULL,2,NULL,0),(190,'1687293','5571','5571','1','32354','654','4990','Pasha','40','J-39','0.625','1','10','2','10','--','--','--','--','--','--','--','--','--','--','--','--','5.79','28.94','','','','','','','',NULL,'    ',' ','Change','G-21-22-053-02-02','2024-09-02','2024-09-02 05:20:53.694968',NULL,NULL,NULL,NULL,NULL,2,1,NULL,2,NULL,0),(191,'2941426','352','352','1','33057','511','9175','Pasha','40','J-39','0.625','1','10','2','10','--','--','--','--','--','--','--','--','--','--','--','--','5.79','28.94','','','','','','','',NULL,'    ',' ','Change','G-21-22-053-02-02','2024-09-02','2024-09-02 05:21:37.558560',NULL,NULL,NULL,NULL,NULL,2,1,NULL,2,NULL,0),(192,'881702314022','6825','6825','1','33058','511','9300','Holley','40','J-39','0.625','1','10','2','10','--','--','--','--','--','--','--','--','--','--','--','--','5.79','28.94','','','','','','','',NULL,'     ',' ','Change','2.5MCC-G-7-002','2024-09-02','2024-09-02 05:23:12.710811',NULL,NULL,NULL,NULL,NULL,2,1,NULL,2,NULL,0),(193,'2898140','1783','1783','1','32840','118','3020','Pasha','40','J-39','0.625','1','10','2','10','--','--','--','--','--','--','--','--','--','--','--','--','5.79','28.94','','','','','','','',NULL,'    ',' ','Change','G-21-22-053-02-02','2024-09-02','2024-09-02 05:28:26.460409',NULL,NULL,NULL,NULL,NULL,2,1,NULL,2,NULL,0),(194,'16691346','22021','22021','1','31939','118','4043','Echo','40','J-39','0.625','1','10','2','10','--','--','--','--','--','--','--','--','--','--','--','--','5.79','28.94','','','','','','','',NULL,'    ',' ','Change','PBS-14-15-O&M-04-003(12PBS)','2024-09-02','2024-09-02 05:30:53.589703',NULL,NULL,NULL,NULL,NULL,2,1,NULL,2,NULL,0),(195,'2888998','98','98','1','32983','97','1641','Pasha','40','J-39','0.625','1','10','2','10','--','--','--','--','--','--','--','--','--','--','--','--','5.79','28.94','','','','','','','',NULL,'    ',' ','Change','G-21-22-053-02-02','2024-09-02','2024-09-02 05:31:29.372238',NULL,NULL,NULL,NULL,NULL,2,1,NULL,2,NULL,0),(196,'1918440','437','437','1','30452','576','3894','Pasha','40','J-39','0.625','1','10','2','10','--','--','--','--','--','--','--','--','--','--','--','--','5.79','28.94','','','','','','','',NULL,'    ',' ','Change','TPBS-1/21-22-TPBS-O&M-03-001','2024-09-02','2024-09-02 05:32:15.699443',NULL,NULL,NULL,NULL,NULL,2,1,NULL,2,NULL,0),(197,'1690898','649','649','1','30451','576','3858','Pasha','40','J-39','0.625','1','10','2','10','--','--','--','--','--','--','--','--','--','--','--','--','5.79','28.94','','','','','','','',NULL,'    ',' ','Change','G-21-22-053-02-02','2024-09-02','2024-09-02 05:32:49.566622',NULL,NULL,NULL,NULL,NULL,2,1,NULL,2,NULL,0),(198,'0023653','1303','1303','1','30453','576','4145','Pasha','40','J-39','0.625','1','10','2','10','--','--','--','--','--','--','--','--','--','--','--','--','5.79','28.94','','','','','','','',NULL,'    ',' ','Change','BREB/DNE(DMCS)G-21 Lot-1/2018-19','2024-09-02','2024-09-02 05:34:16.573265',NULL,NULL,NULL,NULL,NULL,2,1,NULL,2,NULL,0),(199,'1847939','840','840','1','29900','755','4010','Pasha','40','J-39','0.625','1','10','2','10','--','--','--','--','--','--','--','--','--','--','--','--','5.79','28.94','','','','','','','',NULL,'    ',' ','Change','G-21-22-053-02-02','2024-09-02','2024-09-02 05:34:48.277804',NULL,NULL,NULL,NULL,NULL,2,1,NULL,2,NULL,0),(200,'763843','3603','3603','1','30435','576','4075','Pasha','40','J-39','0.625','1','10','2','10','--','--','--','--','--','--','--','--','--','--','--','--','5.79','28.94','','','','','','','',NULL,'    ',' ','Change','BREB/DNE(DMCS)G-40 Lot-2/2018-19','2024-09-02','2024-09-02 05:35:23.683679',NULL,NULL,NULL,NULL,NULL,2,1,NULL,2,NULL,0),(201,'1896297','787','787','1','29304','136','4092','Pasha','40','J-39','0.625','1','10','2','10','--','--','--','--','--','--','--','--','--','--','--','--','5.79','28.94','','','','','','','',NULL,'    ',' ','Change','TPBS-1/21-22-TPBS-O&M-03-001','2024-09-02','2024-09-02 05:35:59.113038',NULL,NULL,NULL,NULL,NULL,2,1,NULL,2,NULL,0),(202,'00008778','9068','9068','1','15673','136','2751','Techno-D','40','J-39','0.5','1','10','2','10','--','--','--','--','--','--','--','--','--','--','--','--','4.63','23.15','','','','','','','',NULL,'    ',' ','Change','PBS-14-15-O&M-04-003(12PBS)','2024-09-02','2024-09-02 05:37:15.798032',NULL,NULL,NULL,NULL,NULL,2,1,NULL,2,NULL,0),(203,'00126334','x','x','1','31969','54','4897','Techno-D','40','J-39','0.5','1','10','2','10','--','--','--','--','--','--','--','--','--','--','--','--','4.63','23.15','','','','','','','',NULL,'   ',' ','Change','G-20-21-053-02-01','2024-09-02','2024-09-02 05:41:07.780834',NULL,NULL,NULL,NULL,NULL,2,1,NULL,2,NULL,0),(204,'21028446','x','x','1','29904','630','2062','B&T','40','J-39','0.625','1','10','2','10','--','--','--','--','--','--','--','--','--','--','--','--','5.79','28.94','','','','','','','',NULL,'    ',' ','Change','G-19-20-053-02-02','2024-09-02','2024-09-02 05:42:33.322231',NULL,NULL,NULL,NULL,NULL,2,1,NULL,2,NULL,0),(205,'1940827','205','205','1','29903','630','1260','Pasha','40','J-39','0.625','1','10','2','10','--','--','--','--','--','--','--','--','--','--','--','--','5.79','28.94','','','','','','','',NULL,'    ',' ','Change','TPBS-1/21-22-TPBS-O&M-03-001','2024-09-02','2024-09-02 05:43:51.761835',NULL,NULL,NULL,NULL,NULL,2,1,NULL,2,NULL,0),(206,'1000462','29679','29679','1','30155','39','2840','Hosaf-A','40','J-1','0.625','1','10','2','10','--','--','--','--','--','--','--','--','--','--','--','--','20.57','102.87','','','','','','','',NULL,'       ',' ','Change','-','2024-09-02','2024-09-02 05:44:29.311680',NULL,NULL,NULL,NULL,NULL,2,1,NULL,2,NULL,0),(207,'1872502','109','109','1','30511','74','3993','Pasha','40','J-39','0.625','1','10','2','10','--','--','--','--','--','--','--','--','--','--','--','--','5.79','28.94','','','','','','','',NULL,'    ',' ','Change','G-21-22-053-02-02','2024-09-02','2024-09-02 05:45:03.792277',NULL,NULL,NULL,NULL,NULL,2,1,NULL,2,NULL,0),(208,'00081697','x','x','1','29959','824','3130','Meter D.Tech','40','J-39','0.5','1','10','2','10','--','--','--','--','--','--','--','--','--','--','--','--','5.79','28.94','','','','','','','',NULL,'    ',' ','Change','G-18-19-053-02-02','2024-09-02','2024-09-02 05:45:55.381820',NULL,NULL,NULL,NULL,NULL,2,1,NULL,2,NULL,0),(209,'2631539','463','463','1','30337','824','6182','Pasha','40','J-39','0.625','1','10','2','10','--','--','--','--','--','--','--','--','--','--','--','--','5.79','28.94','','','','','','','',NULL,'    ',' ','Change','G-21-22-053-02-02','2024-09-02','2024-09-02 05:51:25.780098',NULL,NULL,NULL,NULL,NULL,2,1,NULL,2,NULL,0),(210,'2640623','61','61','1','30328','824','6131','Pasha','40','J-39','0.625','1','10','2','10','--','--','--','--','--','--','--','--','--','--','--','--','5.79','28.94','','','','','','','',NULL,'    ',' ','Change','G-21-22-053-02-02','2024-09-02','2024-09-02 05:53:15.219371',NULL,NULL,NULL,NULL,NULL,2,1,NULL,2,NULL,0),(211,'1874045','1119','1119','1','29958','824','1510','Pasha','40','J-39','0.625','1','10','2','10','--','--','--','--','--','--','--','--','--','--','--','--','5.79','28.94','','','','','','','',NULL,'    ',' ','Change','G-21-22-053-02-02','2024-09-02','2024-09-02 05:53:49.914939',NULL,NULL,NULL,NULL,NULL,2,1,NULL,2,NULL,0),(212,'1840883','x','x','1','30334','824','1032','Pasha','40','J-39','0.625','1','10','2','10','--','--','--','--','--','--','--','--','--','--','--','--','5.79','28.94','','','','','','','',NULL,'    ',' ','Change','G-21-22-053-02-02','2024-09-02','2024-09-02 05:54:16.904856',NULL,NULL,NULL,NULL,NULL,2,1,NULL,2,NULL,0),(213,'1888552','1949','1949','1','30112','74','1106','Pasha','40','J-39','0.625','1','10','2','10','--','--','--','--','--','--','--','--','--','--','--','--','5.79','28.94','','','','','','','',NULL,'    ',' ','Change','G-21-22-053-02-02','2024-09-02','2024-09-02 05:54:48.789727',NULL,NULL,NULL,NULL,NULL,2,1,NULL,2,NULL,0),(214,'21360044','17','17','1','30455','576','3393','B&T','40','J-39','0.625','1','10','2','10','--','--','--','--','--','--','--','--','--','--','--','--','5.79','28.94','','','','','','','',NULL,'         ',' ','Change','BREB/DNE(DMCS)G-49 Lot-2/2020-21','2024-09-02','2024-09-02 05:55:42.721301',NULL,NULL,NULL,NULL,NULL,2,1,NULL,2,NULL,0),(215,'1873252','x','x','1','32620','55','1830','Pasha','40','J-39','0.625','1','10','2','10','--','--','--','--','--','--','--','--','--','--','--','--','5.79','28.94','','','','','','','',NULL,'    ',' ','Change','BREB/DNE(DMCS)G-49 Lot-2/2020-213.','2024-09-02','2024-09-02 06:01:53.510350',NULL,NULL,NULL,NULL,NULL,2,1,NULL,2,NULL,0),(216,'1899986','x','x','1','30374','39','5450','Pasha','40','J-39','0.625','1','10','2','10','--','--','--','--','--','--','--','--','--','--','--','--','5.79','28.94','',NULL,NULL,'',NULL,NULL,NULL,NULL,'    ',' ','Change','TPBS-1/21-22-TPBS-O&M-03-001','2024-09-02','2024-09-02 06:07:51.932818',NULL,NULL,NULL,NULL,NULL,2,1,NULL,2,NULL,0),(217,'1695421','143','143','1','31035','132','6192','Pasha','40','J-39','0.625','1','10','2','10','--','--','--','--','--','--','--','--','--','--','--','--','5.79','28.94','','','','','','','',NULL,'    ',' ','Change','-','2024-09-09','2024-09-09 06:12:54.978689',NULL,NULL,NULL,NULL,NULL,2,1,NULL,2,NULL,0),(218,'930712','14696','14696','1','33414','294','2055','Techno-A','40','J-1','2.222','1','10','2','10','--','--','--','--','--','--','--','--','--','--','--','--','20.57','102.87','','','','','','','',NULL,'       ',' ','Change','-','2024-09-09','2024-09-09 06:13:33.855225',NULL,NULL,NULL,NULL,NULL,2,1,NULL,2,NULL,0),(219,'00003529','8111','8111.1','1','33420','29','1275','Techno-D','40','J-39','0.5','1','10','2','10','4.63','23.07','100.00','99.65','0.00','-0.35','4.63','23.07','100.00','99.65','0.00','-0.35','4.63','23.15','','','','','','','',NULL,'  ',' ','Change','-','2024-09-09','2024-09-09 06:14:02.037525',NULL,NULL,NULL,NULL,NULL,2,1,NULL,2,NULL,0),(220,'2683928','2346','2346','1','32939','672','6934','Pasha','40','J-39','0.625','1','10','2','10','--','--','--','--','--','--','--','--','--','--','--','--','5.79','28.94','','','','','','','',NULL,'    ',' ','Change','-','2024-09-09','2024-09-09 06:14:30.450746',NULL,NULL,NULL,NULL,NULL,2,1,NULL,2,NULL,0),(221,'18491470','2100','2100','1','32653','294','1396','B&T','40','J-39','0.625','1','10','2','10','--','--','--','--','--','--','--','--','--','--','--','--','5.79','28.94','','','','','','','',NULL,'           ',' ','Change','-','2024-09-09','2024-09-09 06:14:59.592037',NULL,NULL,NULL,NULL,NULL,2,1,NULL,2,NULL,0),(222,'18485655','4559','4559','1','33073','294','1271','B&T','40','J-39','0.625','1','10','2','10','--','--','--','--','--','--','--','--','--','--','--','--','5.79','28.94','','','','','','','',NULL,'           ',' ','Change','-','2024-09-09','2024-09-09 06:15:25.534098',NULL,NULL,NULL,NULL,NULL,2,1,NULL,2,NULL,0),(223,'18282632','3778','3778','1','33112','294','1390','B&T','40','J-39','0.625','1','10','2','10','--','--','--','--','--','--','--','--','--','--','--','--','5.79','28.94','','','','','','','',NULL,'           ',' ','Change','-','2024-09-09','2024-09-09 06:15:51.983572',NULL,NULL,NULL,NULL,NULL,2,1,NULL,2,NULL,0),(224,'18491239','3275','3275','1','32558','294','1391','B&T','40','J-39','0.625','1','10','2','10','--','--','--','--','--','--','--','--','--','--','--','--','5.79','28.94','','','','','','','',NULL,'           ',' ','Change','-','2024-09-09','2024-09-09 06:16:15.090068',NULL,NULL,NULL,NULL,NULL,2,1,NULL,2,NULL,0),(225,'240316004403','1446','1446','1','33421','124','5280','Wasion(LIBRA)','200','J-3','21.6','1','30','2','10','--','--','--','--','--','--','--','--','--','--','--','--','0','0','','107430701','','','','',' ','2024-09-05','    ','    ','Remove','-','2024-09-09','2024-09-15 07:08:07.414312',NULL,NULL,NULL,NULL,NULL,2,1,NULL,2,NULL,0),(226,'00066521','3507','3507.1','1','33224','63','1925','Techno-D','40','J-39','0.5','1','10','2','10','4.63','23.11','100.00','99.83','0.00','-0.17','4.63','23.11','100.00','99.83','0.00','-0.17','4.63','23.15','','','','','','','',NULL,'  ',' ','Remove','-','2024-09-09','2024-09-09 06:23:33.079726',NULL,NULL,NULL,NULL,NULL,2,1,NULL,2,NULL,0),(227,'2937762','1179','1179','1','33203','27','3072','Pasha','40','J-39','0.625','1','10','2','10','--','--','--','--','--','--','--','--','--','--','--','--','5.79','28.94','','','','','','','',NULL,'    ',' ','Change','-','2024-09-09','2024-09-09 06:24:44.552458',NULL,NULL,NULL,NULL,NULL,2,1,NULL,2,NULL,0),(228,'1725879','277','277','1','32446','511','8915','Pasha','40','J-39','0.625','1','10','2','10','--','--','--','--','--','--','--','--','--','--','--','--','5.79','28.94','','','','','','','',NULL,'    ',' ','Remove','-','2024-09-09','2024-09-09 06:25:14.293690',NULL,NULL,NULL,NULL,NULL,2,1,NULL,2,NULL,0),(229,'2885228','5','5.1','1','33648','481','1930','Pasha','40','J-39','0.625','1','10','2','10','5.78','29.00','99.83','100.21','-0.17','0.21','5.78','29.00','99.83','100.21','-0.17','0.21','5.79','28.94','','','','','','','',NULL,'  ',' ','Change','-','2024-09-11','2024-09-11 12:13:54.027209',NULL,NULL,NULL,NULL,NULL,1,1,NULL,1,NULL,0),(232,'15710777','54218','54218','1','33708','124','5530','Hexing-3','200','J-3','10','1','10','2','10','--','--','--','--','--','--','--','--','--','--','--','--','0','0','','-',' ','','','',' ','2024-09-11','    ','    ','Remove','-','2024-09-11','2024-09-11 12:36:41.720998',NULL,NULL,NULL,NULL,NULL,1,1,NULL,1,NULL,0),(233,'2942135','940','940.1','1','33415','623','1606','Pasha','40','J-39','0.625','1','10','2','10','5.78','28.90','99.83','99.86','-0.17','-0.14','5.78','28.90','99.83','99.86','-0.17','-0.14','5.79','28.94','','','','','','','',NULL,'  ',' ','Change','-','2024-09-11','2024-09-11 12:38:40.999484',NULL,NULL,NULL,NULL,NULL,1,1,NULL,1,NULL,0),(234,'0502258','11843','11843','1','33693','100','5185','Gaus','40','J-1','2.222','1','10','2','10','--','--','--','--','--','--','--','--','--','--','--','--','20.57','102.87','','','','','','','',NULL,'        / ',' ','Remove','-','2024-09-12','2024-09-12 07:09:10.395709',NULL,NULL,NULL,NULL,NULL,1,1,NULL,1,NULL,0),(235,'18802245','629','629','1','33425','188','1730','B&T','40','J-39','0.625','1','10','2','10','--','--','--','--','--','--','--','--','--','--','--','--','5.79','28.94','','','','','','','',NULL,'           ',' ','Change','-','2024-09-12','2024-09-12 07:10:09.104463',NULL,NULL,NULL,NULL,NULL,1,1,NULL,1,NULL,0),(236,'16429982','x','x','1','33458','672','5020','Echo','40','J-39','0.625','1','10','2','10','--','--','--','--','--','--','--','--','--','--','--','--','5.79','28.94','','','','','','','',NULL,'         ',' ','Change','-','2024-09-12','2024-09-12 07:11:09.470766',NULL,NULL,NULL,NULL,NULL,1,1,NULL,1,NULL,0),(237,'172585','1409','1409.1','1','33438','731','1120','Techno-D','40','J-39','0.5','1','10','2','10','4.65','23.18','100.43','100.13','0.43','0.13','4.65','23.18','100.43','100.13','0.43','0.13','4.63','23.15','','','','','','','',NULL,'  ',' ','Change','-','2024-09-12','2024-09-12 07:12:19.278066',NULL,NULL,NULL,NULL,NULL,1,1,NULL,1,NULL,0),(238,'2022031722','8677','8677','1','33724','121','1876','Holley-3','200','J-3','5.0','1','30','2','10','--','--','--','--','--','--','--','--','--','--','--','--','','','','107427184','','','','','      ','2024-09-12','    ','    ','Remove','-','2024-09-12','2024-09-12 07:16:16.713369',NULL,NULL,NULL,NULL,NULL,1,1,NULL,1,NULL,0),(239,'16005550','17507','17507','1','33723','589','1877','Wasion(LIBRA)','200','J-3','21.6','1','10','2','10','--','--','--','--','--','--','--','--','--','--','--','--','0','0','','61447818',' ','','','',' ','2024-09-12','    ','    ','Remove','-','2024-09-12','2024-09-12 07:18:49.947518',NULL,NULL,NULL,NULL,NULL,1,1,NULL,1,NULL,0),(240,'16001707','47686','47686','1','33725','121','2250','Wasion(LIBRA)','200','J-3','21.6','1','10','2','10','--','--','--','--','--','--','--','--','--','--','--','--','0','0','','-','','','','','      ','2024-09-12','    ','    ','Remove','-','2024-09-12','2024-09-12 07:21:21.127345',NULL,NULL,NULL,NULL,NULL,1,1,NULL,1,NULL,0),(241,'504417','1046','1046','1','33717','25','1019','Hosaf-D','40','J-39','0.625','1','10','2','10','--','--','--','--','--','--','--','--','--','--','--','--','5.79','28.94','','','','','','','',NULL,' ',' ','Remove','-','2024-09-12','2024-09-12 07:22:41.924311',NULL,NULL,NULL,NULL,NULL,1,1,NULL,1,NULL,0),(242,'14078529','23724','23724','1','33323','124','6440','Hexing-3','200','J-3','10','1','10','2','10','--','--','--','--','--','--','--','--','--','--','--','--','0','0','','50133633','','','','','  ','2024-09-03','     ','    ','Change','-','2024-09-12','2024-09-12 07:25:13.537717',NULL,NULL,NULL,NULL,NULL,1,1,NULL,1,NULL,0),(243,'1851327','1156','1156','1',' 33207','25','6611','Pasha','40','J-39','0.625','1','10','2','10','--','--','--','--','--','--','--','--','--','--','--','--','5.79','28.94','',NULL,NULL,'',NULL,NULL,NULL,NULL,'    ',' ','Change','G-21-22-053-02-02','2024-09-17','2024-09-17 06:08:39.476150',NULL,NULL,NULL,NULL,NULL,1,1,NULL,1,NULL,0),(244,'19449496','5312','5312.1','1','33362','511','3330','B&T','40','J-39','0.625','1','10','2','10','5.76','28.95','99.48','100.03','-0.52','0.03','5.76','28.95','99.48','100.03','-0.52','0.03','5.79','28.94','',NULL,NULL,'',NULL,NULL,NULL,NULL,'  ',' ','Change','-','2024-09-17','2024-09-17 06:11:20.720448',NULL,NULL,NULL,NULL,NULL,1,1,NULL,1,NULL,0),(245,'017152','21275','21275','1','33215','186','3042','Techno-A','40','J-1','2.222','1','10','2','10','--','--','--','--','--','--','--','--','--','--','--','--','20.57','102.87','',NULL,NULL,'',NULL,NULL,NULL,NULL,'       ',' ','Change','-','2024-09-17','2024-09-17 06:39:18.693984',NULL,NULL,NULL,NULL,NULL,2,1,NULL,2,NULL,0),(246,'1703049552','4856','4856','1','33216','186','8012','Holley','40','J-39','0.625','1','10','2','10','--','--','--','--','--','--','--','--','--','--','--','--','5.79','28.94','',NULL,NULL,'',NULL,NULL,NULL,NULL,'     ',' ','Change','2.5MCC-G-7-002','2024-09-17','2024-09-17 09:55:20.662212',NULL,NULL,NULL,NULL,NULL,2,1,NULL,2,NULL,0),(247,'00017033','8869','8869','1','33120','186','8013','Techno-D','40','J-39','0.5','1','10','2','10','--','--','--','--','--','--','--','--','--','--','--','--','4.63','23.15','',NULL,NULL,'',NULL,NULL,NULL,NULL,'     ',' ','Change','BREB/DP/IF-08-16/03/2014-2015','2024-09-17','2024-09-17 09:57:06.483580',NULL,NULL,NULL,NULL,NULL,2,1,NULL,2,NULL,0),(248,'2936767','412','412.1','1','33098','511','1943','Pasha','40','J-39','0.625','1','10','2','10','5.77','28.95','99.65','100.03','-0.35','0.03','5.77','28.95','99.65','100.03','-0.35','0.03','5.79','28.94','',NULL,NULL,'',NULL,NULL,NULL,NULL,'    ',' ','Change','G-21-22-053-02-02','2024-09-17','2024-09-17 09:57:44.663421',NULL,NULL,NULL,NULL,NULL,2,1,NULL,2,NULL,0),(249,'2634339','4676','4676','1','33590','658','1810','Pasha','40','J-39','0.625','1','10','2','10','--','--','--','--','--','--','--','--','--','--','--','--','5.79','28.94','',NULL,NULL,'',NULL,NULL,NULL,NULL,'    ',' ','Change','G-21-22-053-02-02','2024-09-17','2024-09-17 09:58:15.203818',NULL,NULL,NULL,NULL,NULL,2,1,NULL,2,NULL,0),(250,'00011511','4334','4334.1','1','33747','740','2310','Techno-D','40','J-39','0.5','1','10','2','10','4.62','23.04','99.78','99.52','-0.22','-0.48','4.62','23.04','99.78','99.52','-0.22','-0.48','4.63','23.15','',NULL,NULL,'',NULL,NULL,NULL,NULL,'  ',' ','Remove','-','2024-09-17','2024-09-17 09:59:09.487014',NULL,NULL,NULL,NULL,NULL,2,1,NULL,2,NULL,0),(251,'400402','1473','1473','1','33751','45','5065','Hosaf-D','40','J-39','0.625','1','10','2','10','--','--','--','--','--','--','--','--','--','--','--','--','5.79','28.94','',NULL,NULL,'',NULL,NULL,NULL,NULL,' ',' ','Remove','-','2024-09-17','2024-09-17 09:59:46.259485',NULL,NULL,NULL,NULL,NULL,2,1,NULL,2,NULL,0),(252,'881703047625','x','x','1','33750','791','5340','Holley','40','J-39','0.625','1','10','2','10','--','--','--','--','--','--','--','--','--','--','--','--','5.79','28.94','',NULL,NULL,'',NULL,NULL,NULL,NULL,'   ',' ','Remove','-','2024-09-17','2024-09-17 10:00:26.066300',NULL,NULL,NULL,NULL,NULL,2,1,NULL,2,NULL,0),(253,'6203084','35191','35191.1','1','33743','700','1320','Holley','40','J-39','0.625','1','10','2','10','5.77','29.01','99.65','100.24','-0.35','0.24','5.77','29.01','99.65','100.24','-0.35','0.24','5.79','28.94','',NULL,NULL,'',NULL,NULL,NULL,NULL,'   ',' ','Remove','-','2024-09-17','2024-09-17 10:02:29.351722',NULL,NULL,NULL,NULL,NULL,2,1,NULL,2,NULL,0),(254,'103340','31194','31194','1','33740','150','1366','Hay-A','40','J-1','2.222','1','10','2','10','--','--','--','--','--','--','--','--','--','--','--','--','20.57','102.87','',NULL,NULL,'',NULL,NULL,NULL,NULL,'       ',' ','Change','-','2024-09-22','2024-09-22 08:28:58.605302',NULL,NULL,NULL,NULL,NULL,2,1,NULL,2,NULL,0),(255,'16000546','140025','140025','1','33832','589','3220','Wasion(LIBRA)','200','J-3','21.6','1','10','2','10','--','--','--','--','--','--','--','--','--','--','--','--','0','0','','70032414','','','','','/  ','2024-09-22',' / ','    ','Remove','-','2024-09-22','2024-09-22 08:38:52.553221',NULL,NULL,NULL,NULL,NULL,2,1,NULL,2,NULL,0),(256,'1868595','1578','1578','1','33217','701','2365','Pasha','40','J-39','0.625','1','10','2','10','--','--','--','--','--','--','--','--','--','--','--','--','5.79','28.94','',NULL,NULL,'',NULL,NULL,NULL,NULL,'    ',' ','Change','-','2024-09-22','2024-09-22 08:52:31.801957',NULL,NULL,NULL,NULL,NULL,2,1,NULL,2,NULL,0),(257,'21393629','6764','6764','1','32720','605','5860','B&T','40','J-39','0.625','1','10','2','10','--','--','--','--','--','--','--','--','--','--','--','--','5.79','28.94','',NULL,NULL,'',NULL,NULL,NULL,NULL,'    ',' ','Change','-','2024-09-22','2024-09-22 08:53:10.871165',NULL,NULL,NULL,NULL,NULL,2,1,NULL,2,NULL,0),(258,'881703052970','3447','3447','1','33072','808','4280','Holley','40','J-39','0.625','1','10','2','10','--','--','--','--','--','--','--','--','--','--','--','--','5.79','28.94','',NULL,NULL,'',NULL,NULL,NULL,NULL,'    ',' ','Change','-','2024-09-22','2024-09-22 09:35:26.887467',NULL,NULL,NULL,NULL,NULL,2,1,NULL,2,NULL,0),(259,'16686240','3708','3708','1','31785','605','4169','Echo','40','J-39','0.625','1','10','2','10','--','--','--','--','--','--','--','--','--','--','--','--','5.79','28.94','',NULL,NULL,'',NULL,NULL,NULL,NULL,'    ',' ','Change','-','2024-09-22','2024-09-22 09:54:44.715043',NULL,NULL,NULL,NULL,NULL,2,1,NULL,2,NULL,0),(260,'299639','1327','1327','1','33178','132','6244','Pasha','40','J-39','0.625','1','10','2','10','--','--','--','--','--','--','--','--','--','--','--','--','5.79','28.94','',NULL,NULL,'',NULL,NULL,NULL,NULL,'    ',' ','Change','-','2024-09-22','2024-09-22 09:56:54.813614',NULL,NULL,NULL,NULL,NULL,2,1,NULL,2,NULL,0),(261,'2996971','411','411','1','33178','132','6244','Pasha','40','J-39','0.625','1','10','2','10','--','--','--','--','--','--','--','--','--','--','--','--','5.79','28.94','',NULL,NULL,'',NULL,NULL,NULL,NULL,'    ',' ','Change','-','2024-09-22','2024-09-22 09:58:58.804244',NULL,NULL,NULL,NULL,NULL,2,1,NULL,2,NULL,0),(262,'2996971','411','411','1','33177','605','2916','Pasha','40','J-39','0.625','1','10','2','10','--','--','--','--','--','--','--','--','--','--','--','--','5.79','28.94','',NULL,NULL,'',NULL,NULL,NULL,NULL,'    ',' ','Change','-','2024-09-22','2024-09-22 10:01:29.037252',NULL,NULL,NULL,NULL,NULL,2,1,NULL,2,NULL,0),(263,'18826045','4474','4474','1','31814','30','1243','B&T','40','J-39','0.625','1','10','2','10','--','--','--','--','--','--','--','--','--','--','--','--','5.79','28.94','',NULL,NULL,'',NULL,NULL,NULL,NULL,'           ',' ','Change','-','2024-09-22','2024-09-22 10:02:12.383811',NULL,NULL,NULL,NULL,NULL,2,1,NULL,2,NULL,0),(264,'77242','x','x','1','32547','133','2620','Techno-D','40','J-39','0.5','1','10','2','10','--','--','--','--','--','--','--','--','--','--','--','--','4.63','23.15','',NULL,NULL,'',NULL,NULL,NULL,NULL,'    ',' ','Change','-','2024-09-22','2024-09-22 10:28:27.200884',NULL,NULL,NULL,NULL,NULL,2,1,NULL,2,NULL,0),(265,'01400414573','x','x','1','89757','605','4347','Hexing','40','J-39','0.625','1','10','2','10','--','--','--','--','--','--','--','--','--','--','--','--','5.79','28.94','',NULL,NULL,'',NULL,NULL,NULL,NULL,' ',' ','Remove','-','2024-09-22','2024-09-22 10:29:46.332369',NULL,NULL,NULL,NULL,NULL,2,1,NULL,2,NULL,0),(266,'127515','x','x','1','33526','132','8680','Techno-D','40','J-39','0.5','1','10','2','10','--','--','--','--','--','--','--','--','--','--','--','--','4.63','23.15','',NULL,NULL,'',NULL,NULL,NULL,NULL,'   LCD  ',' ','Remove','-','2024-09-22','2024-09-22 10:30:25.316285',NULL,NULL,NULL,NULL,NULL,2,1,NULL,2,NULL,0),(267,'15708730','67240','67240','1','33762','124','5520','Hexing-3','200','J-3','10','1','10','2','10','--','--','--','--','--','--','--','--','--','--','--','--','0','0','','57248580','','','','','      ','2024-09-17','    ','    ','Remove','-','2024-09-24','2024-09-24 04:21:32.406738',NULL,NULL,NULL,NULL,NULL,2,1,NULL,2,NULL,0),(268,'1613608','x','x','1','32969','589','2257','Wasion(LIBRA)','200','J-3','21.6','1','10','2','10','--','--','--','--','--','--','--','--','--','--','--','--','0','0','','107430629','','','','',' ','2024-08-27','      ','    ','Change','-','2024-09-24','2024-09-24 04:31:49.352123',NULL,NULL,NULL,NULL,NULL,2,1,NULL,2,NULL,0),(269,'09000219','672.71','672.71','1','33440','589','2905','Wasion(LIBRA)','200','J-4','21.6','1','10','2','10','--','--','--','--','--','--','--','--','--','--','--','--','0','0','','541829903','','','','',' ','2024-09-14','    ','    ','Change','-','2024-09-24','2024-09-24 05:42:07.295123',NULL,NULL,NULL,NULL,NULL,2,1,NULL,2,NULL,0),(270,'14078526','52080','52080','1','','589','2340','Hexing-3','200','J-3','10','1','10','2','10','--','--','--','--','--','--','--','--','--','--','--','--','0','0','','70032414','','','','','/ ','2024-08-31',' / ','    ','Remove','-','2024-09-24','2024-09-24 05:45:29.565880',NULL,NULL,NULL,NULL,NULL,2,1,NULL,2,NULL,0),(271,'22114381','x','x','1','','128','6625','MT(Hangzhou)','200','J-3','10.0','1','10','2','10','--','--','--','--','--','--','--','--','--','--','--','--','0','0','','107427805','','','','','','2024-08-25',' ','    ','Remove','-','2024-09-24','2024-09-24 05:51:33.375184',NULL,NULL,NULL,NULL,NULL,2,1,NULL,2,NULL,0),(272,'12955849','141154','141154','1',NULL,'589','2265','ChungHsin','200','J-2','21.6','1','10','2','10','--','--','--','--','--','--','--','--','--','--','--','--','0','0','','26409371','','','','','      ','2024-08-28','    ','    ','Remove','-','2024-09-24','2024-09-24 06:29:57.668323',NULL,NULL,NULL,NULL,NULL,2,1,NULL,2,NULL,0),(273,'16000532','35833','35833','1','','589','1895','Wasion(LIBRA)','200','J-3','21.6','1','10','2','10','--','--','--','--','--','--','--','--','--','--','--','--','0','0','','57247797','','','','','      ','2024-09-08','    ','    ','Remove','-','2024-09-24','2024-09-24 06:29:02.197749',NULL,NULL,NULL,NULL,NULL,2,1,NULL,2,NULL,0),(274,'22113414','8091','8091','1','','','','MT(Hangzhou)','200','J-3','10.0','1','10','2','10','--','--','--','--','--','--','--','--','--','--','--','--','0','0','','107427496','','','','',' ','2024-08-24','    ','    ','Remove','-','2024-09-24','2024-09-24 08:20:48.374215',NULL,NULL,NULL,NULL,NULL,2,1,NULL,2,NULL,0),(275,'18517766','6756','6756','1','33389','808','1440','B&T','40','J-39','0.625','1','10','2','10','--','--','--','--','--','--','--','--','--','--','--','--','5.79','28.94','',NULL,NULL,'',NULL,NULL,NULL,NULL,'           ',' ','Change','BREB/DNE(DMCS)G-21 Lot-3/2017-18','2024-09-24','2024-09-24 10:38:17.316676',NULL,NULL,NULL,NULL,NULL,2,1,NULL,2,NULL,0),(276,'00085109','14021','14021.1','1','33439','530','1738','Techno-D','40','J-39','0.5','1','10','2','10','4.63','23.24','100.00','100.39','0.00','0.39','4.63','23.24','100.00','100.39','0.00','0.39','4.63','23.15','',NULL,NULL,'',NULL,NULL,NULL,NULL,'  ',' ','Change','-','2024-09-24','2024-09-24 10:38:59.694462',NULL,NULL,NULL,NULL,NULL,2,1,NULL,2,NULL,0),(277,'860383','8780','8780','1','32793','530','1675','Techno-A','40','J-1','2.222','1','10','2','10','--','--','--','--','--','--','--','--','--','--','--','--','20.57','102.87','',NULL,NULL,'',NULL,NULL,NULL,NULL,'       ',' ','Change','-','2024-09-24','2024-09-24 10:39:34.420859',NULL,NULL,NULL,NULL,NULL,2,1,NULL,2,NULL,0),(278,'19925665','x','x','1','33351','530','1245','B&T','40','J-39','0.625','1','10','2','10','--','--','--','--','--','--','--','--','--','--','--','--','5.79','28.94','',NULL,NULL,'',NULL,NULL,NULL,NULL,'    ',' ','Change','-','2024-09-24','2024-09-24 10:40:10.008680',NULL,NULL,NULL,NULL,NULL,2,1,NULL,2,NULL,0),(279,'299991','282','282','1','33260','32','3518','Pasha','40','J-39','0.625','1','10','2','10','--','--','--','--','--','--','--','--','--','--','--','--','5.79','28.94','',NULL,NULL,'',NULL,NULL,NULL,NULL,'    ',' ','Change','G-21-22-053-02-02','2024-09-24','2024-09-24 10:42:13.146526',NULL,NULL,NULL,NULL,NULL,2,1,NULL,2,NULL,0),(280,'00073963','2520','2520.1','1','33268','60','1307','Techno-D','40','J-39','0.5','1','10','2','10','4.62','23.15','99.78','100.00','-0.22','0.00','4.62','23.15','99.78','100.00','-0.22','0.00','4.63','23.15','',NULL,NULL,'',NULL,NULL,NULL,NULL,'  ',' ','Change','G-21-22-053-02-02','2024-09-24','2024-09-24 10:42:48.613509',NULL,NULL,NULL,NULL,NULL,2,1,NULL,2,NULL,0),(281,'2996844','622','622','1','33266','606','3790','Pasha','40','J-39','0.625','1','10','2','10','--','--','--','--','--','--','--','--','--','--','--','--','5.79','28.94','',NULL,NULL,'',NULL,NULL,NULL,NULL,'    ',' ','Change','G-21-22-053-02-02','2024-09-24','2024-09-24 10:43:29.513287',NULL,NULL,NULL,NULL,NULL,2,1,NULL,2,NULL,0),(282,'17354','11926','11926','1','33226','606','3487','Techno-D','40','J-39','0.5','1','10','2','10','--','--','--','--','--','--','--','--','--','--','--','--','4.63','23.15','',NULL,NULL,'',NULL,NULL,NULL,NULL,'         ',' ','Change','-','2024-09-24','2024-09-24 10:44:20.278570',NULL,NULL,NULL,NULL,NULL,2,1,NULL,2,NULL,0),(283,'00126500','8442','8442.1','1','32650','678','5110','Techno-D','40','J-39','0.5','1','10','2','10','4.64','23.08','100.22','99.70','0.22','-0.30','4.64','23.08','100.22','99.70','0.22','-0.30','4.63','23.15','',NULL,NULL,'',NULL,NULL,NULL,NULL,'  ',' ','Change','BREB/DP/IF-39-73/64/2015-2016','2024-09-24','2024-09-24 10:46:50.138630',NULL,NULL,NULL,NULL,NULL,2,1,NULL,2,NULL,0),(284,'881602072576','x','x','1','33205','656','1055','Holley','40','J-39','0.625','1','10','2','10','--','--','--','--','--','--','--','--','--','--','--','--','5.79','28.94','',NULL,NULL,'',NULL,NULL,NULL,NULL,'    ',' ','Change','BREB/DP/IF-39-73/64/2015-2016','2024-09-24','2024-09-24 10:47:47.402240',NULL,NULL,NULL,NULL,NULL,2,1,NULL,2,NULL,0),(285,'2912482','565','565','1','22554','656','1056','Pasha','40','J-39','0.625','1','10','2','10','--','--','--','--','--','--','--','--','--','--','--','--','5.79','28.94','',NULL,NULL,'',NULL,NULL,NULL,NULL,'    ',' ','Change','-','2024-09-24','2024-09-24 10:52:00.758291',NULL,NULL,NULL,NULL,NULL,2,1,NULL,2,NULL,0),(286,'012308','10526','10526','1','33525','100','1784','Techno-A','40','J-1','2.222','1','10','2','10','--','--','--','--','--','--','--','--','--','--','--','--','20.57','102.87','',NULL,NULL,'',NULL,NULL,NULL,NULL,'       ',' ','Change','-','2024-09-24','2024-09-24 10:52:44.124506',NULL,NULL,NULL,NULL,NULL,2,1,NULL,2,NULL,0),(287,'00046345','3431','3431.1','1','33187','318','4871','Techno-D','40','J-39','0.5','1','10','2','10','4.62','23.10','99.78','99.78','-0.22','-0.22','4.62','23.10','99.78','99.78','-0.22','-0.22','4.63','23.15','',NULL,NULL,'',NULL,NULL,NULL,NULL,'  ',' ','Change','-','2024-09-24','2024-09-24 10:55:05.655006',NULL,NULL,NULL,NULL,NULL,2,1,NULL,2,NULL,0),(288,'2632079','1201','1201','1','33387','132','6140','Pasha','40','J-39','0.625','1','10','2','10','--','--','--','--','--','--','--','--','--','--','--','--','5.79','28.94','',NULL,NULL,'',NULL,NULL,NULL,NULL,'    ',' ','Change','G-21-22-053-02-02','2024-09-24','2024-09-24 10:55:46.015923',NULL,NULL,NULL,NULL,NULL,2,1,NULL,2,NULL,0),(289,'18306116','1171','1171','1','29611','59','1840','B&T','40','J-39','0.625','1','10','2','10','--','--','--','--','--','--','--','--','--','--','--','--','5.79','28.94','',NULL,NULL,'',NULL,NULL,NULL,NULL,'    ',' ','Change','BREB/DNE(DMCS)/G-21 Lot-3/2017-18','2024-09-24','2024-09-24 10:57:10.792215',NULL,NULL,NULL,NULL,NULL,2,1,NULL,2,NULL,0),(290,'2985491','1375','1375.1','1','33357','59','1825','Pasha','40','J-39','0.625','1','10','2','10','5.81','28.90','100.35','99.86','0.35','-0.14','5.81','28.90','100.35','99.86','0.35','-0.14','5.79','28.94','',NULL,NULL,'',NULL,NULL,NULL,NULL,'  ',' ','Change','-','2024-09-24','2024-09-24 10:57:42.158466',NULL,NULL,NULL,NULL,NULL,2,1,NULL,2,NULL,0),(291,'106861','7803','7803','1','33366','729','1080','Techno-A','40','J-1','2.222','1','10','2','10','--','--','--','--','--','--','--','--','--','--','--','--','20.57','102.87','',NULL,NULL,'',NULL,NULL,NULL,NULL,'       ',' ','Change','-','2024-09-24','2024-09-24 11:06:55.191766',NULL,NULL,NULL,NULL,NULL,2,1,NULL,2,NULL,0),(292,'6405','3690','3690','1','33365','729','1130','Holley','40','J-39','0.625','1','10','2','10','--','--','--','--','--','--','--','--','--','--','--','--','5.79','28.94','',NULL,NULL,'',NULL,NULL,NULL,NULL,'     ',' ','Change','-','2024-09-24','2024-09-24 11:07:29.020823',NULL,NULL,NULL,NULL,NULL,2,1,NULL,2,NULL,0),(293,'00049211','5799','5799.1','1','33364','729','1081','Techno-D','40','J-39','0.5','1','10','2','10','4.62','23.07','99.78','99.65','-0.22','-0.35','4.62','23.07','99.78','99.65','-0.22','-0.35','4.63','23.15','',NULL,NULL,'',NULL,NULL,NULL,NULL,'  ',' ','Change','-','2024-09-24','2024-09-24 11:08:08.270101',NULL,NULL,NULL,NULL,NULL,2,1,NULL,2,NULL,0),(294,'21461977','42','42.1','1','33097','822','1035','B&T','40','J-39','0.625','1','10','2','10','5.78','28.96','99.83','100.07','-0.17','0.07','5.78','28.96','99.83','100.07','-0.17','0.07','5.79','28.94','',NULL,NULL,'',NULL,NULL,NULL,NULL,'         ',' ','Change','BREB/DNE(DMCS)G-49 Lot-2/2020-21','2024-09-24','2024-09-24 11:09:21.162892',NULL,NULL,NULL,NULL,NULL,2,1,NULL,2,NULL,0),(295,'1874068','3160','3160','1','31523','145','1579','Pasha','40','J-39','0.625','1','10','2','10','--','--','--','--','--','--','--','--','--','--','--','--','5.79','28.94','',NULL,NULL,'',NULL,NULL,NULL,NULL,'    ',' ','Change','-','2024-09-24','2024-09-24 11:09:55.755937',NULL,NULL,NULL,NULL,NULL,2,1,NULL,2,NULL,0),(296,'00028796','5024','5024','1','33108','100','3516','Techno-D','40','J-39','0.5','1','10','2','10','--','--','--','--','--','--','--','--','--','--','--','--','4.63','23.15','',NULL,NULL,'',NULL,NULL,NULL,NULL,'    ',' ','Change','-','2024-09-24','2024-09-24 11:10:28.377165',NULL,NULL,NULL,NULL,NULL,2,1,NULL,2,NULL,0),(297,'21436627','17','17','1','31539','783','2170','B&T','40','J-39','0.625','1','10','2','10','--','--','--','--','--','--','--','--','--','--','--','--','5.79','28.94','',NULL,NULL,'',NULL,NULL,NULL,NULL,'         ',' ','Change','-','2024-09-24','2024-09-24 11:10:59.278630',NULL,NULL,NULL,NULL,NULL,2,1,NULL,2,NULL,0),(298,'00070572','x','x','1','92720','714','1640','Techno-D','40','J-39','0.5','1','10','2','10','--','--','--','--','--','--','--','--','--','--','--','--','4.63','23.15','',NULL,NULL,'',NULL,NULL,NULL,NULL,' ',' ','Remove','-','2024-09-24','2024-09-24 11:11:31.295529',NULL,NULL,NULL,NULL,NULL,2,1,NULL,2,NULL,0),(299,'00007046','x','x','1','33838','150','1275','Techno-D','40','J-39','0.5','1','10','2','10','--','--','--','--','--','--','--','--','--','--','--','--','4.63','23.15','',NULL,NULL,'',NULL,NULL,NULL,NULL,' ',' ','Remove','-','2024-09-24','2024-09-24 11:12:07.363596',NULL,NULL,NULL,NULL,NULL,2,1,NULL,2,NULL,0),(300,'876092','6287','6287','1','33831','187','1260','Techno-A','40','J-1','2.222','1','10','2','10','--','--','--','--','--','--','--','--','--','--','--','--','20.57','102.87','',NULL,NULL,'',NULL,NULL,NULL,NULL,' ',' ','Remove','-','2024-09-24','2024-09-24 11:12:47.585202',NULL,NULL,NULL,NULL,NULL,2,1,NULL,2,NULL,0),(301,'3241905','1626','1626.1','1','33604','491','5040','B&T','40','J-39','0.625','1','10','2','10','5.80','28.91','100.17','99.90','0.17','-0.10','5.80','28.91','100.17','99.90','0.17','-0.10','5.79','28.94','',NULL,NULL,'',NULL,NULL,NULL,NULL,'  ',' ','Change','BREB/DP-PBSF-G-156-Lot-1/087','2024-09-24','2024-09-24 11:13:42.176781',NULL,NULL,NULL,NULL,NULL,2,1,NULL,2,NULL,0),(302,'00024517','661','661.1','1','33605','491','4042','Techno-D','40','J-39','0.5','1','10','2','10','4.64','23.16','100.22','100.04','0.22','0.04','4.64','23.16','100.22','100.04','0.22','0.04','4.63','23.15','',NULL,NULL,'',NULL,NULL,NULL,NULL,'  ',' ','Change','G-21-22-053-02-02','2024-09-24','2024-09-24 11:14:25.944137',NULL,NULL,NULL,NULL,NULL,2,1,NULL,2,NULL,0),(303,'33382','x','x','1','31855','481','2520','Techno-D','40','J-39','0.5','1','10','2','10','--','--','--','--','--','--','--','--','--','--','--','--','4.63','23.15','',NULL,NULL,'',NULL,NULL,NULL,NULL,'         ',' ','Remove','-','2024-09-24','2024-09-24 11:16:05.424357',NULL,NULL,NULL,NULL,NULL,2,1,NULL,2,NULL,0),(304,'415218','4457','4457.1','1','33408','146','7085','Hosaf-D','40','J-39','0.625','1','10','2','10','5.76','29.00','99.48','100.21','-0.52','0.21','5.76','29.00','99.48','100.21','-0.52','0.21','5.79','28.94','',NULL,NULL,'',NULL,NULL,NULL,NULL,'  ',' ','Change','-','2024-09-24','2024-09-24 11:16:41.894042',NULL,NULL,NULL,NULL,NULL,2,1,NULL,2,NULL,0),(305,'593926','32376','32376','1','33025','487','1000','Hosaf-A','40','J-1','0.625','1','10','2','10','--','--','--','--','--','--','--','--','--','--','--','--','20.57','102.87','',NULL,NULL,'',NULL,NULL,NULL,NULL,'       ',' ','Change','-','2024-09-24','2024-09-24 11:17:19.600386',NULL,NULL,NULL,NULL,NULL,2,1,NULL,2,NULL,0),(306,'106653','22903','22903','1','33243','511','3320','Hosaf-A','40','J-1','0.625','1','10','2','10','--','--','--','--','--','--','--','--','--','--','--','--','20.57','102.87','',NULL,NULL,'',NULL,NULL,NULL,NULL,'       ',' ','Change','-','2024-09-24','2024-09-24 11:17:45.256964',NULL,NULL,NULL,NULL,NULL,2,1,NULL,2,NULL,0),(307,'00004538','5508','5508.1','1','32378','145','1363','Techno-D','40','J-39','0.5','1','10','2','10','4.65','23.17','100.43','100.09','0.43','0.09','4.65','23.17','100.43','100.09','0.43','0.09','4.63','23.15','',NULL,NULL,'',NULL,NULL,NULL,NULL,'  ',' ','Change','-','2024-09-24','2024-09-24 11:18:29.750878',NULL,NULL,NULL,NULL,NULL,2,1,NULL,2,NULL,0),(308,'325096','5762','5762','1','33377','630','4150','Hosaf-D','40','J-39','0.625','1','10','2','10','--','--','--','--','--','--','--','--','--','--','--','--','5.79','28.94','',NULL,NULL,'',NULL,NULL,NULL,NULL,' ',' ','Remove','-','2024-09-24','2024-09-24 11:19:19.966909',NULL,NULL,NULL,NULL,NULL,2,1,NULL,2,NULL,0),(309,'3889005','17874','17874.1','1','33378','818','1075','General','40','J-1','2.5','1','10','2','10','23.26','115.40','100.48','99.74','0.48','-0.26','23.26','115.40','100.48','99.74','0.48','-0.26','23.15','115.7','',NULL,NULL,'',NULL,NULL,NULL,NULL,'       ',' ','Remove','-','2024-09-24','2024-09-24 11:20:08.228135',NULL,NULL,NULL,NULL,NULL,2,1,NULL,2,NULL,0),(310,'2638900','468','468','1','33376','702','2040','Pasha','40','J-39','0.625','1','10','2','10','--','--','--','--','--','--','--','--','--','--','--','--','5.79','28.94','',NULL,NULL,'',NULL,NULL,NULL,NULL,' ',' ','Remove','-','2024-09-24','2024-09-24 11:20:36.683022',NULL,NULL,NULL,NULL,NULL,2,1,NULL,2,NULL,0),(311,'1856958','x','x','1','33469','123','1145','Pasha','40','J-39','0.625','1','10','2','10','--','--','--','--','--','--','--','--','--','--','--','--','5.79','28.94','',NULL,NULL,'',NULL,NULL,NULL,NULL,'   ',' ','Remove','-','2024-09-24','2024-09-24 11:21:06.850446',NULL,NULL,NULL,NULL,NULL,2,1,NULL,2,NULL,0),(312,'2945934','1079','1079','1','32966','481','2490','Pasha','40','J-39','0.625','1','10','2','10','--','--','--','--','--','--','--','--','--','--','--','--','5.79','28.94','',NULL,NULL,'',NULL,NULL,NULL,NULL,'    ',' ','Change','-','2024-09-24','2024-09-24 11:21:44.911317',NULL,NULL,NULL,NULL,NULL,2,1,NULL,2,NULL,0),(313,'18532035','28','28','1','31268','504','1975','B&T','40','J-39','0.625','1','10','2','10','--','--','--','--','--','--','--','--','--','--','--','--','5.79','28.94','',NULL,NULL,'',NULL,NULL,NULL,NULL,'         ',' ','Change','-','2024-09-24','2024-09-24 11:42:01.481839',NULL,NULL,NULL,NULL,NULL,2,1,NULL,2,NULL,0),(314,'00009529','x','x','1','32613','701','2715','Techno-D','40','J-39','0.5','1','10','2','10','--','--','--','--','--','--','--','--','--','--','--','--','4.63','23.15','',NULL,NULL,'',NULL,NULL,NULL,NULL,'    ',' ','Change','-','2024-09-24','2024-09-24 11:42:34.253203',NULL,NULL,NULL,NULL,NULL,2,1,NULL,2,NULL,0),(315,'19926384','x','x','1','33857','504','1821','B&T','40','J-39','0.625','1','10','2','10','--','--','--','--','--','--','--','--','--','--','--','--','5.79','28.94','',NULL,NULL,'',NULL,NULL,NULL,NULL,' ',' ','Remove','-','2024-09-24','2024-09-24 11:46:08.724466',NULL,NULL,NULL,NULL,NULL,2,1,NULL,2,NULL,0),(316,'1687124','329','329','1','30938','54','7640','Pasha','40','J-39','0.625','1','10','2','10','--','--','--','--','--','--','--','--','--','--','--','--','5.79','28.94','',NULL,NULL,'',NULL,NULL,NULL,NULL,'    ',' ','Change','G-21-22-053-02-02','2024-09-25','2024-09-25 03:42:51.514980',NULL,NULL,NULL,NULL,NULL,2,1,NULL,2,NULL,0),(317,'21069349','3147','3147','1','325743','576','9475','B&T','40','J-39','0.625','1','10','2','10','--','--','--','--','--','--','--','--','--','--','--','--','5.79','28.94','',NULL,NULL,'',NULL,NULL,NULL,NULL,'    ',' ','Change','G-19-20-053-02-02','2024-09-25','2024-09-25 03:43:35.288803',NULL,NULL,NULL,NULL,NULL,2,1,NULL,2,NULL,0),(318,'2639193','505','505','1','31935','576','9516','B&T','40','J-39','0.625','1','10','2','10','--','--','--','--','--','--','--','--','--','--','--','--','5.79','28.94','',NULL,NULL,'',NULL,NULL,NULL,NULL,'    ',' ','Change','G-21-22-053-02-02','2024-09-25','2024-09-25 03:44:10.712025',NULL,NULL,NULL,NULL,NULL,2,1,NULL,2,NULL,0),(319,'881703020439','8276','8276','1','31763','576','4017','Holley','40','J-39','0.625','1','10','2','10','--','--','--','--','--','--','--','--','--','--','--','--','5.79','28.94','',NULL,NULL,'',NULL,NULL,NULL,NULL,'    ',' ','Change','2.5MCC-G-7-002','2024-09-25','2024-09-25 03:44:55.967389',NULL,NULL,NULL,NULL,NULL,2,1,NULL,2,NULL,0),(320,'409239','1922','1922.1','1','32833','576','4951','Hosaf-D','40','J-39','0.625','1','10','2','10','5.78','28.80','99.83','99.52','-0.17','-0.48','5.78','28.80','99.83','99.52','-0.17','-0.48','5.79','28.94','',NULL,NULL,'',NULL,NULL,NULL,NULL,'  ',' ','Change','G-20-21-053-02-01','2024-09-25','2024-09-25 03:45:51.042818',NULL,NULL,NULL,NULL,NULL,2,1,NULL,2,NULL,0),(321,'394994','3364','3364','1','32335','824','8500','Hosaf-D','40','J-39','0.625','1','10','2','10','--','--','--','--','--','--','--','--','--','--','--','--','5.79','28.94','',NULL,NULL,'',NULL,NULL,NULL,NULL,'    ',' ','Change','G-20-21-053-02-01','2024-09-25','2024-09-25 03:46:23.308770',NULL,NULL,NULL,NULL,NULL,2,1,NULL,2,NULL,0),(322,'S00130211','1135','1135','1','32792','824','2004','Meter D.Tech','40','J-39','0.5','1','10','2','10','--','--','--','--','--','--','--','--','--','--','--','--','5.79','28.94','',NULL,NULL,'',NULL,NULL,NULL,NULL,'  ',' ','Change','G-18-19-053-02-02','2024-09-25','2024-09-25 03:47:04.262490',NULL,NULL,NULL,NULL,NULL,2,1,NULL,2,NULL,0),(323,'17616517','17','17.1','1','31001','39','1364','Hexing','40','J-39','0.625','1','10','2','10','5.78','28.82','99.83','99.59','-0.17','-0.41','5.78','28.82','99.83','99.59','-0.17','-0.41','5.79','28.94','',NULL,NULL,'',NULL,NULL,NULL,NULL,'         ',' ','Change','BREB/URIDS(DMCS)URIDS(E) G-17-01/2017-2018','2024-09-25','2024-09-25 03:47:56.583077',NULL,NULL,NULL,NULL,NULL,2,1,NULL,2,NULL,0),(324,'33637','21654','21654','1','32669','74','1535','Techno-D','40','J-39','0.5','1','10','2','10','--','--','--','--','--','--','--','--','--','--','--','--','4.63','23.15','',NULL,NULL,'',NULL,NULL,NULL,NULL,'   LCD  ',' ','Change','BREB/DP/IF-42-77/68/2016-2017','2024-09-25','2024-09-25 03:49:21.672508',NULL,NULL,NULL,NULL,NULL,2,1,NULL,2,NULL,0),(325,'044303','x','x','1','32611','66','1915','Holley','40','J-39','0.625','1','10','2','10','--','--','--','--','--','--','--','--','--','--','--','--','5.79','28.94','',NULL,NULL,'',NULL,NULL,NULL,NULL,'   LCD  ',' ','Change','BREB/DDP-II-G-16-Lot-2/2015-2016/35','2024-09-25','2024-09-25 03:50:16.677161',NULL,NULL,NULL,NULL,NULL,2,1,NULL,2,NULL,0),(326,'18947009','x','x','1','33143','605','5936','B&T','40','J-39','0.625','1','10','2','10','--','--','--','--','--','--','--','--','--','--','--','--','5.79','28.94','',NULL,NULL,'',NULL,NULL,NULL,NULL,'    ',' ','Change','BREB/DDP-II-G-16-Lot-2/2015-2016/35','2024-09-25','2024-09-25 03:52:13.582677',NULL,NULL,NULL,NULL,NULL,2,1,NULL,2,NULL,0),(327,'00092879','2137','2137.1','1','32416','74','7800','Techno-D','40','J-39','0.5','1','10','2','10','4.63','23.05','100.00','99.57','0.00','-0.43','4.63','23.05','100.00','99.57','0.00','-0.43','4.63','23.15','',NULL,NULL,'',NULL,NULL,NULL,NULL,'  ',' ','Remove','BREB/DDP-II-G-16-Lot-2/2015-2016/35','2024-09-25','2024-09-25 03:59:20.052640',NULL,NULL,NULL,NULL,NULL,2,1,NULL,2,NULL,0),(328,'00065309','2430','2430.1','1','31984','824','3495','D Tech','40','J-39','0.5','1','10','2','10','5.80','28.89','100.17','99.83','0.17','-0.17','5.80','28.89','100.17','99.83','0.17','-0.17','5.79','28.94','',NULL,NULL,'',NULL,NULL,NULL,NULL,'  ',' ','Change','G-18-19-053-02-02','2024-09-25','2024-09-25 04:02:27.639178',NULL,NULL,NULL,NULL,NULL,2,1,NULL,2,NULL,0),(329,'20359020','9010','9010.1','1','33359','54','7360','B&T','40','J-39','0.625','1','10','2','10','5.77','28.98','99.65','100.14','-0.35','0.14','5.77','28.98','99.65','100.14','-0.35','0.14','5.79','28.94','',NULL,NULL,'',NULL,NULL,NULL,NULL,'    ',' ','Change','G-18-19-053-02-02','2024-09-25','2024-09-25 04:03:10.091094',NULL,NULL,NULL,NULL,NULL,2,1,NULL,2,NULL,0),(330,'18266','4948','4948','1','31453','74','2615','Techno-D','40','J-39','0.5','1','10','2','10','--','--','--','--','--','--','--','--','--','--','--','--','4.63','23.15','',NULL,NULL,'',NULL,NULL,NULL,NULL,' ',' ','Change','BREB/1.8MCCP/89-210-Lot-3/2015-2016','2024-09-25','2024-09-25 04:32:38.851438',NULL,NULL,NULL,NULL,NULL,2,1,NULL,2,NULL,0),(331,'1786261','1716','1716','1','30520','74','4580','Pasha','40','J-39','0.625','1','10','2','10','--','--','--','--','--','--','--','--','--','--','--','--','5.79','28.94','',NULL,NULL,'',NULL,NULL,NULL,NULL,'    ',' ','Change','G-21-22-053-02-02','2024-09-25','2024-09-25 04:33:48.438098',NULL,NULL,NULL,NULL,NULL,2,1,NULL,2,NULL,0),(332,'1194424','3493','3493.1','1','32447','54','1077','Smart','40','J-39','0.625','1','10','2','10','5.79','28.80','100.00','99.52','0.00','-0.48','5.79','28.80','100.00','99.52','0.00','-0.48','5.79','28.94','',NULL,NULL,'',NULL,NULL,NULL,NULL,'  ',' ','Change','-','2024-09-25','2024-09-25 04:34:32.765157',NULL,NULL,NULL,NULL,NULL,2,1,NULL,2,NULL,0),(333,'00173736','21736','21736','1','30729','39','5725','Techno-A','40','J-1','2.222','1','10','2','10','--','--','--','--','--','--','--','--','--','--','--','--','20.57','102.87','',NULL,NULL,'',NULL,NULL,NULL,NULL,'       ',' ','Change','-','2024-09-25','2024-09-25 04:56:07.956705',NULL,NULL,NULL,NULL,NULL,2,1,NULL,2,NULL,0),(334,'00028926','1807','1807.1','1','33158','74','5330','Techno-D','40','J-39','0.5','1','10','2','10','4.64','23.18','100.22','100.13','0.22','0.13','4.64','23.18','100.22','100.13','0.22','0.13','4.63','23.15','',NULL,NULL,'',NULL,NULL,NULL,NULL,'  ',' ','Remove','-','2024-09-25','2024-09-25 04:57:50.032909',NULL,NULL,NULL,NULL,NULL,2,1,NULL,2,NULL,0),(335,'1688667','735','735','1','30410','54','7157','Pasha','40','J-39','0.625','1','10','2','10','--','--','--','--','--','--','--','--','--','--','--','--','5.79','28.94','',NULL,NULL,'',NULL,NULL,NULL,NULL,'    ',' ','Change','G-21-22-053-02-02','2024-09-25','2024-09-25 04:58:20.605746',NULL,NULL,NULL,NULL,NULL,2,1,NULL,2,NULL,0),(336,'19320673','3','3','1','32381','54','4333','B&T','40','J-39','0.625','1','10','2','10','--','--','--','--','--','--','--','--','--','--','--','--','5.79','28.94','',NULL,NULL,'',NULL,NULL,NULL,NULL,'         ',' ','Change','G-21-22-053-02-02','2024-09-25','2024-09-25 04:58:57.622374',NULL,NULL,NULL,NULL,NULL,2,1,NULL,2,NULL,0),(337,'1843022','1590','1590','1','32551','54','1232','Pasha','40','J-39','0.625','1','10','2','10','--','--','--','--','--','--','--','--','--','--','--','--','5.79','28.94','',NULL,NULL,'',NULL,NULL,NULL,NULL,'    ',' ','Change','G-21-22-053-02-02','2024-09-25','2024-09-25 04:59:55.689013',NULL,NULL,NULL,NULL,NULL,2,1,NULL,2,NULL,0),(338,'1742731','x','x','1','30473','294','1626','Pasha','40','J-39','0.625','1','10','2','10','--','--','--','--','--','--','--','--','--','--','--','--','5.79','28.94','',NULL,NULL,'',NULL,NULL,NULL,NULL,'    ',' ','Change','G-21-22-053-02-02','2024-09-25','2024-09-25 05:01:36.288965',NULL,NULL,NULL,NULL,NULL,2,1,NULL,2,NULL,0),(339,'002937','1724','1724','1','33736','672','7192','Techno-D','40','J-39','0.5','1','10','2','10','--','--','--','--','--','--','--','--','--','--','--','--','4.63','23.15','',NULL,NULL,'',NULL,NULL,NULL,NULL,'     ',' ','Remove','-','2024-09-25','2024-09-25 06:00:44.164775',NULL,NULL,NULL,NULL,NULL,2,1,NULL,2,NULL,0),(340,'21081670','x','x','1','33828','670','3667','B&T','40','J-39','0.625','1','10','2','10','--','--','--','--','--','--','--','--','--','--','--','--','5.79','28.94','',NULL,NULL,'',NULL,NULL,NULL,NULL,' ',' ','Remove','-','2024-09-25','2024-09-25 06:01:19.187119',NULL,NULL,NULL,NULL,NULL,2,1,NULL,2,NULL,0),(341,'668798','9676','9676','1','33822','808','3740','Techno-A','40','J-1','2.222','1','10','2','10','--','--','--','--','--','--','--','--','--','--','--','--','20.57','102.87','',NULL,NULL,'',NULL,NULL,NULL,NULL,' ',' ','Change','-','2024-09-25','2024-09-25 06:01:54.594520',NULL,NULL,NULL,NULL,NULL,2,1,NULL,2,NULL,0),(342,'00059279','x','x','1','30862','495','1560','Techno-D','40','J-39','0.5','1','10','2','10','--','--','--','--','--','--','--','--','--','--','--','--','4.63','23.15','',NULL,NULL,'',NULL,NULL,NULL,NULL,' ',' ','Remove','-','2024-09-25','2024-09-25 06:08:36.097726',NULL,NULL,NULL,NULL,NULL,2,1,NULL,2,NULL,0),(343,'00055760','4149','4149','1','33749','602','6840','Techno-D','40','J-39','0.5','1','10','2','10','--','--','--','--','--','--','--','--','--','--','--','--','4.63','23.15','',NULL,NULL,'',NULL,NULL,NULL,NULL,'   ',' ','Remove','-','2024-09-25','2024-09-25 06:09:35.191818',NULL,NULL,NULL,NULL,NULL,2,1,NULL,2,NULL,0),(344,'00078404','5803','5803','1','33744','26','3387','Techno-D','40','J-39','0.5','1','10','2','10','--','--','--','--','--','--','--','--','--','--','--','--','4.63','23.15','',NULL,NULL,'',NULL,NULL,NULL,NULL,'   ',' ','Remove','-','2024-09-25','2024-09-25 06:10:32.246516',NULL,NULL,NULL,NULL,NULL,2,1,NULL,2,NULL,0),(345,'1401157751','5879','5879.1','1','33743','317','1402','Hexcell','40','J-39','0.625','1','10','2','10','5.80','28.97','100.17','100.10','0.17','0.10','5.80','28.97','100.17','100.10','0.17','0.10','5.79','28.94','',NULL,NULL,'',NULL,NULL,NULL,NULL,'    ',' ','Change','-','2024-09-25','2024-09-25 06:14:12.426727',NULL,NULL,NULL,NULL,NULL,2,1,NULL,2,NULL,0),(346,'398731','5940','5940.1','1','33422','701','2407','Hosaf-D','40','J-39','0.625','1','10','2','10','5.77','28.90','99.65','99.86','-0.35','-0.14','5.77','28.90','99.65','99.86','-0.35','-0.14','5.79','28.94','',NULL,NULL,'',NULL,NULL,NULL,NULL,'  ',' ','Change','-','2024-09-25','2024-09-25 06:15:02.530608',NULL,NULL,NULL,NULL,NULL,2,1,NULL,2,NULL,0),(347,'416222','x','x','1','33161','678','2615','Pasha','40','J-39','0.625','1','10','2','10','--','--','--','--','--','--','--','--','--','--','--','--','5.79','28.94','',NULL,NULL,'',NULL,NULL,NULL,NULL,' ',' ','Remove','-','2024-09-25','2024-09-25 06:18:31.519548',NULL,NULL,NULL,NULL,NULL,2,1,NULL,2,NULL,0),(348,'12314125','6940','6940','1','33613','150','1417','Hexing','40','J-39','0.625','1','10','2','10','--','--','--','--','--','--','--','--','--','--','--','--','5.79','28.94','',NULL,NULL,'',NULL,NULL,NULL,NULL,' ',' ','Remove','BREB/1.8MCCP/45-107-Lot-3/2013-2014','2024-09-25','2024-09-25 06:21:10.565221',NULL,NULL,NULL,NULL,NULL,2,1,NULL,2,NULL,0),(349,'00036837','17095','17095','1','33870','616','8945','Techno-D','40','J-39','0.5','1','10','2','10','--','--','--','--','--','--','--','--','--','--','--','--','4.63','23.15','',NULL,NULL,'',NULL,NULL,NULL,NULL,' ',' ','Change','BREB/1.8MCCP/45-107-Lot-3/2013-2014','2024-09-25','2024-09-25 06:22:53.906787',NULL,NULL,NULL,NULL,NULL,2,1,NULL,2,NULL,0),(350,'0036878','x','x','1','33869','616','8947','Techno-D','40','J-39','0.5','1','10','2','10','--','--','--','--','--','--','--','--','--','--','--','--','4.63','23.15','',NULL,NULL,'',NULL,NULL,NULL,NULL,' ',' ','Remove','-','2024-09-25','2024-09-25 06:23:29.831693',NULL,NULL,NULL,NULL,NULL,2,1,NULL,2,NULL,0),(351,'21067909','7503','7503','1','33719','847','1316','B&T','40','J-39','0.625','1','10','2','10','--','--','--','--','--','--','--','--','--','--','--','--','5.79','28.94','',NULL,NULL,'',NULL,NULL,NULL,NULL,'           ',' ','Change','-','2024-09-25','2024-09-25 06:24:08.768833',NULL,NULL,NULL,NULL,NULL,2,1,NULL,2,NULL,0),(352,'00046911','7690','7690','1','32011','511','2005','Techno-D','40','J-39','0.5','1','10','2','10','--','--','--','--','--','--','--','--','--','--','--','--','4.63','23.15','',NULL,NULL,'',NULL,NULL,NULL,NULL,'     ',' ','Change','-','2024-09-25','2024-09-25 07:14:30.606529',NULL,NULL,NULL,NULL,NULL,2,1,NULL,2,NULL,0),(353,'1841129','824','824.1','1','32080','493','1232','Pasha','40','J-39','0.625','1','10','2','10','5.77','29.05','99.65','100.38','-0.35','0.38','5.77','29.05','99.65','100.38','-0.35','0.38','5.79','28.94','',NULL,NULL,'',NULL,NULL,NULL,NULL,'  ',' ','Change','-','2024-09-25','2024-09-25 07:15:34.138805',NULL,NULL,NULL,NULL,NULL,2,1,NULL,2,NULL,0),(354,'0796727','x','x','1','32519','97','2722','Pasha','40','J-39','0.625','1','10','2','10','--','--','--','--','--','--','--','--','--','--','--','--','5.79','28.94','',NULL,NULL,'',NULL,NULL,NULL,NULL,'    ',' ','Change','-','2024-09-25','2024-09-25 07:16:08.199997',NULL,NULL,NULL,NULL,NULL,2,1,NULL,2,NULL,0),(355,'21414405','3684','3684.1','1','33424','487','1108','B&T','40','J-39','0.625','1','10','2','10','5.79','29.00','100.00','100.21','0.00','0.21','5.79','29.00','100.00','100.21','0.00','0.21','5.79','28.94','',NULL,NULL,'',NULL,NULL,NULL,NULL,'    ',' ','Change','-','2024-09-25','2024-09-25 07:17:31.896533',NULL,NULL,NULL,NULL,NULL,2,1,NULL,2,NULL,0),(356,'00047297','3412','3412.1','1','33382','672','9632','Techno-D','40','J-39','0.5','1','10','2','10','4.65','23.13','100.43','99.91','0.43','-0.09','4.65','23.13','100.43','99.91','0.43','-0.09','4.63','23.15','',NULL,NULL,'',NULL,NULL,NULL,NULL,'  ',' ','Change','-','2024-09-25','2024-09-25 07:39:11.517573',NULL,NULL,NULL,NULL,NULL,2,1,NULL,2,NULL,0),(357,'1053544','5056','5056','1','32010','511','2000','Techno-A','40','J-1','2.222','1','10','2','10','--','--','--','--','--','--','--','--','--','--','--','--','20.57','102.87','',NULL,NULL,'',NULL,NULL,NULL,NULL,'       ',' ','Change','-','2024-09-25','2024-09-25 07:39:51.513218',NULL,NULL,NULL,NULL,NULL,2,1,NULL,2,NULL,0),(358,'25053','13788','13788.1','1','33423','658','1826','Techno-A','40','J-1','2.222','1','10','2','10','20.48','102.73','99.56','99.86','-0.44','-0.14','20.48','102.73','99.56','99.86','-0.44','-0.14','20.57','102.87','',NULL,NULL,'',NULL,NULL,NULL,NULL,'       ',' ','Change','-','2024-09-25','2024-09-25 07:47:40.246170',NULL,NULL,NULL,NULL,NULL,1,1,NULL,1,NULL,0),(359,'1868216','928','928','1','30505','74','1207','Pasha','40','J-39','0.625','1','10','2','10','--','--','--','--','--','--','--','--','--','--','--','--','5.79','28.94','',NULL,NULL,'',NULL,NULL,NULL,NULL,'    ',' ','Change','-','2024-09-25','2024-09-25 10:03:18.929391',NULL,NULL,NULL,NULL,NULL,1,1,NULL,1,NULL,0),(360,'069743','10960','10960','1','33413','604','1140','Techno-A','40','J-1','2.222','1','10','2','10','--','--','--','--','--','--','--','--','--','--','--','--','20.57','102.87','',NULL,NULL,'',NULL,NULL,NULL,NULL,'       ',' ','Remove','-','2024-09-25','2024-09-25 10:04:00.164031',NULL,NULL,NULL,NULL,NULL,1,1,NULL,1,NULL,0),(361,'20359156','x','x','1','33759','139','2410','B&T','40','J-39','0.625','1','10','2','10','--','--','--','--','--','--','--','--','--','--','--','--','5.79','28.94','',NULL,NULL,'',NULL,NULL,NULL,NULL,' ',' ','Remove','-','2024-09-25','2024-09-25 10:04:46.963529',NULL,NULL,NULL,NULL,NULL,1,1,NULL,1,NULL,0),(363,'450681','x','x','1','33866','33','1070','Hosaf-D','40','J-39','0.625','1','10','2','10','--','--','--','--','--','--','--','--','--','--','--','--','5.79','28.94','',NULL,NULL,'',NULL,NULL,NULL,NULL,' ',' ','Remove','-','2024-09-25','2024-09-25 13:48:45.614577',NULL,NULL,NULL,NULL,NULL,1,1,NULL,1,NULL,0),(364,'881703239801','x','x','1','33705','141','1536','Holley','40','J-39','0.625','1','10','2','10','--','--','--','--','--','--','--','--','--','--','--','--','5.79','28.94','',NULL,NULL,'',NULL,NULL,NULL,NULL,' ',' ','Change','-','2024-09-26','2024-09-26 07:47:33.421299',NULL,NULL,NULL,NULL,NULL,1,1,NULL,1,NULL,0),(365,'17201232','x','x','1','30769','478','1090','Echo','40','J-39','0.625','1','10','2','10','--','--','--','--','--','--','--','--','--','--','--','--','5.79','28.94','',NULL,NULL,'',NULL,NULL,NULL,NULL,'     ',' ','Change','BREB/1.5MCCP/G-33-Lot-3/2016-2017','2024-09-26','2024-09-26 07:48:49.447739',NULL,NULL,NULL,NULL,NULL,1,1,NULL,1,NULL,0),(366,'1898470','x','x','1','31756','622','1593','Pasha','40','J-39','0.625','1','10','2','10','--','--','--','--','--','--','--','--','--','--','--','--','5.79','28.94','',NULL,NULL,'',NULL,NULL,NULL,NULL,'    ',' ','Change','-','2024-09-26','2024-09-26 07:49:22.711516',NULL,NULL,NULL,NULL,NULL,1,1,NULL,1,NULL,0),(367,'21000594','7528','7528.1','1','32136','622','1629','B&T','40','J-39','0.625','1','10','2','10','5.77','28.94','99.65','100.00','-0.35','0.00','5.77','28.94','99.65','100.00','-0.35','0.00','5.79','28.94','',NULL,NULL,'',NULL,NULL,NULL,NULL,'  ',' ','Change','-','2024-09-26','2024-09-26 07:49:55.357039',NULL,NULL,NULL,NULL,NULL,1,1,NULL,1,NULL,0),(368,'173976','6039','6039','1','33259','490','1007','Hosaf-D','40','J-39','0.625','1','10','2','10','--','--','--','--','--','--','--','--','--','--','--','--','5.79','28.94','',NULL,NULL,'',NULL,NULL,NULL,NULL,'     ',' ','Change','-','2024-09-26','2024-09-26 07:50:58.047498',NULL,NULL,NULL,NULL,NULL,1,1,NULL,1,NULL,0),(369,'00059648','1632','1632.1','1','33348','622','1701','Techno-D','40','J-39','0.5','1','10','2','10','4.65','23.08','100.43','99.70','0.43','-0.30','4.65','23.08','100.43','99.70','0.43','-0.30','4.63','23.15','',NULL,NULL,'',NULL,NULL,NULL,NULL,'  ',' ','Remove','-','2024-09-26','2024-09-26 07:51:27.151172',NULL,NULL,NULL,NULL,NULL,1,1,NULL,1,NULL,0),(370,'00066667','2212','2212.1','1','33417','95','7040','D Tech','40','J-39','0.5','1','10','2','10','5.77','28.84','99.65','99.65','-0.35','-0.35','5.77','28.84','99.65','99.65','-0.35','-0.35','5.79','28.94','',NULL,NULL,'',NULL,NULL,NULL,NULL,'  ',' ','Change','BREB/DP/BREB-own-G-24 Lot-1/171/2019-2020','2024-09-26','2024-09-26 07:52:26.129208',NULL,NULL,NULL,NULL,NULL,1,1,NULL,1,NULL,0),(371,'1894833','1459','1459','1','33582','616','9952','Pasha','40','J-39','0.625','1','10','2','10','--','--','--','--','--','--','--','--','--','--','--','--','5.79','28.94','',NULL,NULL,'',NULL,NULL,NULL,NULL,'    ',' ','Change','TPBS-1/21-22-TPBS-O&M-03-001','2024-09-26','2024-09-26 07:53:06.735751',NULL,NULL,NULL,NULL,NULL,1,1,NULL,1,NULL,0),(372,'00023825','8424','8424.1','1','33686','616','9620','Techno-D','40','J-39','0.5','1','10','2','10','4.64','23.10','100.22','99.78','0.22','-0.22','4.64','23.10','100.22','99.78','0.22','-0.22','4.63','23.15','',NULL,NULL,'',NULL,NULL,NULL,NULL,'  ',' ','Change','14-15-MPBS-DW-008/06','2024-09-26','2024-09-26 07:53:47.560311',NULL,NULL,NULL,NULL,NULL,1,1,NULL,1,NULL,0),(373,'501400348564','7252','7252.1','1','33685','616','9175','Hexcell','40','J-39','0.625','1','10','2','10','5.81','28.93','100.35','99.97','0.35','-0.03','5.81','28.93','100.35','99.97','0.35','-0.03','5.79','28.94','',NULL,NULL,'',NULL,NULL,NULL,NULL,'     ',' ','Change','BREB/1.5MCCP/G-68-Lot-2/2014-2015','2024-09-26','2024-09-26 07:56:02.144065',NULL,NULL,NULL,NULL,NULL,1,1,NULL,1,NULL,0),(374,'00069055','2447','2447','1','33830','557','1378','Techno-D','40','J-39','0.5','1','10','2','10','--','--','--','--','--','--','--','--','--','--','--','--','4.63','23.15','',NULL,NULL,'',NULL,NULL,NULL,NULL,'   ',' ','Remove','BREB/URIDS G-20-002/45/2019-2020','2024-09-26','2024-09-26 07:56:50.049898',NULL,NULL,NULL,NULL,NULL,1,1,NULL,1,NULL,0),(375,'5842992','23063','23063','1','33597','616','6830','Fae','40','J-1','2.222','1','10','2','10','--','--','--','--','--','--','--','--','--','--','--','--','20.57','102.87','',NULL,NULL,'',NULL,NULL,NULL,NULL,'       ',' ','Change','-','2024-09-26','2024-09-26 07:59:49.617669',NULL,NULL,NULL,NULL,NULL,1,1,NULL,1,NULL,0),(376,'00021865','1728','1728','1','33276','95','1612','Techno-D','40','J-39','0.5','1','10','2','10','--','--','--','--','--','--','--','--','--','--','--','--','4.63','23.15','',NULL,NULL,'',NULL,NULL,NULL,NULL,'     ',' ','Change','-','2024-09-26','2024-09-26 08:01:11.409192',NULL,NULL,NULL,NULL,NULL,1,1,NULL,1,NULL,0),(377,'021518','4789','4789','1','33144','95','3665','Holley','40','J-39','0.625','1','10','2','10','--','--','--','--','--','--','--','--','--','--','--','--','5.79','28.94','',NULL,NULL,'',NULL,NULL,NULL,NULL,'     ',' ','Change','-','2024-09-26','2024-09-26 08:01:47.382553',NULL,NULL,NULL,NULL,NULL,1,1,NULL,1,NULL,0),(378,'881703219733','x','x','1','33842','74','4310','Holley','40','J-39','0.625','1','10','2','10','--','--','--','--','--','--','--','--','--','--','--','--','5.79','28.94','',NULL,NULL,'',NULL,NULL,NULL,NULL,' ',' ','Remove','-','2024-09-26','2024-09-26 08:02:42.206012',NULL,NULL,NULL,NULL,NULL,1,1,NULL,1,NULL,0),(379,'448664','4881','4881.1','1','33706','491','2322','Hosaf-D','40','J-39','0.625','1','10','2','10','5.80','29.08','100.17','100.48','0.17','0.48','5.80','29.08','100.17','100.48','0.17','0.48','5.79','28.94','',NULL,NULL,'',NULL,NULL,NULL,NULL,'  ',' ','Remove','-','2024-09-26','2024-09-26 08:03:20.673345',NULL,NULL,NULL,NULL,NULL,1,1,NULL,1,NULL,0),(380,'1840318','x','x','1','20789','336','1103','Pasha','40','J-39','0.625','1','10','2','10','--','--','--','--','--','--','--','--','--','--','--','--','5.79','28.94','',NULL,NULL,'',NULL,NULL,NULL,NULL,'    ',' ','Change','-','2024-09-26','2024-09-26 08:03:56.650896',NULL,NULL,NULL,NULL,NULL,1,1,NULL,1,NULL,0),(381,'1753335','1869','1869','1','32372','826','4113','Pasha','40','J-39','0.625','1','10','2','10','--','--','--','--','--','--','--','--','--','--','--','--','5.79','28.94','',NULL,NULL,'',NULL,NULL,NULL,NULL,'    ',' ','Change','-','2024-09-26','2024-09-26 08:04:27.386817',NULL,NULL,NULL,NULL,NULL,1,1,NULL,1,NULL,0),(382,'2981190','12','12.1','1','33795','214','4024','Pasha','40','J-39','0.625','1','10','2','10','5.76','29.06','99.48','100.41','-0.52','0.41','5.76','29.06','99.48','100.41','-0.52','0.41','5.79','28.94','',NULL,NULL,'',NULL,NULL,NULL,NULL,'       ',' ','Change','-','2024-09-26','2024-09-26 08:05:53.564248',NULL,NULL,NULL,NULL,NULL,1,1,NULL,1,NULL,0),(383,'409246','5322','5322.1','1','33577','486','1190','Hosaf-D','40','J-39','0.625','1','10','2','10','5.80','28.85','100.17','99.69','0.17','-0.31','5.80','28.85','100.17','99.69','0.17','-0.31','5.79','28.94','',NULL,NULL,'',NULL,NULL,NULL,NULL,'  ',' ','Change','-','2024-09-26','2024-09-26 08:06:26.845828',NULL,NULL,NULL,NULL,NULL,1,1,NULL,1,NULL,0),(384,'409413','1258','1258','1','33121','672','6950','Hosaf-D','40','J-39','0.625','1','10','2','10','--','--','--','--','--','--','--','--','--','--','--','--','5.79','28.94','',NULL,NULL,'',NULL,NULL,NULL,NULL,' ',' ','Change','-','2024-09-26','2024-09-26 08:07:11.971436',NULL,NULL,NULL,NULL,NULL,1,1,NULL,1,NULL,0),(385,'00005650','7314','7314.1','1','33603','489','2803','Techno-D','40','J-39','0.5','1','10','2','10','4.62','23.07','99.78','99.65','-0.22','-0.35','4.62','23.07','99.78','99.65','-0.22','-0.35','4.63','23.15','',NULL,NULL,'',NULL,NULL,NULL,NULL,'  ',' ','Change','-','2024-09-26','2024-09-26 08:07:48.851611',NULL,NULL,NULL,NULL,NULL,1,1,NULL,1,NULL,0),(386,'00150498','264','264.1','1','33814','623','1606','Techno-D','40','J-39','0.5','1','10','2','10','4.64','23.08','100.22','99.70','0.22','-0.30','4.64','23.08','100.22','99.70','0.22','-0.30','4.63','23.15','',NULL,NULL,'',NULL,NULL,NULL,NULL,'  ',' ','Change','-','2024-09-26','2024-09-26 08:08:29.740914',NULL,NULL,NULL,NULL,NULL,1,1,NULL,1,NULL,0),(387,'17741861','1500','1500','1','33716','609','2494','B&T','40','J-39','0.625','1','10','2','10','--','--','--','--','--','--','--','--','--','--','--','--','5.79','28.94','',NULL,NULL,'',NULL,NULL,NULL,NULL,'     ',' ','Remove','-','2024-09-26','2024-09-26 08:09:07.197188',NULL,NULL,NULL,NULL,NULL,1,1,NULL,1,NULL,0),(388,'74952','x','x','1','33868','33','1110','Techno-D','40','J-39','0.5','1','10','2','10','--','--','--','--','--','--','--','--','--','--','--','--','4.63','23.15','',NULL,NULL,'',NULL,NULL,NULL,NULL,' ',' ','Remove','-','2024-09-26','2024-09-26 08:10:55.299976',NULL,NULL,NULL,NULL,NULL,1,1,NULL,1,NULL,0),(389,'16682103','x','x','1','33867','33','1120','Echo','40','J-39','0.625','1','10','2','10','--','--','--','--','--','--','--','--','--','--','--','--','5.79','28.94','',NULL,NULL,'',NULL,NULL,NULL,NULL,' ',' ','Remove','-','2024-09-26','2024-09-26 08:11:28.338524',NULL,NULL,NULL,NULL,NULL,1,1,NULL,1,NULL,0),(390,'00029709','8080','8080','1','33796','602','4347','Techno-D','40','J-39','0.5','1','10','2','10','--','--','--','--','--','--','--','--','--','--','--','--','4.63','23.15','',NULL,NULL,'',NULL,NULL,NULL,NULL,'     ',' ','Change','-','2024-09-26','2024-09-26 08:12:16.034886',NULL,NULL,NULL,NULL,NULL,1,1,NULL,1,NULL,0),(391,'2686202','136','136','1','33339','602','4349','Pasha','40','J-39','0.625','1','10','2','10','--','--','--','--','--','--','--','--','--','--','--','--','5.79','28.94','',NULL,NULL,'',NULL,NULL,NULL,NULL,'    ',' ','Change','-','2024-09-26','2024-09-26 08:12:50.502111',NULL,NULL,NULL,NULL,NULL,1,1,NULL,1,NULL,0),(392,'2938565','69','69','1','33878','95','8189','Pasha','40','J-39','0.625','1','10','2','10','--','--','--','--','--','--','--','--','--','--','--','--','5.79','28.94','',NULL,NULL,'',NULL,NULL,NULL,NULL,'    ',' ','Change','-','2024-09-26','2024-09-26 08:13:25.735925',NULL,NULL,NULL,NULL,NULL,1,1,NULL,1,NULL,0),(393,'8759','x','x','1','33898','26','1820','Techno-D','40','J-39','0.5','1','10','2','10','--','--','--','--','--','--','--','--','--','--','--','--','4.63','23.15','',NULL,NULL,'',NULL,NULL,NULL,NULL,' ',' ','Remove','-','2024-09-26','2024-09-26 08:24:40.917786',NULL,NULL,NULL,NULL,NULL,1,1,NULL,1,NULL,0),(394,'6098650','x','x','1','33900','602','3740','Hosaf-D','40','J-39','0.625','1','10','2','10','--','--','--','--','--','--','--','--','--','--','--','--','5.79','28.94','',NULL,NULL,'',NULL,NULL,NULL,NULL,' ',' ','Remove','-','2024-09-26','2024-09-26 08:25:22.256178',NULL,NULL,NULL,NULL,NULL,1,1,NULL,1,NULL,0),(395,'881702346394','3176','3176','1','33902','658','4587','Holley','40','J-39','0.625','1','10','2','10','--','--','--','--','--','--','--','--','--','--','--','--','5.79','28.94','',NULL,NULL,'',NULL,NULL,NULL,NULL,' ',' ','Remove','-','2024-09-26','2024-09-26 08:26:15.440433',NULL,NULL,NULL,NULL,NULL,1,1,NULL,1,NULL,0),(396,'391047','1565','1565','1','33904','39','1269','Hosaf-D','40','J-39','0.625','1','10','2','10','--','--','--','--','--','--','--','--','--','--','--','--','5.79','28.94','',NULL,NULL,'',NULL,NULL,NULL,NULL,' ',' ','Remove','-','2024-09-26','2024-09-26 08:26:44.511087',NULL,NULL,NULL,NULL,NULL,1,1,NULL,1,NULL,0),(397,'23482331','3616','3616.1','1','33836','150','1140','B&T','40','J-39','0.625','1','10','2','10','5.78','28.99','99.83','100.17','-0.17','0.17','5.78','28.99','99.83','100.17','-0.17','0.17','5.79','28.94','',NULL,NULL,'',NULL,NULL,NULL,NULL,'  ',' ','Change','-','2024-09-26','2024-09-26 08:27:14.147570',NULL,NULL,NULL,NULL,NULL,1,1,NULL,1,NULL,0),(398,'1023618','x','x','1','33916','48','3415','Zhejeang','40','J-1','2.222','1','10','2','10','--','--','--','--','--','--','--','--','--','--','--','--','20.57','102.87','',NULL,NULL,'',NULL,NULL,NULL,NULL,' ',' ','Remove','-','2024-09-26','2024-09-26 10:04:03.008707',NULL,NULL,NULL,NULL,NULL,1,1,NULL,1,NULL,0),(399,'240316000939','237','237','1','33933','589','3255','Wasion(LIBRA)','200','J-3','21.6','1','10','2','10','--','--','--','--','--','--','--','--','--','--','--','--','0','0','','107429418','','','','','      ','2024-09-29','    ','    ','Remove','-','2024-09-29','2024-09-29 05:23:18.639267',NULL,NULL,NULL,NULL,NULL,1,1,NULL,1,NULL,0),(400,'0154592','15472','15472.1','1','33855','504','1288','Techno-A','40','J-1','2.222','1','10','2','10','20.52','103.05','99.76','100.17','-0.24','0.17','20.52','103.05','99.76','100.17','-0.24','0.17','20.57','102.87','',NULL,NULL,'',NULL,NULL,NULL,NULL,'       ',' ','Change','-','2024-09-29','2024-09-29 05:40:18.372305',NULL,NULL,NULL,NULL,NULL,1,1,NULL,1,NULL,0),(401,'10047814','x','x','1','33934','678','2420','Techno-A','40','J-1','2.222','1','10','2','10','--','--','--','--','--','--','--','--','--','--','--','--','20.57','102.87','',NULL,NULL,'',NULL,NULL,NULL,NULL,' ',' ','Remove','-','2024-09-29','2024-09-29 05:37:05.793164',NULL,NULL,NULL,NULL,NULL,1,1,NULL,1,NULL,0),(402,'450239','x','x','1','33931','318','3255','Hosaf-D','40','J-39','0.625','1','10','2','10','--','--','--','--','--','--','--','--','--','--','--','--','5.79','28.94','',NULL,NULL,'',NULL,NULL,NULL,NULL,' ',' ','Remove','-','2024-09-29','2024-09-29 05:36:41.287230',NULL,NULL,NULL,NULL,NULL,1,1,NULL,1,NULL,0),(403,'00022651','x','x','1','33929','507','1635','Techno-D','40','J-39','0.5','1','10','2','10','--','--','--','--','--','--','--','--','--','--','--','--','4.63','23.15','',NULL,NULL,'',NULL,NULL,NULL,NULL,' ',' ','Remove','-','2024-09-29','2024-09-29 05:36:04.181827',NULL,NULL,NULL,NULL,NULL,1,1,NULL,1,NULL,0),(404,'2912411','778','778.1','1','33287','847','1570','Pasha','40','J-39','0.625','1','10','2','10','5.78','29.03','99.83','100.31','-0.17','0.31','5.78','29.03','99.83','100.31','-0.17','0.31','5.79','28.94','',NULL,NULL,'',NULL,NULL,NULL,NULL,'  ',' ','Change','-','2024-09-29','2024-09-29 05:42:20.379256',NULL,NULL,NULL,NULL,NULL,1,1,NULL,1,NULL,0),(405,'20999816','3255','3255','1','33930','847','1205','B&T','40','J-39','0.625','1','10','2','10','--','--','--','--','--','--','--','--','--','--','--','--','5.79','28.94','',NULL,NULL,'',NULL,NULL,NULL,NULL,' ',' ','Remove','-','2024-09-29','2024-09-29 05:52:02.138633',NULL,NULL,NULL,NULL,NULL,1,1,NULL,1,NULL,0),(406,'881703240240','6544','6544','1','33938','146','1190','Holley','40','J-39','0.625','1','10','2','10','--','--','--','--','--','--','--','--','--','--','--','--','5.79','28.94','',NULL,NULL,'',NULL,NULL,NULL,NULL,'   ',' ','Remove','2.5MCC-G-7-002','2024-09-29','2024-09-29 08:13:16.183229',NULL,NULL,NULL,NULL,NULL,1,1,NULL,1,NULL,0),(407,'17745330','x','x','1','33797','614','3409','B&T','40','J-39','0.625','1','10','2','10','--','--','--','--','--','--','--','--','--','--','--','--','5.79','28.94','',NULL,NULL,'',NULL,NULL,NULL,NULL,'    ',' ','Change','-','2024-09-29','2024-09-29 08:16:23.870044',NULL,NULL,NULL,NULL,NULL,1,1,NULL,1,NULL,0),(408,'21412150','2656','2656','1','33935','146','1319','B&T','40','J-39','0.625','1','10','2','10','--','--','--','--','--','--','--','--','--','--','--','--','5.79','28.94','',NULL,NULL,'',NULL,NULL,NULL,NULL,'           ',' ','Change','-','2024-09-29','2024-09-29 08:18:08.248041',NULL,NULL,NULL,NULL,NULL,1,1,NULL,1,NULL,0),(409,'1609657','21541','21541','1','34074','589','4030','Wasion(LIBRA)','200','J-3','21.6','1','10','2','10','--','--','--','--','--','--','--','--','--','--','--','--','0','0','','79701597',' ','','','',' ','2024-10-01','    ','    ','Remove','-','2024-10-02','2024-10-02 04:24:56.574038',NULL,NULL,NULL,NULL,NULL,1,1,NULL,1,NULL,0),(410,'22442800','52218','52218','1','34167','124','9030','Hexing-3','200','J-3','10','1','10','2','10','--','--','--','--','--','--','--','--','--','--','--','--','0','0','','07481385','','','','','/ ','2024-10-02',' / ','    ','Remove','-','2024-10-02','2024-10-02 04:30:29.693932',NULL,NULL,NULL,NULL,NULL,1,1,NULL,1,NULL,0),(411,'00023669','x','x','1','34075','616','2625','Techno-D','40','J-39','0.5','1','10','2','10','--','--','--','--','--','--','--','--','--','--','--','--','4.63','23.15','',NULL,NULL,'',NULL,NULL,NULL,NULL,' ',' ','Remove','-','2024-10-02','2024-10-02 04:50:13.623444',NULL,NULL,NULL,NULL,NULL,1,1,NULL,1,NULL,0),(412,'19514895','6720','6720','1','33810','755','1450','B&T','40','J-39','0.625','1','10','2','10','--','--','--','--','--','--','--','--','--','--','--','--','5.79','28.94','',NULL,NULL,'',NULL,NULL,NULL,NULL,'           ',' ','Change','-','2024-10-06','2024-10-06 09:12:42.464718',NULL,NULL,NULL,NULL,NULL,1,1,NULL,1,NULL,0),(413,'1846908','45','45.1','1','32555','54','7187','Pasha','40','J-39','0.625','1','10','2','10','5.77','28.93','99.65','99.97','-0.35','-0.03','5.77','28.93','99.65','99.97','-0.35','-0.03','5.79','28.94','',NULL,NULL,'',NULL,NULL,NULL,NULL,'  ',' ','Remove','-','2024-10-06','2024-10-06 09:13:18.804478',NULL,NULL,NULL,NULL,NULL,1,1,NULL,1,NULL,0),(414,'00113695','3460','3460','1','34344','824','6680','D Tech','40','J-39','0.5','1','10','2','10','--','--','--','--','--','--','--','--','--','--','--','--','5.79','28.94','',NULL,NULL,'',NULL,NULL,NULL,NULL,'   ',' ','Remove','-','2024-10-06','2024-10-06 09:13:49.675170',NULL,NULL,NULL,NULL,NULL,1,1,NULL,1,NULL,0),(415,'1876561','959','959.1','1','31932','74','8203','Power Plus','40','J-39','0.625','1','10','2','10','5.81','29.02','100.35','100.28','0.35','0.28','5.81','29.02','100.35','100.28','0.35','0.28','5.79','28.94','',NULL,NULL,'',NULL,NULL,NULL,NULL,'       ',' ','Change','-','2024-10-06','2024-10-06 09:14:45.897044',NULL,NULL,NULL,NULL,NULL,1,1,NULL,1,NULL,0),(416,'00019698','x','x','1','30521','74','5253','Techno-D','40','J-39','0.5','1','10','2','10','--','--','--','--','--','--','--','--','--','--','--','--','4.63','23.15','',NULL,NULL,'',NULL,NULL,NULL,NULL,'   ',' ','Change','14-15-MPBS-DW-001/02','2024-10-06','2024-10-06 09:15:40.556318',NULL,NULL,NULL,NULL,NULL,1,1,NULL,1,NULL,0),(417,'17616511','13','13.1','1','30508','74','1770','B&T','40','J-39','0.625','1','10','2','10','5.77','28.95','99.65','100.03','-0.35','0.03','5.77','28.95','99.65','100.03','-0.35','0.03','5.79','28.94','',NULL,NULL,'',NULL,NULL,NULL,NULL,'         ',' ','Change','BREB/URIDS(DMCS)URIDS(E) G-17-01/2017-2018','2024-10-06','2024-10-06 09:16:25.331872',NULL,NULL,NULL,NULL,NULL,1,1,NULL,1,NULL,0),(418,'18572502','450','450','1','30512','74','4150','B&T','40','J-39','0.625','1','10','2','10','--','--','--','--','--','--','--','--','--','--','--','--','5.79','28.94','',NULL,NULL,'',NULL,NULL,NULL,NULL,'         ',' ','Change','BREB/1.5MCCP/G-52-Lot-3/2017-2018','2024-10-06','2024-10-06 09:17:07.568206',NULL,NULL,NULL,NULL,NULL,1,1,NULL,1,NULL,0),(419,'00132719','6749','6749.1','1','30581','74','1168','Techno-D','40','J-39','0.5','1','10','2','10','4.63','23.15','100.00','100.00','0.00','0.00','4.63','23.15','100.00','100.00','0.00','0.00','4.63','23.15','',NULL,NULL,'',NULL,NULL,NULL,NULL,'  ',' ','Change','DPBS-1/16-17 Dhaka-1-O&M-01/01','2024-10-06','2024-10-06 09:19:32.713932',NULL,NULL,NULL,NULL,NULL,1,1,NULL,1,NULL,0),(420,'2936749','735','735','1','33662','74','1510','Pasha','40','J-39','0.625','1','10','2','10','--','--','--','--','--','--','--','--','--','--','--','--','5.79','28.94','',NULL,NULL,'',NULL,NULL,NULL,NULL,'    ',' ','Change','G-21-22-053-02-02','2024-10-06','2024-10-06 09:20:34.181768',NULL,NULL,NULL,NULL,NULL,1,1,NULL,1,NULL,0),(421,'26499','474','474','1','33663','74','1574','Pasha','40','J-39','0.625','1','10','2','10','--','--','--','--','--','--','--','--','--','--','--','--','5.79','28.94','',NULL,NULL,'',NULL,NULL,NULL,NULL,'       ',' ','Change','G-21-22-053-02-02','2024-10-06','2024-10-06 09:21:13.005556',NULL,NULL,NULL,NULL,NULL,1,1,NULL,1,NULL,0),(422,'1869401','117','117','1','30510','74','2547','Pasha','40','J-39','0.625','1','10','2','10','--','--','--','--','--','--','--','--','--','--','--','--','5.79','28.94','',NULL,NULL,'',NULL,NULL,NULL,NULL,'       ',' ','Change','G-21-22-053-02-02','2024-10-06','2024-10-06 09:22:07.173943',NULL,NULL,NULL,NULL,NULL,1,1,NULL,1,NULL,0),(423,'1941297','365','365','1','32687','74','7160','Pasha','40','J-39','0.625','1','10','2','10','--','--','--','--','--','--','--','--','--','--','--','--','5.79','28.94','',NULL,NULL,'',NULL,NULL,NULL,NULL,'       ',' ','Change','G-21-22-053-02-02','2024-10-06','2024-10-06 09:22:51.185799',NULL,NULL,NULL,NULL,NULL,1,1,NULL,1,NULL,0),(424,'00039792','12144','12144','1','34038','123','1005','Techno-D','40','J-39','0.5','1','10','2','10','--','--','--','--','--','--','--','--','--','--','--','--','4.63','23.15','',NULL,NULL,'',NULL,NULL,NULL,NULL,'   ',' ','Remove','-','2024-10-07','2024-10-07 05:33:44.632653',NULL,NULL,NULL,NULL,NULL,1,1,NULL,1,NULL,0),(425,'098779','x','x','1','34039','53','2931','Techno-A','40','J-1','2.222','1','10','2','10','--','--','--','--','--','--','--','--','--','--','--','--','20.57','102.87','',NULL,NULL,'',NULL,NULL,NULL,NULL,' ',' ','Remove','-','2024-10-07','2024-10-07 05:34:14.437137',NULL,NULL,NULL,NULL,NULL,1,1,NULL,1,NULL,0),(426,'31054348','x','x','1','92721','133','1100','B&T','40','J-39','0.625','1','10','2','10','--','--','--','--','--','--','--','--','--','--','--','--','5.79','28.94','',NULL,NULL,'',NULL,NULL,NULL,NULL,' ',' ','Remove','-','2024-10-07','2024-10-07 05:36:38.954557',NULL,NULL,NULL,NULL,NULL,1,1,NULL,1,NULL,0),(427,'100565','4881','4881','1','33824','530','1382','Hosaf-A','40','J-1','0.625','1','10','2','10','--','--','--','--','--','--','--','--','--','--','--','--','20.57','102.87','',NULL,NULL,'',NULL,NULL,NULL,NULL,'       ',' ','Remove','-','2024-10-07','2024-10-07 05:37:14.512440',NULL,NULL,NULL,NULL,NULL,1,1,NULL,1,NULL,0),(428,'24031600940','1233','1233','1','34295','580','1250','Wasion(LIBRA)','200','J-3','21.6','1','10','2','10','--','--','--','--','--','--','--','--','--','--','--','--','0','0','','88547047','','','','','      ','2024-10-03','    ','    ','Remove','-','2024-10-07','2024-10-07 05:43:07.735853',NULL,NULL,NULL,NULL,NULL,1,1,NULL,1,NULL,0),(429,'240316000937','1676','1676','1','34294','589','2257','Wasion(LIBRA)','200','J-3','21.6','1','10','2','10','--','--','--','--','--','--','--','--','--','--','--','--','0','0','','100653443','','','','','      ','2024-10-03','    ','    ','Remove','-','2024-10-07','2024-10-07 05:47:32.112381',NULL,NULL,NULL,NULL,NULL,1,1,NULL,1,NULL,0),(430,'881703021530','x','x','1','33961','616','9360','Holley','40','J-39','0.625','1','10','2','10','--','--','--','--','--','--','--','--','--','--','--','--','5.79','28.94','',NULL,NULL,'',NULL,NULL,NULL,NULL,' ',' ','Remove','-','2024-10-07','2024-10-07 05:48:23.206348',NULL,NULL,NULL,NULL,NULL,1,1,NULL,1,NULL,0),(431,'173972','x','x','1','33956','507','1500','Hosaf-D','40','J-39','0.625','1','10','2','10','--','--','--','--','--','--','--','--','--','--','--','--','5.79','28.94','',NULL,NULL,'',NULL,NULL,NULL,NULL,' ',' ','Remove','-','2024-10-07','2024-10-07 05:48:53.156463',NULL,NULL,NULL,NULL,NULL,1,1,NULL,1,NULL,0),(432,'00581','x','x','1','33589','145','1365','Pasha','40','J-39','0.625','1','10','2','10','--','--','--','--','--','--','--','--','--','--','--','--','5.79','28.94','',NULL,NULL,'',NULL,NULL,NULL,NULL,' ',' ','Remove','-','2024-10-07','2024-10-07 05:49:16.606059',NULL,NULL,NULL,NULL,NULL,1,1,NULL,1,NULL,0),(433,'22113592','14565','14565','1','33760','118','3050','MT(Hangzhou)','200','J-3','10.0','1','10','2','10','--','--','--','--','--','--','--','--','--','--','--','--','0','0','','9780932','','','','','      ','2024-10-17','    ','    ','Remove','-','2024-10-07','2024-10-07 05:51:41.430966',NULL,NULL,NULL,NULL,NULL,1,1,NULL,1,NULL,0),(434,'0801498','x','x','1','34423','734','3872','Pasha','40','J-39','0.625','1','10','2','10','--','--','--','--','--','--','--','--','--','--','--','--','5.79','28.94','',NULL,NULL,'',NULL,NULL,NULL,NULL,' ',' ','Remove','-','2024-10-07','2024-10-07 05:52:36.805878',NULL,NULL,NULL,NULL,NULL,1,1,NULL,1,NULL,0),(435,'2649881','507','507','1','33676','505','2401','Pasha','40','J-39','0.625','1','10','2','10','--','--','--','--','--','--','--','--','--','--','--','--','5.79','28.94','',NULL,NULL,'',NULL,NULL,NULL,NULL,' ',' ','Change','-','2024-10-07','2024-10-07 05:53:32.881654',NULL,NULL,NULL,NULL,NULL,1,1,NULL,1,NULL,0),(436,'0016173','x','x','1','34381','616','8805','Techno-A','40','J-1','2.222','1','10','2','10','--','--','--','--','--','--','--','--','--','--','--','--','20.57','102.87','',NULL,NULL,'',NULL,NULL,NULL,NULL,' ',' ','Remove','-','2024-10-07','2024-10-07 09:28:04.963102',NULL,NULL,NULL,NULL,NULL,1,1,NULL,1,NULL,0),(437,'1039806','x','x','1','34380','616','2210','Techno-A','40','J-1','2.222','1','10','2','10','--','--','--','--','--','--','--','--','--','--','--','--','20.57','102.87','',NULL,NULL,'',NULL,NULL,NULL,NULL,' ',' ','Remove','-','2024-10-07','2024-10-07 09:28:35.251339',NULL,NULL,NULL,NULL,NULL,1,1,NULL,1,NULL,0),(438,'19966057','10767','10767','1','33963','150','5517','TVA','40','J-1','2.222','1','10','2','10','--','--','--','--','--','--','--','--','--','--','--','--','20.57','102.87','',NULL,NULL,'',NULL,NULL,NULL,NULL,'   ',' ','Remove','-','2024-10-07','2024-10-07 09:29:04.938820',NULL,NULL,NULL,NULL,NULL,1,1,NULL,1,NULL,0),(439,'043773','x','x','1','33964','150','5531','B&T','40','J-39','0.625','1','10','2','10','--','--','--','--','--','--','--','--','--','--','--','--','5.79','28.94','',NULL,NULL,'',NULL,NULL,NULL,NULL,' ',' ','Remove','-','2024-10-07','2024-10-07 09:29:32.861147',NULL,NULL,NULL,NULL,NULL,1,1,NULL,1,NULL,0),(440,'465023','x','x','1','34284','136','1153','Hosaf-D','40','J-39','0.625','1','10','2','10','--','--','--','--','--','--','--','--','--','--','--','--','5.79','28.94','',NULL,NULL,'',NULL,NULL,NULL,NULL,' ',' ','Remove','-','2024-10-07','2024-10-07 09:30:01.149540',NULL,NULL,NULL,NULL,NULL,1,1,NULL,1,NULL,0),(441,'395722','x','x','1','34283','850','1770','Hosaf-D','40','J-39','0.625','1','10','2','10','--','--','--','--','--','--','--','--','--','--','--','--','5.79','28.94','',NULL,NULL,'',NULL,NULL,NULL,NULL,' ',' ','Remove','-','2024-10-07','2024-10-07 09:30:33.702605',NULL,NULL,NULL,NULL,NULL,1,1,NULL,1,NULL,0),(442,'18444857','2297','2297','1','34285','830','1885','Pasha','40','J-39','0.625','1','10','2','10','--','--','--','--','--','--','--','--','--','--','--','--','5.79','28.94','',NULL,NULL,'',NULL,NULL,NULL,NULL,' ',' ','Remove','G-21-22-053-02-02','2024-10-07','2024-10-07 09:31:24.933195',NULL,NULL,NULL,NULL,NULL,1,1,NULL,1,NULL,0),(443,'21273105','99046','99046','1','33937','589','2880','GeKV','200','J-2','21.6','1','10','2','10','--','--','--','--','--','--','--','--','--','--','--','--','0','0','','-','','','','','      ','2024-09-29','    ','    ','Remove','-','2024-10-07','2024-10-14 04:20:30.276829',NULL,NULL,NULL,NULL,NULL,1,1,NULL,1,NULL,0),(444,'1609662','47168','47168','1','34419','118','1470','Wasion(LIBRA)','200','J-3','21.6','1','10','2','10','--','--','--','--','--','--','--','--','--','--','--','--','0','0','','79966081','','','','','      ','2024-10-06','    ','    ','Remove','-','2024-10-07','2024-10-07 09:34:50.232865',NULL,NULL,NULL,NULL,NULL,1,1,NULL,1,NULL,0),(445,'00088125','5934','5934.1','1','34401','150','5518','Techno-D','40','J-39','0.5','1','10','2','10','4.65','23.07','100.43','99.65','0.43','-0.35','4.65','23.07','100.43','99.65','0.43','-0.35','4.63','23.15','',NULL,NULL,'',NULL,NULL,NULL,NULL,'  ',' ','Remove','-','2024-10-07','2024-10-07 11:11:56.071558',NULL,NULL,NULL,NULL,NULL,1,1,NULL,1,NULL,0),(446,'20993457','x','x','1','344402','850','1115','B&T','40','J-39','0.625','1','10','2','10','--','--','--','--','--','--','--','--','--','--','--','--','5.79','28.94','',NULL,NULL,'',NULL,NULL,NULL,NULL,' ',' ','Remove','-','2024-10-07','2024-10-07 11:11:19.889886',NULL,NULL,NULL,NULL,NULL,1,1,NULL,1,NULL,0),(447,'0077539','x','x','1','34406','32','1168','Techno-D','40','J-39','0.5','1','10','2','10','--','--','--','--','--','--','--','--','--','--','--','--','4.63','23.15','',NULL,NULL,'',NULL,NULL,NULL,NULL,' ',' ','Remove','-','2024-10-07','2024-10-07 11:10:59.345617',NULL,NULL,NULL,NULL,NULL,1,1,NULL,1,NULL,0),(448,'881703015814','8561','8561','1','33537','605','3680','Holley','40','J-39','0.625','1','10','2','10','--','--','--','--','--','--','--','--','--','--','--','--','5.79','28.94','',NULL,NULL,'',NULL,NULL,NULL,NULL,'     ',' ','Remove','-','2024-10-07','2024-10-07 11:12:37.029271',NULL,NULL,NULL,NULL,NULL,1,1,NULL,1,NULL,0),(449,'2101361','995','995.1','1','31720','317','8085','B&T','40','J-39','0.625','1','10','2','10','5.79','28.87','100.00','99.76','0.00','-0.24','5.79','28.87','100.00','99.76','0.00','-0.24','5.79','28.94','',NULL,NULL,'',NULL,NULL,NULL,NULL,'  ',' ','Remove','-','2024-10-07','2024-10-07 11:13:02.873957',NULL,NULL,NULL,NULL,NULL,1,1,NULL,1,NULL,0),(450,'017496','x','x','1','33943','145','2145','Techno-A','40','J-1','2.222','1','10','2','10','--','--','--','--','--','--','--','--','--','--','--','--','20.57','102.87','',NULL,NULL,'',NULL,NULL,NULL,NULL,'       ',' ','Remove','-','2024-10-07','2024-10-07 11:13:41.894115',NULL,NULL,NULL,NULL,NULL,1,1,NULL,1,NULL,0),(451,'1837177','236','236','1','33885','145','2192','Pasha','40','J-39','0.625','1','10','2','10','--','--','--','--','--','--','--','--','--','--','--','--','5.79','28.94','',NULL,NULL,'',NULL,NULL,NULL,NULL,' ',' ','Remove','-','2024-10-07','2024-10-07 11:14:15.600751',NULL,NULL,NULL,NULL,NULL,1,1,NULL,1,NULL,0),(452,'0382118','539','539','1','33884','145','1355','Pasha','40','J-39','0.625','1','10','2','10','--','--','--','--','--','--','--','--','--','--','--','--','5.79','28.94','',NULL,NULL,'',NULL,NULL,NULL,NULL,' ',' ','Remove','-','2024-10-07','2024-10-07 11:14:36.265785',NULL,NULL,NULL,NULL,NULL,1,1,NULL,1,NULL,0),(453,'328619','649','649','1','33888/','136','6258','B&T','40','J-39','0.625','1','10','2','10','--','--','--','--','--','--','--','--','--','--','--','--','5.79','28.94','',NULL,NULL,'',NULL,NULL,NULL,NULL,' ',' ','Remove','-','2024-10-07','2024-10-07 11:15:07.167775',NULL,NULL,NULL,NULL,NULL,1,1,NULL,1,NULL,0),(454,'18835151','6163','6163','1','33763','32','2905','B&T','40','J-39','0.625','1','10','2','10','--','--','--','--','--','--','--','--','--','--','--','--','5.79','28.94','',NULL,NULL,'',NULL,NULL,NULL,NULL,'           ',' ','Change','BREB/DP/IF-69-111/132-2018-2019','2024-10-07','2024-10-07 11:15:49.505732',NULL,NULL,NULL,NULL,NULL,1,1,NULL,1,NULL,0),(455,'00041599','5416','5416.1','1','33575','803','2700','Techno-D','40','J-39','0.5','1','10','2','10','4.65','23.04','100.43','99.52','0.43','-0.48','4.65','23.04','100.43','99.52','0.43','-0.48','4.63','23.15','',NULL,NULL,'',NULL,NULL,NULL,NULL,'  ',' ','Change','-','2024-10-07','2024-10-07 11:16:29.472441',NULL,NULL,NULL,NULL,NULL,1,1,NULL,1,NULL,0),(456,'03008837','4845','4845.1','1','33445','186','1028','Techno-A','40','J-1','2.222','1','10','2','10','20.55','103.38','99.90','100.50','-0.10','0.50','20.55','103.38','99.90','100.50','-0.10','0.50','20.57','102.87','',NULL,NULL,'',NULL,NULL,NULL,NULL,'  ',' ','Change','-','2024-10-07','2024-10-07 11:17:14.490926',NULL,NULL,NULL,NULL,NULL,1,1,NULL,1,NULL,0),(457,'16012661','12158','12158','1','33233','589','4060','Wasion(LIBRA)','200','J-3','21.6','1','10','2','10','--','--','--','--','--','--','--','--','--','--','--','--','0','0','','99595522','','','','',' ','2024-09-18','    ','    ','Remove','-','2024-10-07','2024-10-07 11:19:13.117074',NULL,NULL,NULL,NULL,NULL,1,1,NULL,1,NULL,0),(458,'881702348037','6117','6117','1','33576','272','2038','Holley','40','J-39','0.625','1','10','2','10','--','--','--','--','--','--','--','--','--','--','--','--','5.79','28.94','',NULL,NULL,'',NULL,NULL,NULL,NULL,'     ',' ','Change','-','2024-10-07','2024-10-07 11:20:12.962041',NULL,NULL,NULL,NULL,NULL,1,1,NULL,1,NULL,0),(459,'8817024962811','x','x','1','33499','606','3466','Holley','40','J-39','0.625','1','10','2','10','--','--','--','--','--','--','--','--','--','--','--','--','5.79','28.94','',NULL,NULL,'',NULL,NULL,NULL,NULL,'    ',' ','Change','2.5MCC-G-7-002','2024-10-07','2024-10-07 11:21:03.442387',NULL,NULL,NULL,NULL,NULL,1,1,NULL,1,NULL,0),(460,'12950258','x','x','1','34444','589','1930','ChungHsin','200','J-2','21.6','1','10','2','10','--','--','--','--','--','--','--','--','--','--','--','--','0','0','','31935476','','','','','  ','2024-10-07','  ','    ','Remove','-','2024-10-08','2024-10-08 08:57:09.320075',NULL,NULL,NULL,NULL,NULL,1,1,NULL,1,NULL,0),(461,'881703048258','x','x','1','33601','616','9155','Holley','40','J-39','0.625','1','10','2','10','--','--','--','--','--','--','--','--','--','--','--','--','5.79','28.94','',NULL,NULL,'',NULL,NULL,NULL,NULL,'    ',' ','Change','-','2024-10-09','2024-10-09 04:23:57.989039',NULL,NULL,NULL,NULL,NULL,1,1,NULL,1,NULL,0),(462,'1056','19461','19461','1','34379','690','690','General','40','J-1','2.5','1','10','2','10','--','--','--','--','--','--','--','--','--','--','--','--','23.15','115.7','',NULL,NULL,'',NULL,NULL,NULL,NULL,'       ',' ','Remove','-','2024-10-09','2024-10-09 04:24:37.594405',NULL,NULL,NULL,NULL,NULL,1,1,NULL,1,NULL,0),(463,'17207681','810','810.1','1','34441','490','1021','Echo','40','J-39','0.625','1','10','2','10','5.78','28.91','99.83','99.90','-0.17','-0.10','5.78','28.91','99.83','99.90','-0.17','-0.10','5.79','28.94','',NULL,NULL,'',NULL,NULL,NULL,NULL,' ',' ','Remove','-','2024-10-09','2024-10-09 04:25:10.243556',NULL,NULL,NULL,NULL,NULL,1,1,NULL,1,NULL,0),(464,'00011162','x','x','1','34446','742','2120','Techno-D','40','J-39','0.5','1','10','2','10','--','--','--','--','--','--','--','--','--','--','--','--','4.63','23.15','',NULL,NULL,'',NULL,NULL,NULL,NULL,' ',' ','Remove','-','2024-10-09','2024-10-09 04:25:41.329114',NULL,NULL,NULL,NULL,NULL,1,1,NULL,1,NULL,0),(465,'024931','6048','6048.1','1','34447','145','1506','Techno-A','40','J-1','2.222','1','10','2','10','20.61','102.74','100.19','99.87','0.19','-0.13','20.61','102.74','100.19','99.87','0.19','-0.13','20.57','102.87','',NULL,NULL,'',NULL,NULL,NULL,NULL,' ',' ','Remove','-','2024-10-09','2024-10-09 04:26:15.114216',NULL,NULL,NULL,NULL,NULL,1,1,NULL,1,NULL,0),(466,'00047244','x','x','1','34448','145','1305','Techno-D','40','J-39','0.5','1','10','2','10','--','--','--','--','--','--','--','--','--','--','--','--','4.63','23.15','',NULL,NULL,'',NULL,NULL,NULL,NULL,' ',' ','Remove','-','2024-10-09','2024-10-09 04:26:52.069123',NULL,NULL,NULL,NULL,NULL,1,1,NULL,1,NULL,0),(467,'1904683','628','628','1','30905','645','2041','Pasha','40','J-39','0.625','1','10','2','10','--','--','--','--','--','--','--','--','--','--','--','--','5.79','28.94','',NULL,NULL,'',NULL,NULL,NULL,NULL,'    ',' ','Change','-','2024-10-09','2024-10-09 04:27:42.552084',NULL,NULL,NULL,NULL,NULL,1,1,NULL,1,NULL,0),(468,'2979623','670','670','1','3182','645','1805','Pasha','40','J-39','0.625','1','10','2','10','--','--','--','--','--','--','--','--','--','--','--','--','5.79','28.94','',NULL,NULL,'',NULL,NULL,NULL,NULL,'    ',' ','Change','-','2024-10-09','2024-10-09 04:28:07.867551',NULL,NULL,NULL,NULL,NULL,1,1,NULL,1,NULL,0),(469,'277285','1590','1590.1','1','31801','645','2995','Techno-D','40','J-39','0.5','1','10','2','10','4.61','23.06','99.57','99.61','-0.43','-0.39','4.61','23.06','99.57','99.61','-0.43','-0.39','4.63','23.15','',NULL,NULL,'',NULL,NULL,NULL,NULL,'  ',' ','Change','-','2024-10-09','2024-10-09 04:28:39.664322',NULL,NULL,NULL,NULL,NULL,1,1,NULL,1,NULL,0),(470,'18532056','17','17.1','1','32502','808','1750','B&T','40','J-39','0.625','1','10','2','10','5.77','29.07','99.65','100.45','-0.35','0.45','5.77','29.07','99.65','100.45','-0.35','0.45','5.79','28.94','',NULL,NULL,'',NULL,NULL,NULL,NULL,'         ',' ','Change','BREB/DNE(DMCS)G-21 Lot-3/2017-18','2024-10-09','2024-10-09 04:29:26.234326',NULL,NULL,NULL,NULL,NULL,1,1,NULL,1,NULL,0),(471,'2657641','492','492.1','1','32637','702','2215','Pasha','40','J-39','0.625','1','10','2','10','5.81','28.91','100.35','99.90','0.35','-0.10','5.81','28.91','100.35','99.90','0.35','-0.10','5.79','28.94','',NULL,NULL,'',NULL,NULL,NULL,NULL,'    ',' ','Change','G-21-22-053-02-02','2024-10-09','2024-10-09 04:30:16.561613',NULL,NULL,NULL,NULL,NULL,1,1,NULL,1,NULL,0),(472,'2912371','47','47.1','1','33776','729','1343','Pasha','40','J-39','0.625','1','10','2','10','5.81','28.91','100.35','99.90','0.35','-0.10','5.81','28.91','100.35','99.90','0.35','-0.10','5.79','28.94','',NULL,NULL,'',NULL,NULL,NULL,NULL,'    ',' ','Change','G-21-22-053-02-02','2024-10-09','2024-10-09 04:31:39.450092',NULL,NULL,NULL,NULL,NULL,1,1,NULL,1,NULL,0),(473,'00140680','4803','4803.1','1','33319','54','4209','Techno-D','40','J-39','0.5','1','10','2','10','4.64','23.26','100.22','100.48','0.22','0.48','4.64','23.26','100.22','100.48','0.22','0.48','4.63','23.15','',NULL,NULL,'',NULL,NULL,NULL,NULL,'  ',' ','Change','BREB/1.5MCCP/G-65-Lot-2/2018-19','2024-10-09','2024-10-09 04:32:12.200929',NULL,NULL,NULL,NULL,NULL,1,1,NULL,1,NULL,0),(474,'33540','10676','10676','1','33871','136','2972','Techno-D','40','J-39','0.5','1','10','2','10','--','--','--','--','--','--','--','--','--','--','--','--','4.63','23.15','',NULL,NULL,'',NULL,NULL,NULL,NULL,'         ',' ','Change','-','2024-10-09','2024-10-09 04:32:46.947174',NULL,NULL,NULL,NULL,NULL,1,1,NULL,1,NULL,0),(475,'718319','6668','6668.1','1','33142','136','1524','Techno-A','40','J-1','2.222','1','10','2','10','20.54','102.37','99.85','99.51','-0.15','-0.49','20.54','102.37','99.85','99.51','-0.15','-0.49','20.57','102.87','',NULL,NULL,'',NULL,NULL,NULL,NULL,'       ',' ','Change','-','2024-10-09','2024-10-09 04:33:22.265185',NULL,NULL,NULL,NULL,NULL,1,1,NULL,1,NULL,0),(476,'17201762','7199','7199.1','1','33204','27','3558','Echo','40','J-39','0.625','1','10','2','10','5.78','28.81','99.83','99.55','-0.17','-0.45','5.78','28.81','99.83','99.55','-0.17','-0.45','5.79','28.94','',NULL,NULL,'',NULL,NULL,NULL,NULL,'     ',' ','Change','-','2024-10-09','2024-10-09 04:34:04.751301',NULL,NULL,NULL,NULL,NULL,1,1,NULL,1,NULL,0),(477,'0003000','827','827.1','1','34019','551','1363','Techno-D','40','J-39','0.5','1','10','2','10','4.64','23.13','100.22','99.91','0.22','-0.09','4.64','23.13','100.22','99.91','0.22','-0.09','4.63','23.15','',NULL,NULL,'',NULL,NULL,NULL,NULL,'  ',' ','Change','-','2024-10-09','2024-10-09 04:36:30.697316',NULL,NULL,NULL,NULL,NULL,1,1,NULL,1,NULL,0),(478,'427328','5397','5397.1','1','33534','48','1080','Hosaf-D','40','J-39','0.625','1','10','2','10','4.64','23.13','100.22','99.91','0.22','-0.09','4.64','23.13','100.22','99.91','0.22','-0.09','5.79','28.94','',NULL,NULL,'',NULL,NULL,NULL,NULL,'  ',' ','Change','-','2024-10-09','2024-10-09 04:36:59.335298',NULL,NULL,NULL,NULL,NULL,1,1,NULL,1,NULL,0),(479,'2941112','170','170','1','33192','602','6944','Pasha','40','J-39','0.625','1','10','2','10','--','--','--','--','--','--','--','--','--','--','--','--','5.79','28.94','',NULL,NULL,'',NULL,NULL,NULL,NULL,'       ',' ','Change','G-21-22-053-02-02','2024-10-09','2024-10-09 04:37:46.439201',NULL,NULL,NULL,NULL,NULL,1,1,NULL,1,NULL,0),(480,'1867620','811','811','1','34169','478','1973','Pasha','40','J-39','0.625','1','10','2','10','--','--','--','--','--','--','--','--','--','--','--','--','5.79','28.94','',NULL,NULL,'',NULL,NULL,NULL,NULL,'       ',' ','Change','G-21-22-053-02-02','2024-10-09','2024-10-09 04:38:50.280335',NULL,NULL,NULL,NULL,NULL,1,1,NULL,1,NULL,0),(481,'2996491','105','105','1','32561','294','2531','Pasha','40','J-39','0.625','1','10','2','10','--','--','--','--','--','--','--','--','--','--','--','--','5.79','28.94','',NULL,NULL,'',NULL,NULL,NULL,NULL,'       ',' ','Change','G-21-22-053-02-02','2024-10-09','2024-10-09 04:39:15.950641',NULL,NULL,NULL,NULL,NULL,1,1,NULL,1,NULL,0),(482,'00011513','2846','2846','1','32664','740','3800','Pasha','40','J-39','0.625','1','10','2','10','--','--','--','--','--','--','--','--','--','--','--','--','5.79','28.94','',NULL,NULL,'',NULL,NULL,NULL,NULL,' ',' ','Change','G-21-22-053-02-02','2024-10-09','2024-10-09 04:39:39.408950',NULL,NULL,NULL,NULL,NULL,1,1,NULL,1,NULL,0),(483,'21038755','5693','5693.1','1','33297','39','3876','B&T','40','J-39','0.625','1','10','2','10','5.81','28.94','100.35','100.00','0.35','0.00','5.81','28.94','100.35','100.00','0.35','0.00','5.79','28.94','',NULL,NULL,'',NULL,NULL,NULL,NULL,'  ',' ','Change','G-19-20-053-02-02','2024-10-09','2024-10-09 04:40:33.819442',NULL,NULL,NULL,NULL,NULL,1,1,NULL,1,NULL,0),(484,'2987662','1116','1116.1','1','33113','39','5381','Pasha','40','J-39','0.625','1','10','2','10','5.81','29.03','100.35','100.31','0.35','0.31','5.81','29.03','100.35','100.31','0.35','0.31','5.79','28.94','',NULL,NULL,'',NULL,NULL,NULL,NULL,'  ',' ','Change','G-21-22-053-02-02','2024-10-09','2024-10-09 04:41:19.329205',NULL,NULL,NULL,NULL,NULL,1,1,NULL,1,NULL,0),(485,'0159312','14438','14438','1','33361','54','1092','Techno-A','40','J-1','2.222','1','10','2','10','--','--','--','--','--','--','--','--','--','--','--','--','20.57','102.87','',NULL,NULL,'',NULL,NULL,NULL,NULL,'       ',' ','Change','-','2024-10-09','2024-10-09 04:41:50.536443',NULL,NULL,NULL,NULL,NULL,1,1,NULL,1,NULL,0),(486,'2982669','304','304','1','33326','54','2432','Pasha','40','J-39','0.625','1','10','2','10','--','--','--','--','--','--','--','--','--','--','--','--','5.79','28.94','',NULL,NULL,'',NULL,NULL,NULL,NULL,'       ',' ','Change','G-21-22-053-02-02','2024-10-09','2024-10-09 04:42:27.266867',NULL,NULL,NULL,NULL,NULL,1,1,NULL,1,NULL,0),(487,'1874839','1522','1522.1','1','30409','54','1400','Pasha','40','J-39','0.625','1','10','2','10','5.79','29.04','100.00','100.35','0.00','0.35','5.79','29.04','100.00','100.35','0.00','0.35','5.79','28.94','',NULL,NULL,'',NULL,NULL,NULL,NULL,'     ',' ','Change','G-21-22-053-02-02','2024-10-09','2024-10-09 04:42:54.929975',NULL,NULL,NULL,NULL,NULL,1,1,NULL,1,NULL,0),(488,'1689275','1657','1657','1','30407','54','4669','Pasha','40','J-39','0.625','1','10','2','10','--','--','--','--','--','--','--','--','--','--','--','--','5.79','28.94','',NULL,NULL,'',NULL,NULL,NULL,NULL,'    ',' ','Change','G-21-22-053-02-02','2024-10-09','2024-10-09 04:43:29.744206',NULL,NULL,NULL,NULL,NULL,1,1,NULL,1,NULL,0),(489,'1742231','2446','2446','1','30406','54','4539','Pasha','40','J-39','0.625','1','10','2','10','--','--','--','--','--','--','--','--','--','--','--','--','5.79','28.94','',NULL,NULL,'',NULL,NULL,NULL,NULL,'       ',' ','Change','G-21-22-053-02-02','2024-10-09','2024-10-09 04:44:00.991916',NULL,NULL,NULL,NULL,NULL,1,1,NULL,1,NULL,0),(490,'2977225','382','382.1','1','30405','54','4528','Pasha','40','J-39','0.625','1','10','2','10','5.82','28.91','100.52','99.90','0.52','-0.10','5.82','28.91','100.52','99.90','0.52','-0.10','5.79','28.94','',NULL,NULL,'',NULL,NULL,NULL,NULL,'    ',' ','Change','G-21-22-053-02-02','2024-10-09','2024-10-09 04:44:36.165955',NULL,NULL,NULL,NULL,NULL,1,1,NULL,1,NULL,0),(491,'88170301127','4462','4462','1','33041','54','4533','Holley','40','J-39','0.625','1','10','2','10','--','--','--','--','--','--','--','--','--','--','--','--','5.79','28.94','',NULL,NULL,'',NULL,NULL,NULL,NULL,'     ',' ','Change','G-21-22-053-02-02','2024-10-09','2024-10-09 04:45:08.773946',NULL,NULL,NULL,NULL,NULL,1,1,NULL,1,NULL,0),(492,'00058749','1468','1468.1','1','30398','54','4526','D Tech','40','J-39','0.5','1','10','2','10','5.77','28.88','99.65','99.79','-0.35','-0.21','5.77','28.88','99.65','99.79','-0.35','-0.21','5.79','28.94','',NULL,NULL,'',NULL,NULL,NULL,NULL,'  ',' ','Change','G-21-22-053-02-02','2024-10-09','2024-10-09 04:45:42.863646',NULL,NULL,NULL,NULL,NULL,1,1,NULL,1,NULL,0),(493,'00100727','9504','9504','1','33737','576','9390','Techno-D','40','J-39','0.5','1','10','2','10','--','--','--','--','--','--','--','--','--','--','--','--','4.63','23.15','',NULL,NULL,'',NULL,NULL,NULL,NULL,'   ',' ','Change','G-21-22-053-02-02','2024-10-09','2024-10-09 04:46:20.823652',NULL,NULL,NULL,NULL,NULL,1,1,NULL,1,NULL,0),(494,'00028754','4634','4634','1','32630','815','1990','Techno-D','40','J-39','0.5','1','10','2','10','--','--','--','--','--','--','--','--','--','--','--','--','4.63','23.15','',NULL,NULL,'',NULL,NULL,NULL,NULL,'    ',' ','Change','18-19-NPBS-2-O&M-01-001','2024-10-09','2024-10-09 04:47:23.709672',NULL,NULL,NULL,NULL,NULL,1,1,NULL,1,NULL,0),(495,'43129','1078','1078.1','1','28510','294','1252','Techno-D','40','J-39','0.5','1','10','2','10','5.80','28.86','100.17','99.72','0.17','-0.28','5.80','28.86','100.17','99.72','0.17','-0.28','4.63','23.15','',NULL,NULL,'',NULL,NULL,NULL,NULL,'  ',' ','Change','-','2024-10-09','2024-10-09 05:01:09.257503',NULL,NULL,NULL,NULL,NULL,1,1,NULL,1,NULL,0),(496,'00025414','557','557','1','31662','97','3100','Techno-D','40','J-39','0.5','1','10','2','10','--','--','--','--','--','--','--','--','--','--','--','--','4.63','23.15','',NULL,NULL,'',NULL,NULL,NULL,NULL,'    ',' ','Change','-','2024-10-09','2024-10-09 05:02:40.877718',NULL,NULL,NULL,NULL,NULL,1,1,NULL,1,NULL,0),(497,'00051536','2180','2180.1','1','33856','95','2003','Techno-D','40','J-39','0.5','1','10','2','10','4.63','23.07','100.00','99.65','0.00','-0.35','4.63','23.07','100.00','99.65','0.00','-0.35','4.63','23.15','',NULL,NULL,'',NULL,NULL,NULL,NULL,'  ',' ','Change','-','2024-10-09','2024-10-09 05:03:03.430879',NULL,NULL,NULL,NULL,NULL,1,1,NULL,1,NULL,0),(498,'12318389','13646','13646.1','1','33924','187','187','Techno-D','40','J-39','0.5','1','10','2','10','4.63','23.07','100.00','99.65','0.00','-0.35','4.63','23.07','100.00','99.65','0.00','-0.35','4.63','23.15','',NULL,NULL,'',NULL,NULL,NULL,NULL,'  ',' ','Change','-','2024-10-09','2024-10-09 05:03:34.060630',NULL,NULL,NULL,NULL,NULL,1,1,NULL,1,NULL,0),(499,'2995433','915','915.1','1','33556','155','1950','Pasha','40','J-39','0.625','1','10','2','10','--','--','--','--','--','--','--','--','--','--','--','--','5.79','28.94','',NULL,NULL,'',NULL,NULL,NULL,NULL,'    ',' ','Change','-','2024-10-09','2024-10-22 08:03:46.261631',NULL,NULL,NULL,NULL,NULL,1,1,NULL,1,NULL,5),(500,'0048056','3881','3881.1','1','30523','74','8020','Hay-D','40','J-39','0.625','1','10','2','10','--','--','--','--','--','--','--','--','--','--','--','--','5.79','28.94','',NULL,NULL,'',NULL,NULL,NULL,NULL,'    ',' ','Change','BREB/1.8MCCP/45-107-Lot-3/2013-2014','2024-10-09','2024-10-22 08:08:29.802391',NULL,NULL,NULL,NULL,NULL,1,1,NULL,1,NULL,2),(501,'2991526','568','568.1','1','31616','574','3006','Pasha','40','J-39','0.625','1','10','2','10','--','--','--','--','--','--','--','--','--','--','--','--','5.79','28.94','',NULL,NULL,'',NULL,NULL,NULL,NULL,'    ',' ','Change','G-21-22-053-02-19','2024-10-09','2024-10-22 08:06:04.688946',NULL,NULL,NULL,NULL,NULL,1,1,NULL,1,NULL,5),(502,'19320510','4706','4706.1','1','32188','21','2755','Hexing','40','J-39','0.625','1','10','2','10','--','--','--','--','--','--','--','--','--','--','--','--','5.79','28.94','',NULL,NULL,'',NULL,NULL,NULL,NULL,'    ',' ','Change','BREB/URIDS G-20-002/45/2019-2020','2024-10-09','2024-10-22 08:07:36.526199',NULL,NULL,NULL,NULL,NULL,1,1,NULL,1,NULL,5),(503,'19959029','1859','1859.1','1','33578','67','4105','B&T','40','J-39','0.625','1','10','2','10','5.77','28.95','99.65','100.03','-0.35','0.03','5.77','28.95','99.65','100.03','-0.35','0.03','5.79','28.94','',NULL,NULL,'',NULL,NULL,NULL,NULL,'  ',' ','Change','BREB-Lot-2.5MCC-G-7-001/2016-2017(B2)','2024-10-22','2024-10-22 08:10:42.221803',NULL,NULL,NULL,NULL,NULL,1,1,NULL,1,NULL,0),(504,'1687172','1159','1159','1','33572','67','4801','Pasha','40','J-39','0.625','1','10','2','10','--','--','--','--','--','--','--','--','--','--','--','--','5.79','28.94','',NULL,NULL,'',NULL,NULL,NULL,NULL,'       ',' ','Change','G-21-22-053-02-19','2024-10-22','2024-10-22 08:11:39.430640',NULL,NULL,NULL,NULL,NULL,1,1,NULL,1,NULL,0),(505,'21360911','133','133','1','30872','66','1581','B&T','40','J-39','0.625','1','10','2','10','--','--','--','--','--','--','--','--','--','--','--','--','5.79','28.94','',NULL,NULL,'',NULL,NULL,NULL,NULL,'         ',' ','Change','BREB/DNE(DMCS)G-49 Lot-2/2020-21','2024-10-22','2024-10-22 08:12:25.974417',NULL,NULL,NULL,NULL,NULL,1,1,NULL,1,NULL,0),(506,'21360441','3','3','1','31166','74','7648','B&T','40','J-39','0.625','1','10','2','10','--','--','--','--','--','--','--','--','--','--','--','--','5.79','28.94','',NULL,NULL,'',NULL,NULL,NULL,NULL,'         ',' ','Change','BREB/DNE(DMCS)G-49 Lot-2/2020-21','2024-10-22','2024-10-22 08:13:20.982732',NULL,NULL,NULL,NULL,NULL,1,1,NULL,1,NULL,0),(507,'21000834','773','773','1','32411','612','8780','B&T','40','J-39','0.625','1','10','2','10','--','--','--','--','--','--','--','--','--','--','--','--','5.79','28.94','',NULL,NULL,'',NULL,NULL,NULL,NULL,'    ',' ','Change','-','2024-10-22','2024-10-22 08:15:31.767355',NULL,NULL,NULL,NULL,NULL,1,1,NULL,1,NULL,0),(508,'381352','x','x','1','33489','755','3532','Hosaf-D','40','J-39','0.625','1','10','2','10','--','--','--','--','--','--','--','--','--','--','--','--','5.79','28.94','',NULL,NULL,'',NULL,NULL,NULL,NULL,'    ',' ','Change','-','2024-10-22','2024-10-22 08:19:38.789024',NULL,NULL,NULL,NULL,NULL,1,1,NULL,1,NULL,0),(509,'1691331','1601','1601','1','34292','755','5080','Pasha','40','J-39','0.625','1','10','2','10','--','--','--','--','--','--','--','--','--','--','--','--','5.79','28.94','',NULL,NULL,'',NULL,NULL,NULL,NULL,'    ',' ','Change','-','2024-10-22','2024-10-22 08:23:48.639194',NULL,NULL,NULL,NULL,NULL,1,1,NULL,1,NULL,0),(510,'00331556','x','x','1','32553','54','4668','Hexcell','40','J-39','0.625','1','10','2','10','--','--','--','--','--','--','--','--','--','--','--','--','5.79','28.94','',NULL,NULL,'',NULL,NULL,NULL,NULL,'         ',' ','Change','-','2024-10-22','2024-10-22 08:24:20.401126',NULL,NULL,NULL,NULL,NULL,1,1,NULL,1,NULL,0),(511,'19320398','1748','1748','1','34289','755','4160','Hexing','40','J-39','0.625','1','10','2','10','--','--','--','--','--','--','--','--','--','--','--','--','5.79','28.94','',NULL,NULL,'',NULL,NULL,NULL,NULL,'           ',' ','Change','-','2024-10-22','2024-10-22 08:24:53.261414',NULL,NULL,NULL,NULL,NULL,1,1,NULL,1,NULL,0),(512,'1841171','2242','2242','1','30482','814','9072','Pasha','40','J-39','0.625','1','10','2','10','--','--','--','--','--','--','--','--','--','--','--','--','5.79','28.94','',NULL,NULL,'',NULL,NULL,NULL,NULL,'    ',' ','Change','-','2024-10-22','2024-10-22 08:25:31.243279',NULL,NULL,NULL,NULL,NULL,1,1,NULL,1,NULL,0),(513,'026504','6855','6855.1','1','33282','67','1660','Techno-A','40','J-1','2.222','1','10','2','10','20.61','103.01','100.19','100.14','0.19','0.14','20.61','103.01','100.19','100.14','0.19','0.14','20.57','102.87','',NULL,NULL,'',NULL,NULL,NULL,NULL,'       ',' ','Change','-','2024-10-22','2024-10-22 08:26:07.887199',NULL,NULL,NULL,NULL,NULL,1,1,NULL,1,NULL,0),(514,'105411','29908','29908.1','1','34111','136','2155','Hosaf-A','40','J-1','0.625','1','10','2','10','20.61','103.01','100.19','100.14','0.19','0.14','20.61','103.01','100.19','100.14','0.19','0.14','20.57','102.87','',NULL,NULL,'',NULL,NULL,NULL,NULL,'       ',' ','Change','-','2024-10-22','2024-10-22 08:26:42.146383',NULL,NULL,NULL,NULL,NULL,1,1,NULL,1,NULL,0),(515,'1913145','1463','1463.1','1','33322','576','3688','Pasha','40','J-39','0.625','1','10','2','10','5.77','28.94','99.65','100.00','-0.35','0.00','5.77','28.94','99.65','100.00','-0.35','0.00','5.79','28.94','',NULL,NULL,'',NULL,NULL,NULL,NULL,'    ',' ','Change','-','2024-10-22','2024-10-22 08:28:33.824994',NULL,NULL,NULL,NULL,NULL,1,1,NULL,1,NULL,0),(516,'12321474','3473','3473','1','30213','576','2040','Hexing','40','J-39','0.625','1','10','2','10','--','--','--','--','--','--','--','--','--','--','--','--','5.79','28.94','',NULL,NULL,'',NULL,NULL,NULL,NULL,'    ',' ','Change','-','2024-10-22','2024-10-22 08:29:15.940765',NULL,NULL,NULL,NULL,NULL,1,1,NULL,1,NULL,0),(517,'00001600','2499','2499.1','1','34197','630','4080','Techno-D','40','J-39','0.5','1','10','2','10','4.62','23.16','99.78','100.04','-0.22','0.04','4.62','23.16','99.78','100.04','-0.22','0.04','4.63','23.15','',NULL,NULL,'',NULL,NULL,NULL,NULL,'  ',' ','Change','-','2024-10-22','2024-10-22 08:29:44.863162',NULL,NULL,NULL,NULL,NULL,1,1,NULL,1,NULL,0),(518,'16658362','2914','2914','1','30638','155','2679','Echo','40','J-39','0.625','1','10','2','10','--','--','--','--','--','--','--','--','--','--','--','--','5.79','28.94','',NULL,NULL,'',NULL,NULL,NULL,NULL,'     ',' ','Change','-','2024-10-22','2024-10-22 08:30:19.531722',NULL,NULL,NULL,NULL,NULL,1,1,NULL,1,NULL,0),(519,'21393093','4','4','1','30637','155','2374','B&T','40','J-39','0.625','1','10','2','10','--','--','--','--','--','--','--','--','--','--','--','--','5.79','28.94','',NULL,NULL,'',NULL,NULL,NULL,NULL,'         ',' ','Change','-','2024-10-22','2024-10-22 08:32:04.110456',NULL,NULL,NULL,NULL,NULL,1,1,NULL,1,NULL,0),(520,'21364326','99','99','1','31454','155','2687','B&T','40','J-39','0.625','1','10','2','10','--','--','--','--','--','--','--','--','--','--','--','--','5.79','28.94','',NULL,NULL,'',NULL,NULL,NULL,NULL,'         ',' ','Change','-','2024-10-22','2024-10-22 08:33:31.125174',NULL,NULL,NULL,NULL,NULL,1,1,NULL,1,NULL,0),(521,'18167347','x','x','1','31475','155','2486','B&T','40','J-39','0.625','1','10','2','10','--','--','--','--','--','--','--','--','--','--','--','--','5.79','28.94','',NULL,NULL,'',NULL,NULL,NULL,NULL,'    ',' ','Change','-','2024-10-22','2024-10-22 08:33:59.179545',NULL,NULL,NULL,NULL,NULL,1,1,NULL,1,NULL,0),(522,'1940379','2824','2824.1','1','31363','28','1080','Pasha','40','J-39','0.625','1','10','2','10','5.80','28.85','100.17','99.69','0.17','-0.31','5.80','28.85','100.17','99.69','0.17','-0.31','5.79','28.94','',NULL,NULL,'',NULL,NULL,NULL,NULL,'    ',' ','Change','-','2024-10-22','2024-10-22 08:34:52.000881',NULL,NULL,NULL,NULL,NULL,1,1,NULL,1,NULL,0),(523,'19592144','23','23','1','31362','28','1113','B&T','40','J-39','0.625','1','10','2','10','--','--','--','--','--','--','--','--','--','--','--','--','5.79','28.94','',NULL,NULL,'',NULL,NULL,NULL,NULL,'         ',' ','Change','-','2024-10-22','2024-10-22 08:35:21.031625',NULL,NULL,NULL,NULL,NULL,1,1,NULL,1,NULL,0),(524,'9576803','12018','12018.1','1','34405','30','1869','Hosaf-A','40','J-1','0.625','1','10','2','10','20.51','103.01','99.71','100.14','-0.29','0.14','20.51','103.01','99.71','100.14','-0.29','0.14','20.57','102.87','',NULL,NULL,'',NULL,NULL,NULL,NULL,'       ',' ','Change','-','2024-10-22','2024-10-22 08:36:15.431003',NULL,NULL,NULL,NULL,NULL,1,1,NULL,1,NULL,0),(525,'00067619','x','x','1','31517','155','1967','Techno-D','40','J-39','0.5','1','10','2','10','--','--','--','--','--','--','--','--','--','--','--','--','4.63','23.15','',NULL,NULL,'',NULL,NULL,NULL,NULL,'    ',' ','Change','-','2024-10-22','2024-10-22 08:36:46.768695',NULL,NULL,NULL,NULL,NULL,1,1,NULL,1,NULL,0),(526,'1371708','328','328','1','31476','155','2135','B&T','40','J-39','0.625','1','10','2','10','--','--','--','--','--','--','--','--','--','--','--','--','5.79','28.94','',NULL,NULL,'',NULL,NULL,NULL,NULL,'         ',' ','Change','-','2024-10-22','2024-10-22 08:37:15.962093',NULL,NULL,NULL,NULL,NULL,1,1,NULL,1,NULL,0),(527,'00023070','5668','5668.1','1','31518','155','1956','Techno-D','40','J-39','0.5','1','10','2','10','4.64','23.05','100.22','99.57','0.22','-0.43','4.64','23.05','100.22','99.57','0.22','-0.43','4.63','23.15','',NULL,NULL,'',NULL,NULL,NULL,NULL,'  ',' ','Change','-','2024-10-22','2024-10-22 08:37:51.746493',NULL,NULL,NULL,NULL,NULL,1,1,NULL,1,NULL,0),(528,'2658805','631','631','1','31515','155','2479','Pasha','40','J-39','0.625','1','10','2','10','--','--','--','--','--','--','--','--','--','--','--','--','5.79','28.94','',NULL,NULL,'',NULL,NULL,NULL,NULL,'    ',' ','Change','-','2024-10-22','2024-10-22 08:38:18.548590',NULL,NULL,NULL,NULL,NULL,1,1,NULL,1,NULL,0),(529,'1703061421','3783','3783','1','33960','275','1700','Holley','40','J-39','0.625','1','10','2','10','--','--','--','--','--','--','--','--','--','--','--','--','5.79','28.94','',NULL,NULL,'',NULL,NULL,NULL,NULL,'     ',' ','Change','-','2024-10-22','2024-10-22 08:38:53.041373',NULL,NULL,NULL,NULL,NULL,1,1,NULL,1,NULL,0),(530,'21040528','1652','1652','1','34493','604','1030','B&T','40','J-39','0.625','1','10','2','10','--','--','--','--','--','--','--','--','--','--','--','--','5.79','28.94','',NULL,NULL,'',NULL,NULL,NULL,NULL,' ',' ','Remove','-','2024-10-22','2024-10-22 08:39:27.264783',NULL,NULL,NULL,NULL,NULL,1,1,NULL,1,NULL,0),(531,'504436','x','x','1','34497','133','2671','B&T','40','J-39','0.625','1','10','2','10','--','--','--','--','--','--','--','--','--','--','--','--','5.79','28.94','',NULL,NULL,'',NULL,NULL,NULL,NULL,' ',' ','Remove','-','2024-10-22','2024-10-22 08:41:18.205757',NULL,NULL,NULL,NULL,NULL,1,1,NULL,1,NULL,0),(532,'16412439','11122','11122','1','33498','19','1190','Echo','40','J-39','0.625','1','10','2','10','--','--','--','--','--','--','--','--','--','--','--','--','5.79','28.94','',NULL,NULL,'',NULL,NULL,NULL,NULL,'     ',' ','Change','-','2024-10-23','2024-10-23 14:27:09.154517',NULL,NULL,NULL,NULL,NULL,1,1,NULL,1,NULL,0),(533,'2971072','2949','2949','1','32504','41','2605','Pasha','40','J-39','0.625','1','10','2','10','--','--','--','--','--','--','--','--','--','--','--','--','5.79','28.94','',NULL,NULL,'',NULL,NULL,NULL,NULL,'    ',' ','Change','G-21-22-053-02-19','2024-10-23','2024-10-23 14:27:48.868576',NULL,NULL,NULL,NULL,NULL,1,1,NULL,1,NULL,0),(534,'1876048','2058','2058','1','30545','150','1379','Pasha','40','J-39','0.625','1','10','2','10','--','--','--','--','--','--','--','--','--','--','--','--','5.79','28.94','',NULL,NULL,'',NULL,NULL,NULL,NULL,'    ',' ','Change','G-21-22-053-02-19','2024-10-23','2024-10-23 14:28:14.637955',NULL,NULL,NULL,NULL,NULL,1,1,NULL,1,NULL,0),(535,'90076','x','x','1','33447','828','3080','Techno-D','40','J-39','0.5','1','10','2','10','--','--','--','--','--','--','--','--','--','--','--','--','4.63','23.15','',NULL,NULL,'',NULL,NULL,NULL,NULL,'         ',' ','Change','-','2024-10-23','2024-10-23 14:28:46.600190',NULL,NULL,NULL,NULL,NULL,1,1,NULL,1,NULL,0),(536,'1868337','6769','6769','1','33633','525','5085','Pasha','40','J-39','0.625','1','10','2','10','--','--','--','--','--','--','--','--','--','--','--','--','5.79','28.94','',NULL,NULL,'',NULL,NULL,NULL,NULL,'    ',' ','Change','G-21-22-053-02-02','2024-10-23','2024-10-23 14:29:30.009337',NULL,NULL,NULL,NULL,NULL,1,1,NULL,1,NULL,0),(537,'2644168','5195','5195','1','33779','729','1900','Pasha','40','J-39','0.625','1','10','2','10','--','--','--','--','--','--','--','--','--','--','--','--','5.79','28.94','',NULL,NULL,'',NULL,NULL,NULL,NULL,'    ',' ','Change','G-21-22-053-02-02','2024-10-23','2024-10-23 14:29:56.754835',NULL,NULL,NULL,NULL,NULL,1,1,NULL,1,NULL,0),(538,'19593837','17','17','1','30330','530','1652','B&T','40','J-39','0.625','1','10','2','10','--','--','--','--','--','--','--','--','--','--','--','--','5.79','28.94','',NULL,NULL,'',NULL,NULL,NULL,NULL,'         ',' ','Change','BREB/DP/IF-72-114/166-2018-2019','2024-10-23','2024-10-23 14:32:06.635738',NULL,NULL,NULL,NULL,NULL,1,1,NULL,1,NULL,0),(539,'0014050','2788','2788','1','33778','729','1720','Hay-D','40','J-39','0.625','1','10','2','10','--','--','--','--','--','--','--','--','--','--','--','--','5.79','28.94','',NULL,NULL,'',NULL,NULL,NULL,NULL,'    ',' ','Change','BREB/1.8MCCP/45-107-Lot-3/2013-2014','2024-10-23','2024-10-23 14:32:44.975983',NULL,NULL,NULL,NULL,NULL,1,1,NULL,1,NULL,0),(540,'2995129','61','61','1','33777','729','1710','Pasha','40','J-39','0.625','1','10','2','10','--','--','--','--','--','--','--','--','--','--','--','--','5.79','28.94','',NULL,NULL,'',NULL,NULL,NULL,NULL,'    ',' ','Change','G-21-22-053-02-19','2024-10-23','2024-10-23 14:33:19.975765',NULL,NULL,NULL,NULL,NULL,1,1,NULL,1,NULL,0),(541,'117880','969','969','1','31358','28','1410','D Tech','40','J-39','0.5','1','10','2','10','--','--','--','--','--','--','--','--','--','--','--','--','5.79','28.94','',NULL,NULL,'',NULL,NULL,NULL,NULL,'    ',' ','Change','G-18-19-053-02-02','2024-10-23','2024-10-23 14:33:58.293754',NULL,NULL,NULL,NULL,NULL,1,1,NULL,1,NULL,0),(542,'2975853','2247','2247.1','1','30654','678','2797','Pasha','40','J-39','0.625','1','10','2','10','--','--','--','--','--','--','--','--','--','--','--','--','5.79','28.94','',NULL,NULL,'',NULL,NULL,NULL,NULL,'    ',' ','Change','G-21-22-053-02-19','2024-10-23','2024-10-23 14:35:36.241491',NULL,NULL,NULL,NULL,NULL,1,1,NULL,1,NULL,5),(543,'19651992','17','17','1','31364','28','1065','B&T','40','J-39','0.625','1','10','2','10','--','--','--','--','--','--','--','--','--','--','--','--','5.79','28.94','',NULL,NULL,'',NULL,NULL,NULL,NULL,'         ',' ','Change','BREB/DP/IF-72-114/166-2018-2019','2024-10-23','2024-10-23 14:37:13.670073',NULL,NULL,NULL,NULL,NULL,1,1,NULL,1,NULL,0),(544,'19593629','41','41.1','1','30896','611','2586','B&T','40','J-39','0.625','1','10','2','10','5.76','29.02','99.48','100.28','-0.52','0.28','5.76','29.02','99.48','100.28','-0.52','0.28','5.79','28.94','',NULL,NULL,'',NULL,NULL,NULL,NULL,'         ',' ','Change','-','2024-10-27','2024-10-27 11:08:41.231718',NULL,NULL,NULL,NULL,NULL,2,1,NULL,2,NULL,0),(545,'18306939','598','598','1','30898','611','3821','B&T','40','J-39','0.625','1','10','2','10','--','--','--','--','--','--','--','--','--','--','--','--','5.79','28.94','',NULL,NULL,'',NULL,NULL,NULL,NULL,'         ',' ','Change','-','2024-10-27','2024-10-27 11:09:36.223064',NULL,NULL,NULL,NULL,NULL,2,1,NULL,2,NULL,0),(546,'0620062','403','403','1','33655','62','3142','Power Plus','40','J-39','0.625','1','10','2','10','--','--','--','--','--','--','--','--','--','--','--','--','5.79','28.94','',NULL,NULL,'',NULL,NULL,NULL,NULL,' ',' ','Change','-','2024-10-27','2024-10-27 11:10:10.696893',NULL,NULL,NULL,NULL,NULL,2,1,NULL,2,NULL,0),(547,'03229054','x','x','1','33942','136','2337','B&T','40','J-39','0.625','1','10','2','10','--','--','--','--','--','--','--','--','--','--','--','--','5.79','28.94','',NULL,NULL,'',NULL,NULL,NULL,NULL,'   ',' ','Change','-','2024-10-27','2024-10-27 11:10:38.688486',NULL,NULL,NULL,NULL,NULL,2,1,NULL,2,NULL,0),(548,'03170','x','x','1','91837','784','1770','Techno-D','40','J-39','0.5','1','10','2','10','--','--','--','--','--','--','--','--','--','--','--','--','4.63','23.15','',NULL,NULL,'',NULL,NULL,NULL,NULL,' ',' ','Remove','-','2024-10-27','2024-10-27 11:11:16.837497',NULL,NULL,NULL,NULL,NULL,2,1,NULL,2,NULL,0),(549,'2937287','921','921','1','34607','30','5035','Pasha','40','J-39','0.625','1','10','2','10','--','--','--','--','--','--','--','--','--','--','--','--','5.79','28.94','',NULL,NULL,'',NULL,NULL,NULL,NULL,' ',' ','Remove','-','2024-10-27','2024-10-27 11:11:44.037212',NULL,NULL,NULL,NULL,NULL,2,1,NULL,2,NULL,0),(550,'21383726','10','10','1','30553','100','2153','B&T','40','J-39','0.625','1','10','2','10','--','--','--','--','--','--','--','--','--','--','--','--','5.79','28.94','',NULL,NULL,'',NULL,NULL,NULL,NULL,'         ',' ','Change','-','2024-10-27','2024-10-27 11:12:44.627138',NULL,NULL,NULL,NULL,NULL,2,1,NULL,2,NULL,0),(551,'21038725','x','x','1','34558','42','5400','B&T','40','J-39','0.625','1','10','2','10','--','--','--','--','--','--','--','--','--','--','--','--','5.79','28.94','',NULL,NULL,'',NULL,NULL,NULL,NULL,' ',' ','Change','-','2024-10-27','2024-10-27 11:13:22.787276',NULL,NULL,NULL,NULL,NULL,2,1,NULL,2,NULL,0),(552,'415955','x','x','1','89749','611','3516','Hosaf-D','40','J-39','0.625','1','10','2','10','--','--','--','--','--','--','--','--','--','--','--','--','5.79','28.94','',NULL,NULL,'',NULL,NULL,NULL,NULL,' ',' ','Change','-','2024-10-27','2024-10-27 11:13:54.660832',NULL,NULL,NULL,NULL,NULL,2,1,NULL,2,NULL,0),(553,'103412','583','583','1','34565','150','1154','D Tech','40','J-39','0.5','1','10','2','10','--','--','--','--','--','--','--','--','--','--','--','--','5.79','28.94','',NULL,NULL,'',NULL,NULL,NULL,NULL,' ',' ','Remove','-','2024-10-27','2024-10-27 11:14:36.335234',NULL,NULL,NULL,NULL,NULL,2,1,NULL,2,NULL,0),(554,'00063813','2205','2205','1','91500','612','6508','Techno-D','40','J-39','0.5','1','10','2','10','--','--','--','--','--','--','--','--','--','--','--','--','4.63','23.15','',NULL,NULL,'',NULL,NULL,NULL,NULL,'         ',' ','Change','-','2024-10-27','2024-10-27 11:15:26.076456',NULL,NULL,NULL,NULL,NULL,2,1,NULL,2,NULL,0),(555,'19592492','1753','1753','1','33062','214','6012','B&T','40','J-39','0.625','1','10','2','10','--','--','--','--','--','--','--','--','--','--','--','--','5.79','28.94','',NULL,NULL,'',NULL,NULL,NULL,NULL,'           ',' ','Change','-','2024-10-27','2024-10-27 11:16:06.504028',NULL,NULL,NULL,NULL,NULL,2,1,NULL,2,NULL,0),(556,'00073823','8729','8729.1','1','33741','39','2135','D Tech','40','J-39','0.5','1','10','2','10','5.79','28.98','100.00','100.14','0.00','0.14','5.79','28.98','100.00','100.14','0.00','0.14','5.79','28.94','',NULL,NULL,'',NULL,NULL,NULL,NULL,'  ',' ','Change','-','2024-10-28','2024-10-28 06:19:51.963545',NULL,NULL,NULL,NULL,NULL,1,1,NULL,1,NULL,0),(557,'00023458','2288','2288','1','30209','39','1272','Techno-D','40','J-39','0.5','1','10','2','10','--','--','--','--','--','--','--','--','--','--','--','--','4.63','23.15','',NULL,NULL,'',NULL,NULL,NULL,NULL,' ',' ','Change','14-15-MPBS-DW-008/06','2024-10-28','2024-10-28 06:20:23.113417',NULL,NULL,NULL,NULL,NULL,1,1,NULL,1,NULL,0),(558,'18700824','251','251','1','30466','39','1222','B&T','40','J-39','0.625','1','10','2','10','--','--','--','--','--','--','--','--','--','--','--','--','5.79','28.94','',NULL,NULL,'',NULL,NULL,NULL,NULL,'         ',' ','Change','BREB/DP/IF-69-111/132-2018-2019','2024-10-28','2024-10-28 06:21:14.760008',NULL,NULL,NULL,NULL,NULL,1,1,NULL,1,NULL,0),(559,'2957442','1874','1874','1','32627','755','3126','Pasha','40','J-39','0.625','1','10','2','10','--','--','--','--','--','--','--','--','--','--','--','--','5.79','28.94','',NULL,NULL,'',NULL,NULL,NULL,NULL,'    ',' ','Change','G-21-22-053-02-02','2024-10-28','2024-10-28 06:21:51.040922',NULL,NULL,NULL,NULL,NULL,1,1,NULL,1,NULL,0),(560,'1746820','803','803','1','30427','779','2235','Pasha','40','J-39','0.625','1','10','2','10','--','--','--','--','--','--','--','--','--','--','--','--','5.79','28.94','',NULL,NULL,'',NULL,NULL,NULL,NULL,'    ',' ','Change','G-21-22-053-02-02','2024-10-28','2024-10-28 06:22:17.093570',NULL,NULL,NULL,NULL,NULL,1,1,NULL,1,NULL,0),(561,'00104799','3109','3109.1','1','30426','799','1400','Techno-D','40','J-39','0.5','1','10','2','10','4.62','23.06','99.78','99.61','-0.22','-0.39','4.62','23.06','99.78','99.61','-0.22','-0.39','4.63','23.15','',NULL,NULL,'',NULL,NULL,NULL,NULL,'  ',' ','Change','-','2024-10-28','2024-10-28 06:22:56.734278',NULL,NULL,NULL,NULL,NULL,1,1,NULL,1,NULL,0),(562,'6418590','26406','26406','1','32877','26','3600','Schlumberger','40','J-1','2.4','1','10','2','10','--','--','--','--','--','--','--','--','--','--','--','--','22.22','111.11','',NULL,NULL,'',NULL,NULL,NULL,NULL,'       ',' ','Change','-','2024-10-28','2024-10-28 06:23:44.567965',NULL,NULL,NULL,NULL,NULL,1,1,NULL,1,NULL,0),(563,'108523','11716','11716','1','34479','508','1715','Hay-A','40','J-1','2.222','1','10','2','10','--','--','--','--','--','--','--','--','--','--','--','--','20.57','102.87','',NULL,NULL,'',NULL,NULL,NULL,NULL,'       ',' ','Change','-','2024-10-28','2024-10-28 06:24:38.276650',NULL,NULL,NULL,NULL,NULL,1,1,NULL,1,NULL,0),(564,'00066416','2340','2340.1','1','33703','700','1162','Techno-D','40','J-39','0.5','1','10','2','10','4.64','23.06','100.22','99.61','0.22','-0.39','4.64','23.06','100.22','99.61','0.22','-0.39','4.63','23.15','',NULL,NULL,'',NULL,NULL,NULL,NULL,'  ',' ','Change','-','2024-10-28','2024-10-28 06:25:18.936012',NULL,NULL,NULL,NULL,NULL,1,1,NULL,1,NULL,0),(565,'00231','x','x','1','34573','60','1043','Hosaf-D','40','J-39','0.625','1','10','2','10','--','--','--','--','--','--','--','--','--','--','--','--','5.79','28.94','',NULL,NULL,'',NULL,NULL,NULL,NULL,'    ',' ','Change','-','2024-10-28','2024-10-28 06:25:57.225930',NULL,NULL,NULL,NULL,NULL,1,1,NULL,1,NULL,0),(566,'6076430','20425','20425.1','1','30844','39','1040','Schlumberger','40','J-1','2.4','1','10','2','10','22.18','111.46','99.82','100.32','-0.18','0.32','22.18','111.46','99.82','100.32','-0.18','0.32','22.22','111.11','',NULL,NULL,'',NULL,NULL,NULL,NULL,'       ',' ','Change','-','2024-10-28','2024-10-28 06:26:40.668723',NULL,NULL,NULL,NULL,NULL,1,1,NULL,1,NULL,0),(567,'17787947','3843','3843','1','33285','39','1907','B&T','40','J-39','0.625','1','10','2','10','--','--','--','--','--','--','--','--','--','--','--','--','5.79','28.94','',NULL,NULL,'',NULL,NULL,NULL,NULL,'           ',' ','Change','-','2024-10-28','2024-10-28 06:27:45.365064',NULL,NULL,NULL,NULL,NULL,1,1,NULL,1,NULL,0),(568,'409446','x','x','1','34574','611','1105','Hosaf-D','40','J-39','0.625','1','10','2','10','--','--','--','--','--','--','--','--','--','--','--','--','5.79','28.94','',NULL,NULL,'',NULL,NULL,NULL,NULL,' ',' ','Remove','-','2024-10-28','2024-10-28 06:32:51.651773',NULL,NULL,NULL,NULL,NULL,1,1,NULL,1,NULL,0),(569,'2651680','314','314','1','91833','658','3741','Pasha','40','J-39','0.625','1','10','2','10','--','--','--','--','--','--','--','--','--','--','--','--','5.79','28.94','',NULL,NULL,'',NULL,NULL,NULL,NULL,'    ',' ','Change','-','2024-10-28','2024-10-28 06:33:25.678854',NULL,NULL,NULL,NULL,NULL,1,1,NULL,1,NULL,0),(570,'325056','3581','3581.1','1','34293','189','2370','Hosaf-D','40','J-39','0.625','1','10','2','10','5.79','29.00','100.00','100.21','0.00','0.21','5.79','29.00','100.00','100.21','0.00','0.21','5.79','28.94','',NULL,NULL,'',NULL,NULL,NULL,NULL,'  ',' ','Change','-','2024-10-28','2024-10-28 06:33:55.784122',NULL,NULL,NULL,NULL,NULL,1,1,NULL,1,NULL,0),(571,'39116','1400','1400.1','1','32150','798','1425','Techno-D','40','J-39','0.5','1','10','2','10','4.63','23.20','100.00','100.22','0.00','0.22','4.63','23.20','100.00','100.22','0.00','0.22','4.63','23.15','',NULL,NULL,'',NULL,NULL,NULL,NULL,'  ',' ','Change','-','2024-10-28','2024-10-28 06:34:26.339964',NULL,NULL,NULL,NULL,NULL,1,1,NULL,1,NULL,0),(572,'881702415646','x','x','1','34614','798','1285','Holley','40','J-39','0.625','1','10','2','10','--','--','--','--','--','--','--','--','--','--','--','--','5.79','28.94','',NULL,NULL,'',NULL,NULL,NULL,NULL,'   LCD  ',' ','Change','-','2024-10-28','2024-10-28 06:35:26.978684',NULL,NULL,NULL,NULL,NULL,1,1,NULL,1,NULL,0),(573,'00006380','1642','1642','1','34551','630','2460','Techno-D','40','J-39','0.5','1','10','2','10','--','--','--','--','--','--','--','--','--','--','--','--','4.63','23.15','',NULL,NULL,'',NULL,NULL,NULL,NULL,' ',' ','Remove','BREB/DP/IF-69-111/132-2018-2019','2024-10-28','2024-10-28 06:36:10.605228',NULL,NULL,NULL,NULL,NULL,1,1,NULL,1,NULL,0),(574,'1889182','1445','1445','1','34113','294','1112','Pasha','40','J-39','0.625','1','10','2','10','--','--','--','--','--','--','--','--','--','--','--','--','5.79','28.94','',NULL,NULL,'',NULL,NULL,NULL,NULL,'    ',' ','Change','G-21-22-053-02-02','2024-10-28','2024-10-28 06:37:05.410727',NULL,NULL,NULL,NULL,NULL,1,1,NULL,1,NULL,0),(575,'00135919','9877','9877.1','1','34079','66','1501','Techno-D','40','J-39','0.5','1','10','2','10','4.64','23.09','100.22','99.74','0.22','-0.26','4.64','23.09','100.22','99.74','0.22','-0.26','4.63','23.15','',NULL,NULL,'',NULL,NULL,NULL,NULL,'  ',' ','Change','BREB/DP/IF-39-73/64/2015-2016','2024-10-28','2024-10-28 06:37:57.913587',NULL,NULL,NULL,NULL,NULL,1,1,NULL,1,NULL,0),(576,'2958039','x','x','1','30111','136','6073','Pasha','40','J-39','0.625','1','10','2','10','--','--','--','--','--','--','--','--','--','--','--','--','5.79','28.94','',NULL,NULL,'',NULL,NULL,NULL,NULL,'    ',' ','Change','G-21-22-053-02-19','2024-10-28','2024-10-28 06:38:30.278829',NULL,NULL,NULL,NULL,NULL,1,1,NULL,1,NULL,0),(577,'00120641','x','x','1','33038','54','2452','D Tech','40','J-39','0.5','1','10','2','10','--','--','--','--','--','--','--','--','--','--','--','--','5.79','28.94','',NULL,NULL,'',NULL,NULL,NULL,NULL,'    ',' ','Change','-','2024-10-28','2024-10-28 06:39:06.694665',NULL,NULL,NULL,NULL,NULL,1,1,NULL,1,NULL,0),(578,'1385058','7573','7573','1','34486','136','3262','Techno-A','40','J-1','2.222','1','10','2','10','--','--','--','--','--','--','--','--','--','--','--','--','20.57','102.87','',NULL,NULL,'',NULL,NULL,NULL,NULL,'       ',' ','Change','-','2024-10-28','2024-10-28 06:54:15.665488',NULL,NULL,NULL,NULL,NULL,1,1,NULL,1,NULL,0),(579,'2942844','3932','3932.1','1','33391','824','9050','Pasha','40','J-39','0.625','1','10','2','10','5.81','28.97','100.35','100.10','0.35','0.10','5.81','28.97','100.35','100.10','0.35','0.10','5.79','28.94','',NULL,NULL,'',NULL,NULL,NULL,NULL,'  ',' ','Change','-','2024-10-28','2024-10-28 06:54:49.890805',NULL,NULL,NULL,NULL,NULL,1,1,NULL,1,NULL,0),(580,'2940553','396','396','1','3375','550','1134','Pasha','40','J-39','0.625','1','10','2','10','--','--','--','--','--','--','--','--','--','--','--','--','5.79','28.94','',NULL,NULL,'',NULL,NULL,NULL,NULL,'    ',' ','Change','-','2024-10-28','2024-10-28 07:24:11.187938',NULL,NULL,NULL,NULL,NULL,1,1,NULL,1,NULL,0),(581,'1889890','600','600.1','1','32780','530','1442','Pasha','40','J-39','0.625','1','10','2','10','--','--','--','--','--','--','--','--','--','--','--','--','5.79','28.94','',NULL,NULL,'',NULL,NULL,NULL,NULL,'    ',' ','Change','G-21-22-053-02-02','2024-10-28','2024-10-28 07:25:20.842952',NULL,NULL,NULL,NULL,NULL,1,1,NULL,1,NULL,5),(582,'2942146','47','47','1','30970','150','3085','Pasha','40','J-39','0.625','1','10','2','10','--','--','--','--','--','--','--','--','--','--','--','--','5.79','28.94','',NULL,NULL,'',NULL,NULL,NULL,NULL,'    ',' ','Change','G-21-22-053-02-02','2024-10-28','2024-10-28 07:26:02.482461',NULL,NULL,NULL,NULL,NULL,1,1,NULL,1,NULL,0),(583,'1871796','x','x','1','30543','150','1086','Pasha','40','J-39','0.625','1','10','2','10','--','--','--','--','--','--','--','--','--','--','--','--','5.79','28.94','',NULL,NULL,'',NULL,NULL,NULL,NULL,'    ',' ','Change','G-21-22-053-02-02','2024-10-28','2024-10-28 07:26:36.837902',NULL,NULL,NULL,NULL,NULL,1,1,NULL,1,NULL,0),(584,'1737299','1217','1217.1','1','30547','150','2930','Pasha','40','J-39','0.625','1','10','2','10','5.80','28.97','100.17','100.10','0.17','0.10','5.80','28.97','100.17','100.10','0.17','0.10','5.79','28.94','',NULL,NULL,'',NULL,NULL,NULL,NULL,'    ',' ','Change','G-21-22-053-02-02','2024-10-28','2024-10-28 07:27:20.199731',NULL,NULL,NULL,NULL,NULL,1,1,NULL,1,NULL,0),(585,'1851632','968','968','1','30542','150','1074','Pasha','40','J-39','0.625','1','10','2','10','--','--','--','--','--','--','--','--','--','--','--','--','5.79','28.94','',NULL,NULL,'',NULL,NULL,NULL,NULL,'    ',' ','Change','G-21-22-053-02-02','2024-10-28','2024-10-28 07:27:48.712845',NULL,NULL,NULL,NULL,NULL,1,1,NULL,1,NULL,0),(586,'19734714','195','195','1','32779','28','1012','B&T','40','J-39','0.625','1','10','2','10','--','--','--','--','--','--','--','--','--','--','--','--','5.79','28.94','',NULL,NULL,'',NULL,NULL,NULL,NULL,'         ',' ','Change','BREB/DP/IF-72-114/166-2018-2019','2024-10-28','2024-10-28 07:28:21.684857',NULL,NULL,NULL,NULL,NULL,1,1,NULL,1,NULL,0),(587,'2938571','125','125','1','32784','28','1115','Pasha','40','J-39','0.625','1','10','2','10','--','--','--','--','--','--','--','--','--','--','--','--','5.79','28.94','',NULL,NULL,'',NULL,NULL,NULL,NULL,'       ',' ','Change','G-21-22-053-02-02','2024-10-28','2024-10-28 07:29:09.204841',NULL,NULL,NULL,NULL,NULL,1,1,NULL,1,NULL,0),(588,'00033410','18050','18050','1','33493','19','1210','Techno-D','40','J-39','0.5','1','10','2','10','--','--','--','--','--','--','--','--','--','--','--','--','4.63','23.15','',NULL,NULL,'',NULL,NULL,NULL,NULL,'   LCD  ',' ','Change','BREB/DP/IF-09-18/11/2014-2015','2024-10-28','2024-10-28 07:29:57.085181',NULL,NULL,NULL,NULL,NULL,1,1,NULL,1,NULL,0),(589,'16448769','5704','5704','1','33495','19','1480','Echo','40','J-39','0.625','1','10','2','10','--','--','--','--','--','--','--','--','--','--','--','--','5.79','28.94','',NULL,NULL,'',NULL,NULL,NULL,NULL,'     ',' ','Change','15-16-MPBS-DW-004/04','2024-10-28','2024-10-28 07:31:17.825992',NULL,NULL,NULL,NULL,NULL,1,1,NULL,1,NULL,0),(590,'00024024','10594','10594','1','33496','19','1470','Techno-D','40','J-39','0.5','1','10','2','10','--','--','--','--','--','--','--','--','--','--','--','--','4.63','23.15','',NULL,NULL,'',NULL,NULL,NULL,NULL,'    ',' ','Change','13-14-MPBS-DW-006/05','2024-10-28','2024-10-28 07:32:16.562138',NULL,NULL,NULL,NULL,NULL,1,1,NULL,1,NULL,0),(591,'20545060','852','852','1','31361','28','1162','B&T','40','J-39','0.625','1','10','2','10','--','--','--','--','--','--','--','--','--','--','--','--','5.79','28.94','',NULL,NULL,'',NULL,NULL,NULL,NULL,'         ',' ','Change','BREB/DNE(DMCS)G-40 Lot-2/2018-19','2024-10-28','2024-10-28 07:32:53.226135',NULL,NULL,NULL,NULL,NULL,1,1,NULL,1,NULL,0),(592,'1837188','911','911','1','33026','25','1107','Pasha','40','J-39','0.625','1','10','2','10','--','--','--','--','--','--','--','--','--','--','--','--','5.79','28.94','',NULL,NULL,'',NULL,NULL,NULL,NULL,'       ',' ','Change','G-21-22-053-02-02','2024-10-28','2024-10-28 07:34:04.385488',NULL,NULL,NULL,NULL,NULL,1,1,NULL,1,NULL,0),(593,'881703365388','x','x','1','30985','602','3629','Holley','40','J-39','0.625','1','10','2','10','--','--','--','--','--','--','--','--','--','--','--','--','5.79','28.94','',NULL,NULL,'',NULL,NULL,NULL,NULL,'   LCD  ',' ','Change','2.5MCC-G-7-003','2024-10-28','2024-10-28 07:35:20.609098',NULL,NULL,NULL,NULL,NULL,1,1,NULL,1,NULL,0),(594,'1851344','2270','2270','1','33109','26','2935','Pasha','40','J-39','0.625','1','10','2','10','--','--','--','--','--','--','--','--','--','--','--','--','5.79','28.94','',NULL,NULL,'',NULL,NULL,NULL,NULL,'       ',' ','Change','G-21-22-053-02-02','2024-10-28','2024-10-28 07:35:53.939234',NULL,NULL,NULL,NULL,NULL,1,1,NULL,1,NULL,0),(595,'2991608','543','543','1','33341','602','3540','Pasha','40','J-39','0.625','1','10','2','10','--','--','--','--','--','--','--','--','--','--','--','--','5.79','28.94','',NULL,NULL,'',NULL,NULL,NULL,NULL,'       ',' ','Change','G-21-22-053-02-02','2024-10-28','2024-10-28 07:36:47.250628',NULL,NULL,NULL,NULL,NULL,1,1,NULL,1,NULL,0),(596,'16005452','102605','102605.1','1','34489','124','5240','Wasion(LIBRA)','200','J-3','21.6','1','10','2','10','--','--','--','--','--','--','--','--','--','--','--','--','0','0','','83116048','','','','','  ','2024-10-14','    ','    ','Remove','-','2024-10-28','2024-10-28 07:36:00.868140',NULL,NULL,NULL,NULL,NULL,1,1,NULL,1,NULL,3),(597,'2928878','3321','3321','1','33887','121','1620','Pasha','40','J-39','0.625','1','10','2','10','--','--','--','--','--','--','--','--','--','--','--','--','5.79','28.94','',NULL,NULL,'',NULL,NULL,NULL,NULL,'    ',' ','Change','-','2024-10-28','2024-10-28 07:39:59.841423',NULL,NULL,NULL,NULL,NULL,1,1,NULL,1,NULL,0),(598,'1845686','5717','5717','1','31663','97','3065','Pasha','40','J-39','0.625','1','10','2','10','--','--','--','--','--','--','--','--','--','--','--','--','5.79','28.94','',NULL,NULL,'',NULL,NULL,NULL,NULL,'    ',' ','Change','-','2024-10-28','2024-10-28 07:40:29.688653',NULL,NULL,NULL,NULL,NULL,1,1,NULL,1,NULL,0),(599,'325017','5012','5012.1','1','30865','672','6485','Hosaf-D','40','J-39','0.625','1','10','2','10','5.80','28.98','100.17','100.14','0.17','0.14','5.80','28.98','100.17','100.14','0.17','0.14','5.79','28.94','',NULL,NULL,'',NULL,NULL,NULL,NULL,'  ',' ','Change','-','2024-10-28','2024-10-28 07:40:58.433386',NULL,NULL,NULL,NULL,NULL,1,1,NULL,1,NULL,0),(600,'091422','19811','19811','1','31787','511','2157','Hay-A','40','J-1','2.222','1','10','2','10','--','--','--','--','--','--','--','--','--','--','--','--','20.57','102.87','',NULL,NULL,'',NULL,NULL,NULL,NULL,'       ',' ','Change','-','2024-10-28','2024-10-28 07:41:37.222395',NULL,NULL,NULL,NULL,NULL,1,1,NULL,1,NULL,0),(601,'881703567732','9946','9946','1','31466','97','1570','Holley','40','J-39','0.625','1','10','2','10','--','--','--','--','--','--','--','--','--','--','--','--','5.79','28.94','',NULL,NULL,'',NULL,NULL,NULL,NULL,'     ',' ','Change','-','2024-10-28','2024-10-28 07:42:10.147625',NULL,NULL,NULL,NULL,NULL,1,1,NULL,1,NULL,0),(602,'1600022','4463','4463','1','33505','124','9050','Wasion(LIBRA)','200','J-3','21.6','1','10','2','10','--','--','--','--','--','--','--','--','--','--','--','--','0','0','','79963949',' ','','','',' ','2024-10-01','    ','    ','Remove','-','2024-10-28','2024-10-28 07:43:28.800783',NULL,NULL,NULL,NULL,NULL,1,1,NULL,1,NULL,0),(603,'230575','x','x','1','34506','734','2600','Pasha','40','J-39','0.625','1','10','2','10','--','--','--','--','--','--','--','--','--','--','--','--','5.79','28.94','',NULL,NULL,'',NULL,NULL,NULL,NULL,' ',' ','Remove','-','2024-10-28','2024-10-28 07:44:10.269969',NULL,NULL,NULL,NULL,NULL,1,1,NULL,1,NULL,0),(604,'2658943','391','391','1','34149','29*','3831','Pasha','40','J-39','0.625','1','10','2','10','--','--','--','--','--','--','--','--','--','--','--','--','5.79','28.94','',NULL,NULL,'',NULL,NULL,NULL,NULL,'    ',' ','Change','-','2024-10-28','2024-10-28 07:38:04.042662',NULL,NULL,NULL,NULL,NULL,2,1,NULL,2,NULL,0),(605,'1853929','2436','2436','1','33235','495','1340','Pasha','40','J-39','0.625','1','10','2','10','--','--','--','--','--','--','--','--','--','--','--','--','5.79','28.94','',NULL,NULL,'',NULL,NULL,NULL,NULL,'    ',' ','Change','-','2024-10-28','2024-10-28 07:38:25.573857',NULL,NULL,NULL,NULL,NULL,2,1,NULL,2,NULL,0),(606,'2049228','17','17','1','33497','19','1712','B&T','40','J-39','0.625','1','10','2','10','--','--','--','--','--','--','--','--','--','--','--','--','5.79','28.94','',NULL,NULL,'',NULL,NULL,NULL,NULL,'         ',' ','Change','-','2024-10-28','2024-10-28 07:38:53.004467',NULL,NULL,NULL,NULL,NULL,2,1,NULL,2,NULL,0),(607,'20471231','17','17','1','30620','19','1715','B&T','40','J-39','0.625','1','10','2','10','--','--','--','--','--','--','--','--','--','--','--','--','5.79','28.94','',NULL,NULL,'',NULL,NULL,NULL,NULL,'         ',' ','Change','-','2024-10-28','2024-10-28 07:39:32.993091',NULL,NULL,NULL,NULL,NULL,2,1,NULL,2,NULL,0),(608,'11152136','2448','2448.1','1','33940','605','5385','Smart','40','J-39','0.625','1','10','2','10','5.80','29.02','100.17','100.28','0.17','0.28','5.80','29.02','100.17','100.28','0.17','0.28','5.79','28.94','',NULL,NULL,'',NULL,NULL,NULL,NULL,'  ',' ','Change','-','2024-10-28','2024-10-28 07:40:13.542896',NULL,NULL,NULL,NULL,NULL,2,1,NULL,2,NULL,0),(609,'12313720','21725','21725','1','34467','772','2625','Hexing','40','J-39','0.625','1','10','2','10','--','--','--','--','--','--','--','--','--','--','--','--','5.79','28.94','',NULL,NULL,'',NULL,NULL,NULL,NULL,'    ',' ','Change','-','2024-10-28','2024-10-28 07:40:42.330670',NULL,NULL,NULL,NULL,NULL,2,1,NULL,2,NULL,0),(610,'1696158','877','877','1','33256','772','2620','Pasha','40','J-39','0.625','1','10','2','10','--','--','--','--','--','--','--','--','--','--','--','--','5.79','28.94','',NULL,NULL,'',NULL,NULL,NULL,NULL,'    ',' ','Change','-','2024-10-28','2024-10-28 07:41:07.777199',NULL,NULL,NULL,NULL,NULL,2,1,NULL,2,NULL,0),(611,'2987995','17','17','1','33255','772','1800','Pasha','40','J-39','0.625','1','10','2','10','--','--','--','--','--','--','--','--','--','--','--','--','5.79','28.94','',NULL,NULL,'',NULL,NULL,NULL,NULL,'    ',' ','Change','-','2024-10-28','2024-10-28 07:41:30.424029',NULL,NULL,NULL,NULL,NULL,2,1,NULL,2,NULL,0),(612,'1839946','250','250','1','33253','772','1280','Pasha','40','J-39','0.625','1','10','2','10','--','--','--','--','--','--','--','--','--','--','--','--','5.79','28.94','',NULL,NULL,'',NULL,NULL,NULL,NULL,'    ',' ','Change','-','2024-10-28','2024-10-28 07:41:58.411216',NULL,NULL,NULL,NULL,NULL,2,1,NULL,2,NULL,0),(613,'00040165','6158','6158','1','33586','606','3461','Techno-D','40','J-39','0.5','1','10','2','10','--','--','--','--','--','--','--','--','--','--','--','--','4.63','23.15','',NULL,NULL,'',NULL,NULL,NULL,NULL,'         ',' ','Change','-','2024-10-28','2024-10-28 07:42:28.290791',NULL,NULL,NULL,NULL,NULL,2,1,NULL,2,NULL,0),(614,'0033523','x','x','1','30596','678','3100','Pasha','40','J-39','0.625','1','10','2','10','--','--','--','--','--','--','--','--','--','--','--','--','5.79','28.94','',NULL,NULL,'',NULL,NULL,NULL,NULL,'   LCD  ',' ','Change','BREB/DNE(DMCS)G-21 Lot-1/2018-19','2024-10-28','2024-10-28 07:43:14.934049',NULL,NULL,NULL,NULL,NULL,2,1,NULL,2,NULL,0),(615,'20471221','186','186','1','32248','155','2478','B&T','40','J-39','0.625','1','10','2','10','--','--','--','--','--','--','--','--','--','--','--','--','5.79','28.94','',NULL,NULL,'',NULL,NULL,NULL,NULL,'         ',' ','Change','-','2024-10-28','2024-10-28 07:43:44.919557',NULL,NULL,NULL,NULL,NULL,2,1,NULL,2,NULL,0),(616,'003228','4588','4588','1','33006','721','1280','Techno-A','40','J-1','2.222','1','10','2','10','--','--','--','--','--','--','--','--','--','--','--','--','20.57','102.87','',NULL,NULL,'',NULL,NULL,NULL,NULL,'       ',' ','Change','-','2024-10-28','2024-10-28 07:44:44.347097',NULL,NULL,NULL,NULL,NULL,2,1,NULL,2,NULL,0),(617,'1738069','1310','1310.1','1','32064','557','1250','Pasha','40','J-39','0.625','1','10','2','10','5.78','28.93','99.83','99.97','-0.17','-0.03','5.78','28.93','99.83','99.97','-0.17','-0.03','5.79','28.94','',NULL,NULL,'',NULL,NULL,NULL,NULL,'  ',' ','Change','-','2024-10-28','2024-10-28 07:45:17.214825',NULL,NULL,NULL,NULL,NULL,2,1,NULL,2,NULL,0),(618,'091457','12389','12389','1','32571','557','1190','Hay-A','40','J-1','2.222','1','10','2','10','--','--','--','--','--','--','--','--','--','--','--','--','20.57','102.87','',NULL,NULL,'',NULL,NULL,NULL,NULL,'       ',' ','Change','-','2024-10-28','2024-10-28 07:45:58.018553',NULL,NULL,NULL,NULL,NULL,2,1,NULL,2,NULL,0),(619,'16419013','5825','5825','1','32843','49','3290','Echo','40','J-39','0.625','1','10','2','10','--','--','--','--','--','--','--','--','--','--','--','--','5.79','28.94','',NULL,NULL,'',NULL,NULL,NULL,NULL,'     ',' ','Change','-','2024-10-28','2024-10-28 07:46:33.225541',NULL,NULL,NULL,NULL,NULL,2,1,NULL,2,NULL,0),(620,'1843329','284','284','1','31562','53','2564','Pasha','40','J-39','0.625','1','10','2','10','--','--','--','--','--','--','--','--','--','--','--','--','5.79','28.94','',NULL,NULL,'',NULL,NULL,NULL,NULL,'    ',' ','Change','-','2024-10-28','2024-10-28 07:46:57.344057',NULL,NULL,NULL,NULL,NULL,2,1,NULL,2,NULL,0),(621,'881702341289','4752','4752','1','32521','800','2930','Holley','40','J-39','0.625','1','10','2','10','--','--','--','--','--','--','--','--','--','--','--','--','5.79','28.94','',NULL,NULL,'',NULL,NULL,NULL,NULL,'     ',' ','Change','-','2024-10-28','2024-10-28 07:47:35.713378',NULL,NULL,NULL,NULL,NULL,2,1,NULL,2,NULL,0),(622,'00016873','2499','2499.1','1','31659','800','1650','Techno-D','40','J-39','0.5','1','10','2','10','4.64','23.06','100.22','99.61','0.22','-0.39','4.64','23.06','100.22','99.61','0.22','-0.39','4.63','23.15','',NULL,NULL,'',NULL,NULL,NULL,NULL,'  ',' ','Change','-','2024-10-28','2024-10-28 07:47:57.554244',NULL,NULL,NULL,NULL,NULL,2,1,NULL,2,NULL,0),(623,'0645049','5751','5751.1','1','31147','609','2498','Power Plus','40','J-39','0.625','1','10','2','10','4.64','23.06','100.22','99.61','0.22','-0.39','4.64','23.06','100.22','99.61','0.22','-0.39','5.79','28.94','',NULL,NULL,'',NULL,NULL,NULL,NULL,'  ',' ','Change','-','2024-10-28','2024-10-28 07:48:25.636568',NULL,NULL,NULL,NULL,NULL,2,1,NULL,2,NULL,0),(624,'16672','402','402.1','1','32047','776','3613','Techno-D','40','J-39','0.5','1','10','2','10','4.65','23.05','100.43','99.57','0.43','-0.43','4.65','23.05','100.43','99.57','0.43','-0.43','4.63','23.15','',NULL,NULL,'',NULL,NULL,NULL,NULL,'  ',' ','Change','-','2024-10-28','2024-10-28 07:48:57.798552',NULL,NULL,NULL,NULL,NULL,2,1,NULL,2,NULL,0),(625,'00126691','4877','4877.1','1','32331','41','3723','Techno-D','40','J-39','0.5','1','10','2','10','4.64','23.13','100.22','99.91','0.22','-0.09','4.64','23.13','100.22','99.91','0.22','-0.09','4.63','23.15','',NULL,NULL,'',NULL,NULL,NULL,NULL,'  ',' ','Change','-','2024-10-28','2024-10-28 07:49:30.285091',NULL,NULL,NULL,NULL,NULL,2,1,NULL,2,NULL,0),(626,'1869023','5546','5546','1','33009','612','4181','Pasha','40','J-39','0.625','1','10','2','10','--','--','--','--','--','--','--','--','--','--','--','--','5.79','28.94','',NULL,NULL,'',NULL,NULL,NULL,NULL,'    ',' ','Change','-','2024-10-28','2024-10-28 07:49:58.924554',NULL,NULL,NULL,NULL,NULL,2,1,NULL,2,NULL,0),(627,'20544708','151','151','1','31365','28','1216','B&T','40','J-39','0.625','1','10','2','10','--','--','--','--','--','--','--','--','--','--','--','--','5.79','28.94','',NULL,NULL,'',NULL,NULL,NULL,NULL,'         ',' ','Change','-','2024-10-28','2024-10-28 07:51:09.314059',NULL,NULL,NULL,NULL,NULL,2,1,NULL,2,NULL,0),(628,'19901824','291','291','1','33167','53','7871','B&T','40','J-39','0.625','1','10','2','10','--','--','--','--','--','--','--','--','--','--','--','--','5.79','28.94','',NULL,NULL,'',NULL,NULL,NULL,NULL,'     ',' ','Change','-','2024-10-28','2024-10-28 07:52:07.646289',NULL,NULL,NULL,NULL,NULL,2,1,NULL,2,NULL,0),(629,'21014574','x','x','1','32451','275','4780','B&T','40','J-39','0.625','1','10','2','10','--','--','--','--','--','--','--','--','--','--','--','--','5.79','28.94','',NULL,NULL,'',NULL,NULL,NULL,NULL,'    ',' ','Change','-','2024-10-28','2024-10-28 07:52:39.553695',NULL,NULL,NULL,NULL,NULL,2,1,NULL,2,NULL,0),(630,'21050620','x','x','1','32754','123','1025','B&T','40','J-39','0.625','1','10','2','10','--','--','--','--','--','--','--','--','--','--','--','--','5.79','28.94','',NULL,NULL,'',NULL,NULL,NULL,NULL,'    ',' ','Change','-','2024-10-28','2024-10-28 07:56:17.476779',NULL,NULL,NULL,NULL,NULL,2,1,NULL,2,NULL,0),(631,'2944011','150','150','1','31624','53','2471','Pasha','40','J-39','0.625','1','10','2','10','--','--','--','--','--','--','--','--','--','--','--','--','5.79','28.94','',NULL,NULL,'',NULL,NULL,NULL,NULL,'    ',' ','Change','-','2024-10-28','2024-10-28 07:57:10.065126',NULL,NULL,NULL,NULL,NULL,2,1,NULL,2,NULL,0),(632,'19625575','631','631','1','30877','214','9110','B&T','40','J-39','0.625','1','10','2','10','--','--','--','--','--','--','--','--','--','--','--','--','5.79','28.94','',NULL,NULL,'',NULL,NULL,NULL,NULL,'     ',' ','Change','-','2024-10-28','2024-10-28 07:57:36.993656',NULL,NULL,NULL,NULL,NULL,2,1,NULL,2,NULL,0),(633,'19625557','1878','1878','1','33066','214','9140','B&T','40','J-39','0.625','1','10','2','10','--','--','--','--','--','--','--','--','--','--','--','--','5.79','28.94','',NULL,NULL,'',NULL,NULL,NULL,NULL,'           ',' ','Change','-','2024-10-28','2024-10-28 07:58:06.566535',NULL,NULL,NULL,NULL,NULL,2,1,NULL,2,NULL,0),(634,'19625552','2847','2847','1','33065','214','9105','B&T','40','J-39','0.625','1','10','2','10','--','--','--','--','--','--','--','--','--','--','--','--','5.79','28.94','',NULL,NULL,'',NULL,NULL,NULL,NULL,'           ',' ','Change','-','2024-10-28','2024-10-28 07:58:40.590819',NULL,NULL,NULL,NULL,NULL,2,1,NULL,2,NULL,0),(635,'19592756','159','159','1','33149','214','6013','B&T','40','J-39','0.625','1','10','2','10','--','--','--','--','--','--','--','--','--','--','--','--','5.79','28.94','',NULL,NULL,'',NULL,NULL,NULL,NULL,'         ',' ','Change','-','2024-10-28','2024-10-28 07:59:04.987844',NULL,NULL,NULL,NULL,NULL,2,1,NULL,2,NULL,0),(636,'2934769','905','905','1','32538','714','1252','Pasha','40','J-39','0.625','1','10','2','10','--','--','--','--','--','--','--','--','--','--','--','--','5.79','28.94','',NULL,NULL,'',NULL,NULL,NULL,NULL,'    ',' ','Change','-','2024-10-28','2024-10-28 07:59:30.499670',NULL,NULL,NULL,NULL,NULL,2,1,NULL,2,NULL,0),(637,'881702341420','2222','2222','1','33349','800','2130','Holley','40','J-39','0.625','1','10','2','10','--','--','--','--','--','--','--','--','--','--','--','--','5.79','28.94','',NULL,NULL,'',NULL,NULL,NULL,NULL,'     ',' ','Change','-','2024-10-28','2024-10-28 07:59:58.990220',NULL,NULL,NULL,NULL,NULL,2,1,NULL,2,NULL,0),(638,'1871216','2556','2556','1','33385','141','1076','Pasha','40','J-39','0.625','1','10','2','10','--','--','--','--','--','--','--','--','--','--','--','--','5.79','28.94','',NULL,NULL,'',NULL,NULL,NULL,NULL,'    ',' ','Change','-','2024-10-28','2024-10-28 08:00:24.798798',NULL,NULL,NULL,NULL,NULL,2,1,NULL,2,NULL,0),(639,'19897519','2987','2987.1','1','30787','87','2159','B&T','40','J-39','0.625','1','10','2','10','5.81','28.94','100.35','100.00','0.35','0.00','5.81','28.94','100.35','100.00','0.35','0.00','5.79','28.94','',NULL,NULL,'',NULL,NULL,NULL,NULL,'  ',' ','Change','-','2024-10-28','2024-10-28 08:00:49.928059',NULL,NULL,NULL,NULL,NULL,2,1,NULL,2,NULL,0),(640,'19575058','x','x','1','32624','214','9030','B&T','40','J-39','0.625','1','10','2','10','--','--','--','--','--','--','--','--','--','--','--','--','5.79','28.94','',NULL,NULL,'',NULL,NULL,NULL,NULL,'    ',' ','Change','-','2024-10-29','2024-10-29 03:16:10.668660',NULL,NULL,NULL,NULL,NULL,2,1,NULL,2,NULL,0),(641,'1875001','252','252','1','30300','557','1206','Pasha','40','J-39','0.625','1','10','2','10','--','--','--','--','--','--','--','--','--','--','--','--','5.79','28.94','',NULL,NULL,'',NULL,NULL,NULL,NULL,'    ',' ','Change','-','2024-10-29','2024-10-29 03:16:31.671223',NULL,NULL,NULL,NULL,NULL,2,1,NULL,2,NULL,0),(642,'00020381','x','x','1','34511','507','1240','Techno-D','40','J-39','0.5','1','10','2','10','--','--','--','--','--','--','--','--','--','--','--','--','4.63','23.15','',NULL,NULL,'',NULL,NULL,NULL,NULL,'    ',' ','Change','-','2024-10-29','2024-10-29 03:16:54.261763',NULL,NULL,NULL,NULL,NULL,2,1,NULL,2,NULL,0),(643,'00106367','2251','2251.1','1','33185','25','1055','D Tech','40','J-39','0.5','1','10','2','10','5.77','29.05','99.65','100.38','-0.35','0.38','5.77','29.05','99.65','100.38','-0.35','0.38','5.79','28.94','',NULL,NULL,'',NULL,NULL,NULL,NULL,'  ',' ','Change','-','2024-10-29','2024-10-29 03:17:46.206805',NULL,NULL,NULL,NULL,NULL,2,1,NULL,2,NULL,0),(644,'00018742','3182','3182','1','33242','490','4276','Techno-D','40','J-39','0.5','1','10','2','10','--','--','--','--','--','--','--','--','--','--','--','--','4.63','23.15','',NULL,NULL,'',NULL,NULL,NULL,NULL,'   ',' ','Change','-','2024-10-29','2024-10-29 03:18:28.083305',NULL,NULL,NULL,NULL,NULL,2,1,NULL,2,NULL,0),(645,'18750362','186','186','1','34509','616','9426','B&T','40','J-39','0.625','1','10','2','10','--','--','--','--','--','--','--','--','--','--','--','--','5.79','28.94','',NULL,NULL,'',NULL,NULL,NULL,NULL,'         ',' ','Change','-','2024-10-29','2024-10-29 03:19:03.294737',NULL,NULL,NULL,NULL,NULL,2,1,NULL,2,NULL,0),(646,'1761513','3415','3415','1','34510','507','1811','Pasha','40','J-39','0.625','1','10','2','10','--','--','--','--','--','--','--','--','--','--','--','--','5.79','28.94','',NULL,NULL,'',NULL,NULL,NULL,NULL,'    ',' ','Change','-','2024-10-29','2024-10-29 03:19:27.426368',NULL,NULL,NULL,NULL,NULL,2,1,NULL,2,NULL,0),(647,'563181','3589','3589','1','34469','494','5140','Hosaf-D','40','J-39','0.625','1','10','2','10','--','--','--','--','--','--','--','--','--','--','--','--','5.79','28.94','',NULL,NULL,'',NULL,NULL,NULL,NULL,'  ',' ','Change','-','2024-10-29','2024-10-29 03:20:04.584651',NULL,NULL,NULL,NULL,NULL,2,1,NULL,2,NULL,0),(648,'21068413','3831','3831','1','33890','614','3678','B&T','40','J-39','0.625','1','10','2','10','--','--','--','--','--','--','--','--','--','--','--','--','5.79','28.94','',NULL,NULL,'',NULL,NULL,NULL,NULL,'    ',' ','Change','-','2024-10-29','2024-10-29 03:20:33.769109',NULL,NULL,NULL,NULL,NULL,2,1,NULL,2,NULL,0),(649,'2944042','x','x','1','34508','25','5773','Pasha','40','J-39','0.625','1','10','2','10','--','--','--','--','--','--','--','--','--','--','--','--','5.79','28.94','',NULL,NULL,'',NULL,NULL,NULL,NULL,'    ',' ','Change','-','2024-10-29','2024-10-29 03:21:04.271486',NULL,NULL,NULL,NULL,NULL,2,1,NULL,2,NULL,0),(650,'6073647','7748','7748.1','1','34578','602','4340','Hosaf-D','40','J-39','0.625','1','10','2','10','--','--','--','--','--','--','--','--','--','--','--','--','5.79','28.94','',NULL,NULL,'',NULL,NULL,NULL,NULL,' ',' ','Remove','-','2024-10-29','2024-10-30 08:43:56.052491',NULL,NULL,NULL,NULL,NULL,2,1,NULL,2,NULL,11),(651,'1841942','1081','1081','1','33622','675','4593','Pasha','40','J-39','0.625','1','10','2','10','--','--','--','--','--','--','--','--','--','--','--','--','5.79','28.94','',NULL,NULL,'',NULL,NULL,NULL,NULL,'    ',' ','Change','-','2024-10-29','2024-10-29 03:22:18.597295',NULL,NULL,NULL,NULL,NULL,2,1,NULL,2,NULL,0),(652,'16656181','x','x','1','33015','33.','3800','Echo','40','J-39','0.625','1','10','2','10','--','--','--','--','--','--','--','--','--','--','--','--','5.79','28.94','',NULL,NULL,'',NULL,NULL,NULL,NULL,' ',' ','Change','-','2024-10-29','2024-10-29 05:42:44.111599',NULL,NULL,NULL,NULL,NULL,2,1,NULL,2,NULL,0),(653,'1887225','744','744.1','1','32061','33','3490','Pasha','40','J-39','0.625','1','10','2','10','5.79','28.90','100.00','99.86','0.00','-0.14','5.79','28.90','100.00','99.86','0.00','-0.14','5.79','28.94','',NULL,NULL,'',NULL,NULL,NULL,NULL,'  ',' ','Change','-','2024-10-29','2024-10-29 05:43:09.220915',NULL,NULL,NULL,NULL,NULL,2,1,NULL,2,NULL,0),(654,'23436844','2279','2279.1','1','33449','46','1260','B&T','40','J-39','0.625','1','10','2','10','5.81','29.04','100.35','100.35','0.35','0.35','5.81','29.04','100.35','100.35','0.35','0.35','5.79','28.94','',NULL,NULL,'',NULL,NULL,NULL,NULL,'  ',' ','Change','-','2024-10-29','2024-10-29 05:43:39.725860',NULL,NULL,NULL,NULL,NULL,2,1,NULL,2,NULL,0),(655,'1713886','6078','6078.1','1','33841','123','1067','Pasha','40','J-39','0.625','1','10','2','10','5.81','28.83','100.35','99.62','0.35','-0.38','5.81','28.83','100.35','99.62','0.35','-0.38','5.79','28.94','',NULL,NULL,'',NULL,NULL,NULL,NULL,'  ',' ','Change','-','2024-10-29','2024-10-29 05:45:09.732971',NULL,NULL,NULL,NULL,NULL,2,1,NULL,2,NULL,0),(656,'77525','2436','2436.1','1','33064','214','6200','Techno-D','40','J-39','0.5','1','10','2','10','4.64','23.07','100.22','99.65','0.22','-0.35','4.64','23.07','100.22','99.65','0.22','-0.35','4.63','23.15','',NULL,NULL,'',NULL,NULL,NULL,NULL,'  ',' ','Change','-','2024-10-29','2024-10-29 05:45:35.047470',NULL,NULL,NULL,NULL,NULL,2,1,NULL,2,NULL,0),(657,'9577541','3825','3825.1','1','31203','214','9013','B&T','40','J-39','0.625','1','10','2','10','5.78','28.92','99.83','99.93','-0.17','-0.07','5.78','28.92','99.83','99.93','-0.17','-0.07','5.79','28.94','',NULL,NULL,'',NULL,NULL,NULL,NULL,'     ',' ','Change','-','2024-10-29','2024-10-29 05:46:59.398819',NULL,NULL,NULL,NULL,NULL,2,1,NULL,2,NULL,0),(658,'21027805','6122','6122','1','32117','87','3720','B&T','40','J-39','0.625','1','10','2','10','--','--','--','--','--','--','--','--','--','--','--','--','5.79','28.94','',NULL,NULL,'',NULL,NULL,NULL,NULL,'           ',' ','Change','-','2024-10-29','2024-10-29 05:47:44.738556',NULL,NULL,NULL,NULL,NULL,2,1,NULL,2,NULL,0),(659,'881703017254','5997','5997','1','33300','793','1170','Holley','40','J-39','0.625','1','10','2','10','--','--','--','--','--','--','--','--','--','--','--','--','5.79','28.94','',NULL,NULL,'',NULL,NULL,NULL,NULL,'     ',' ','Change','-','2024-10-29','2024-10-29 05:48:35.487868',NULL,NULL,NULL,NULL,NULL,2,1,NULL,2,NULL,0),(660,'1958322','x','x','1','31259','776','3880','B&T','40','J-39','0.625','1','10','2','10','--','--','--','--','--','--','--','--','--','--','--','--','5.79','28.94','',NULL,NULL,'',NULL,NULL,NULL,NULL,'    ',' ','Change','-','2024-10-29','2024-10-29 05:49:16.445884',NULL,NULL,NULL,NULL,NULL,2,1,NULL,2,NULL,0),(661,'0014071','13322','13322','1','33647','557','1285','Hay-D','40','J-39','0.625','1','10','2','10','--','--','--','--','--','--','--','--','--','--','--','--','5.79','28.94','',NULL,NULL,'',NULL,NULL,NULL,NULL,'    ',' ','Change','-','2024-10-29','2024-10-29 05:50:16.352323',NULL,NULL,NULL,NULL,NULL,2,1,NULL,2,NULL,0),(662,'324746','4243','4243','1','33249','557','1484','Hosaf-D','40','J-39','0.625','1','10','2','10','--','--','--','--','--','--','--','--','--','--','--','--','5.79','28.94','',NULL,NULL,'',NULL,NULL,NULL,NULL,'     ',' ','Change','-','2024-10-29','2024-10-29 05:51:34.744251',NULL,NULL,NULL,NULL,NULL,2,1,NULL,2,NULL,0),(663,'2109299','x','x','1','33155','557','1455','B&T','40','J-39','0.625','1','10','2','10','--','--','--','--','--','--','--','--','--','--','--','--','5.79','28.94','',NULL,NULL,'',NULL,NULL,NULL,NULL,'    ',' ','Change','-','2024-10-29','2024-10-29 05:52:13.029368',NULL,NULL,NULL,NULL,NULL,2,1,NULL,2,NULL,0),(664,'00060856','10733','10733','1','34037','732','1541','Techno-D','40','J-39','0.5','1','10','2','10','--','--','--','--','--','--','--','--','--','--','--','--','4.63','23.15','',NULL,NULL,'',NULL,NULL,NULL,NULL,'         ',' ','Change','-','2024-10-29','2024-10-29 06:59:41.350746',NULL,NULL,NULL,NULL,NULL,2,1,NULL,2,NULL,0),(665,'12323663','3781','3781','1','30820','732','1460','Hexing','40','J-39','0.625','1','10','2','10','--','--','--','--','--','--','--','--','--','--','--','--','5.79','28.94','',NULL,NULL,'',NULL,NULL,NULL,NULL,'    ',' ','Change','-','2024-10-29','2024-10-29 07:00:11.335598',NULL,NULL,NULL,NULL,NULL,2,1,NULL,2,NULL,0),(666,'171248498','5376','5376','1','33734','714','1308','Echo','40','J-39','0.625','1','10','2','10','--','--','--','--','--','--','--','--','--','--','--','--','5.79','28.94','',NULL,NULL,'',NULL,NULL,NULL,NULL,'     ',' ','Change','-','2024-10-29','2024-10-29 07:00:38.664340',NULL,NULL,NULL,NULL,NULL,2,1,NULL,2,NULL,0),(667,'00044718','3879','3879.1','1','33367','714','1071','Techno-D','40','J-39','0.5','1','10','2','10','4.61','23.08','99.57','99.70','-0.43','-0.30','4.61','23.08','99.57','99.70','-0.43','-0.30','4.63','23.15','',NULL,NULL,'',NULL,NULL,NULL,NULL,'  ',' ','Change','-','2024-10-29','2024-10-29 07:01:02.687078',NULL,NULL,NULL,NULL,NULL,2,1,NULL,2,NULL,0),(668,'0639802','5099','5099.1','1','32395','609','9290','Power Plus','40','J-39','0.625','1','10','2','10','5.77','28.80','99.65','99.52','-0.35','-0.48','5.77','28.80','99.65','99.52','-0.35','-0.48','5.79','28.94','',NULL,NULL,'',NULL,NULL,NULL,NULL,'  ',' ','Change','-','2024-10-29','2024-10-29 07:01:27.322373',NULL,NULL,NULL,NULL,NULL,2,1,NULL,2,NULL,0),(669,'1871855','1475','1475','1','33689','275','2420','Pasha','40','J-39','0.625','1','10','2','10','--','--','--','--','--','--','--','--','--','--','--','--','5.79','28.94','',NULL,NULL,'',NULL,NULL,NULL,NULL,'    ',' ','Change','-','2024-10-29','2024-10-29 07:01:56.945172',NULL,NULL,NULL,NULL,NULL,2,1,NULL,2,NULL,0),(670,'21039687','1537','1537.1','1','33273','275','4720','B&T','40','J-39','0.625','1','10','2','10','5.76','28.89','99.48','99.83','-0.52','-0.17','5.76','28.89','99.48','99.83','-0.52','-0.17','5.79','28.94','',NULL,NULL,'',NULL,NULL,NULL,NULL,'  ',' ','Change','-','2024-10-29','2024-10-29 07:02:20.256380',NULL,NULL,NULL,NULL,NULL,2,1,NULL,2,NULL,0),(671,'1925262','5719','5719','1','33692','275','4220','Pasha','40','J-39','0.625','1','10','2','10','--','--','--','--','--','--','--','--','--','--','--','--','5.79','28.94','',NULL,NULL,'',NULL,NULL,NULL,NULL,'    ',' ','Change','-','2024-10-29','2024-10-29 07:02:40.578216',NULL,NULL,NULL,NULL,NULL,2,1,NULL,2,NULL,0),(672,'18949461','8343','8343.1','1','33688','270','3040','B&T','40','J-39','0.625','1','10','2','10','5.78','29.06','99.83','100.41','-0.17','0.41','5.78','29.06','99.83','100.41','-0.17','0.41','5.79','28.94','',NULL,NULL,'',NULL,NULL,NULL,NULL,'  ',' ','Change','-','2024-10-29','2024-10-29 07:03:09.661972',NULL,NULL,NULL,NULL,NULL,2,1,NULL,2,NULL,0),(673,'19667649','83','83','1','33470','141','1182','B&T','40','J-39','0.625','1','10','2','10','--','--','--','--','--','--','--','--','--','--','--','--','5.79','28.94','',NULL,NULL,'',NULL,NULL,NULL,NULL,'         ',' ','Change','-','2024-10-29','2024-10-29 07:03:38.106109',NULL,NULL,NULL,NULL,NULL,2,1,NULL,2,NULL,0),(674,'18595362','4556','4556','1','33023','732','2153','B&T','40','J-39','0.625','1','10','2','10','--','--','--','--','--','--','--','--','--','--','--','--','5.79','28.94','',NULL,NULL,'',NULL,NULL,NULL,NULL,'           ',' ','Change','-','2024-10-29','2024-10-29 07:04:03.828432',NULL,NULL,NULL,NULL,NULL,2,1,NULL,2,NULL,0),(675,'00058274','8791','8791','1','33643','612','4311','Techno-D','40','J-39','0.5','1','10','2','10','--','--','--','--','--','--','--','--','--','--','--','--','4.63','23.15','',NULL,NULL,'',NULL,NULL,NULL,NULL,'         ',' ','Change','-','2024-10-29','2024-10-29 07:04:30.883946',NULL,NULL,NULL,NULL,NULL,2,1,NULL,2,NULL,0),(676,'2988942','1126','1126.1','1','34277','721','2181','Pasha','40','J-39','0.625','1','10','2','10','5.79','29.03','100.00','100.31','0.00','0.31','5.79','29.03','100.00','100.31','0.00','0.31','5.79','28.94','',NULL,NULL,'',NULL,NULL,NULL,NULL,'  ',' ','Change','-','2024-10-29','2024-10-29 07:05:18.538497',NULL,NULL,NULL,NULL,NULL,2,1,NULL,2,NULL,0),(677,'2658037','1257','1257','1','32755','123','1075','Pasha','40','J-39','0.625','1','10','2','10','--','--','--','--','--','--','--','--','--','--','--','--','5.79','28.94','',NULL,NULL,'',NULL,NULL,NULL,NULL,'    ',' ','Change','-','2024-10-29','2024-10-29 07:05:54.913302',NULL,NULL,NULL,NULL,NULL,2,1,NULL,2,NULL,0),(678,'154667','4491','4491.1','1','32460','791','2176','Techno-D','40','J-39','0.5','1','10','2','10','4.63','23.10','100.00','99.78','0.00','-0.22','4.63','23.10','100.00','99.78','0.00','-0.22','4.63','23.15','',NULL,NULL,'',NULL,NULL,NULL,NULL,'  ',' ','Change','-','2024-10-29','2024-10-29 07:06:37.177013',NULL,NULL,NULL,NULL,NULL,2,1,NULL,2,NULL,0),(679,'022925','3465','3465','1','33105','45','1995','Holley','40','J-39','0.625','1','10','2','10','--','--','--','--','--','--','--','--','--','--','--','--','5.79','28.94','',NULL,NULL,'',NULL,NULL,NULL,NULL,'     ',' ','Change','-','2024-10-29','2024-10-29 07:07:07.956747',NULL,NULL,NULL,NULL,NULL,2,1,NULL,2,NULL,0),(680,'2936761','1859','1859.1','1','33324','791','3125','Pasha','40','J-39','0.625','1','10','2','10','5.81','28.83','100.35','99.62','0.35','-0.38','5.81','28.83','100.35','99.62','0.35','-0.38','5.79','28.94','',NULL,NULL,'',NULL,NULL,NULL,NULL,'  ',' ','Change','-','2024-10-29','2024-10-29 07:07:35.017622',NULL,NULL,NULL,NULL,NULL,2,1,NULL,2,NULL,0),(681,'19312425','x','x','1','34172','508','1848','Hexing','40','J-39','0.625','1','10','2','10','--','--','--','--','--','--','--','--','--','--','--','--','5.79','28.94','',NULL,NULL,'',NULL,NULL,NULL,NULL,'    ',' ','Change','-','2024-10-29','2024-10-29 07:08:02.879566',NULL,NULL,NULL,NULL,NULL,2,1,NULL,2,NULL,0),(682,'18806569','3077','3077','1','33863','27','4420','B&T','40','J-39','0.625','1','10','2','10','--','--','--','--','--','--','--','--','--','--','--','--','5.79','28.94','',NULL,NULL,'',NULL,NULL,NULL,NULL,'     ',' ','Change','-','2024-10-29','2024-10-29 07:08:26.949873',NULL,NULL,NULL,NULL,NULL,2,1,NULL,2,NULL,0),(683,'142477','853','853.1','1','34466','48','1580','D Tech','40','J-39','0.5','1','10','2','10','5.77','28.90','99.65','99.86','-0.35','-0.14','5.77','28.90','99.65','99.86','-0.35','-0.14','5.79','28.94','',NULL,NULL,'',NULL,NULL,NULL,NULL,'  ',' ','Change','-','2024-10-29','2024-10-29 07:08:48.792908',NULL,NULL,NULL,NULL,NULL,2,1,NULL,2,NULL,0),(684,'881702557378','6685','6685','1','33891','511','3201','Holley','40','J-39','0.625','1','10','2','10','--','--','--','--','--','--','--','--','--','--','--','--','5.79','28.94','',NULL,NULL,'',NULL,NULL,NULL,NULL,'     ',' ','Change','-','2024-10-29','2024-10-29 07:09:34.033906',NULL,NULL,NULL,NULL,NULL,2,1,NULL,2,NULL,0),(685,'00120314','345','345.1','1','34571','71','3546','D Tech','40','J-39','0.5','1','10','2','10','5.77','28.92','99.65','99.93','-0.35','-0.07','5.77','28.92','99.65','99.93','-0.35','-0.07','5.79','28.94','',NULL,NULL,'',NULL,NULL,NULL,NULL,'  ',' ','Remove','-','2024-10-29','2024-10-30 07:09:02.023922',NULL,NULL,NULL,NULL,NULL,2,1,NULL,2,NULL,1),(686,'899618','7058','7058.1','1','34552','148','6066','Techno-A','40','J-1','2.222','1','10','2','10','20.64','102.38','100.34','99.52','0.34','-0.48','20.64','102.38','100.34','99.52','0.34','-0.48','20.57','102.87','',NULL,NULL,'',NULL,NULL,NULL,NULL,'       , ',' ','Remove','-','2024-10-29','2024-10-30 07:10:11.283741',NULL,NULL,NULL,NULL,NULL,2,1,NULL,2,NULL,6),(687,'00144067','3534','3534','1','34485','23','1780','Techno-D','40','J-39','0.5','1','10','2','10','--','--','--','--','--','--','--','--','--','--','--','--','4.63','23.15','',NULL,NULL,'',NULL,NULL,NULL,NULL,' ',' ','Remove','-','2024-10-29','2024-10-29 07:12:00.241782',NULL,NULL,NULL,NULL,NULL,2,1,NULL,2,NULL,0),(688,'0772490','6970','6970.1','1','33229','97','2551','Pasha','40','J-39','0.625','1','10','2','10','5.79','28.86','100.00','99.72','0.00','-0.28','5.79','28.86','100.00','99.72','0.00','-0.28','5.79','28.94','',NULL,NULL,'',NULL,NULL,NULL,NULL,'  ',' ','Change','-','2024-10-29','2024-10-29 07:13:06.948760',NULL,NULL,NULL,NULL,NULL,2,1,NULL,2,NULL,0),(689,'03141794','1081','1081.1','1','34363','48','1149','B&T','40','J-39','0.625','1','10','2','10','5.79','28.82','100.00','99.59','0.00','-0.41','5.79','28.82','100.00','99.59','0.00','-0.41','5.79','28.94','',NULL,NULL,'',NULL,NULL,NULL,NULL,'  ',' ','Change','-','2024-10-29','2024-10-29 07:13:34.717241',NULL,NULL,NULL,NULL,NULL,2,1,NULL,2,NULL,0),(690,'109387','16268','16268','1','34404','317','1350','Techno-A','40','J-1','2.222','1','10','2','10','--','--','--','--','--','--','--','--','--','--','--','--','20.57','102.87','',NULL,NULL,'',NULL,NULL,NULL,NULL,'       ',' ','Change','-','2024-10-29','2024-10-29 07:14:31.210828',NULL,NULL,NULL,NULL,NULL,2,1,NULL,2,NULL,0),(691,'00042511','x','x','1','31641','121','1320','Techno-D','40','J-39','0.5','1','10','2','10','--','--','--','--','--','--','--','--','--','--','--','--','4.63','23.15','',NULL,NULL,'',NULL,NULL,NULL,NULL,'    ',' ','Change','-','2024-10-29','2024-10-29 07:15:10.127777',NULL,NULL,NULL,NULL,NULL,2,1,NULL,2,NULL,0),(692,'1887800','2','2.1','1','33227','29','3877','Pasha','40','J-39','0.625','1','10','2','10','--','--','--','--','--','--','--','--','--','--','--','--','5.79','28.94','',NULL,NULL,'',NULL,NULL,NULL,NULL,'    ',' ','Remove','-','2024-10-29','2024-10-30 07:08:35.980175',NULL,NULL,NULL,NULL,NULL,2,1,NULL,2,NULL,5),(693,'1181125','2030','2030.1','1','34738','719','1280','Techno-A','40','J-1','2.222','1','10','2','10','--','--','--','--','--','--','--','--','--','--','--','--','20.57','102.87','',NULL,NULL,'',NULL,NULL,NULL,NULL,' ',' ','Remove','-','2024-10-29','2024-10-30 07:07:56.933418','2024-10-29 09:50:39.380200',NULL,NULL,4,NULL,2,1,NULL,2,NULL,11),(694,'534345','3042','3042.1','1','34737','719','1330','Techno-A','40','J-1','2.222','1','10','2','10','--','--','--','--','--','--','--','--','--','--','--','--','20.57','102.87','',NULL,NULL,'',NULL,NULL,NULL,NULL,' ',' ','Remove','-','2024-10-29','2024-10-30 07:07:25.935142','2024-10-29 08:19:37.644762',NULL,NULL,4,NULL,2,1,NULL,2,NULL,11),(695,'21423091','10777','10777','1','34618','97','5011','B&T','40','J-39','0.625','1','10','2','10','--','--','--','--','--','--','--','--','--','--','--','--','5.79','28.94','',NULL,NULL,'',NULL,NULL,NULL,NULL,'     ',' ','Change','-','2024-10-29','2024-10-29 07:17:18.234371','2024-10-29 08:19:34.338724',NULL,NULL,4,NULL,2,1,NULL,2,NULL,0),(696,'631691','36035','36035','1','34134','820','2350','Schlumberger','40','J-1','2.4','1','10','2','10','--','--','--','--','--','--','--','--','--','--','--','--','22.22','111.11','',NULL,NULL,'',NULL,NULL,NULL,NULL,'       ',' ','Change','-','2024-10-29','2024-10-29 07:17:56.235622','2024-10-29 08:19:26.642744',NULL,NULL,4,NULL,2,1,NULL,2,NULL,0),(697,'19117','312','312.1','1','29665','54','4115','Techno-D','40','J-39','0.5','1','10','2','10','4.62','23.15','99.78','100.00','-0.22','0.00','4.62','23.15','99.78','100.00','-0.22','0.00','4.63','23.15','',NULL,NULL,'',NULL,NULL,NULL,NULL,'  ',' ','Remove','-','2024-10-29','2024-10-29 07:18:52.636242','2024-10-29 08:19:23.529395',NULL,NULL,4,NULL,2,1,NULL,2,NULL,0),(698,'00015683','6083','6083.1','1','33950','136','3111','Techno-D','40','J-39','0.5','1','10','2','10','4.62','23.12','99.78','99.87','-0.22','-0.13','4.62','23.12','99.78','99.87','-0.22','-0.13','4.63','23.15','',NULL,NULL,'',NULL,NULL,NULL,NULL,'  ',' ','Change','-','2024-10-29','2024-10-29 07:19:23.094652','2024-10-29 08:19:21.579420',NULL,NULL,4,NULL,2,1,NULL,2,NULL,0),(699,'18826525','x','x','1','33329','576','6089','B&T','40','J-39','0.625','1','10','2','10','--','--','--','--','--','--','--','--','--','--','--','--','5.79','28.94','',NULL,NULL,'',NULL,NULL,NULL,NULL,'         ',' ','Change','-','2024-10-29','2024-10-29 07:20:04.523575','2024-10-29 08:19:19.419454',NULL,NULL,4,NULL,2,1,NULL,2,NULL,0),(700,'1688120','9469','9469.1','1','33042','54','4344','Pasha','40','J-39','0.625','1','10','2','10','--','--','--','--','--','--','--','--','--','--','--','--','5.79','28.94','',NULL,NULL,'',NULL,NULL,NULL,NULL,'    ',' ','Change','G-21-22-053-02-02','2024-10-29','2024-10-30 06:36:47.198175','2024-10-29 08:19:16.931115',NULL,NULL,4,NULL,2,1,NULL,2,NULL,5),(701,'00090535','5826','5826.1','1','34602','824','7045','D Tech','40','J-39','0.5','1','10','2','10','5.81','29.04','100.35','100.35','0.35','0.35','5.81','29.04','100.35','100.35','0.35','0.35','5.79','28.94','',NULL,NULL,'',NULL,NULL,NULL,NULL,'  ',' ','Change','-','2024-10-29','2024-10-29 07:55:21.333149','2024-10-29 08:19:14.819956',NULL,NULL,4,NULL,2,1,NULL,2,NULL,0),(702,'501401147730','x','x','1','34078','66','1492','Hexcell','40','J-39','0.625','1','10','2','10','--','--','--','--','--','--','--','--','--','--','--','--','5.79','28.94','',NULL,NULL,'',NULL,NULL,NULL,NULL,'    ',' ','Change','-','2024-10-29','2024-10-29 07:55:53.027555','2024-10-29 08:19:12.997307',NULL,NULL,4,NULL,2,1,NULL,2,NULL,0),(703,'402852','1945','1945','1','34635','480','1032','Hosaf-D','40','J-39','0.625','1','10','2','10','--','--','--','--','--','--','--','--','--','--','--','--','5.79','28.94','',NULL,NULL,'',NULL,NULL,NULL,NULL,'   ',' ','Change','-','2024-10-29','2024-10-29 07:57:25.581587','2024-10-29 08:19:02.343081',NULL,NULL,4,NULL,2,1,NULL,2,NULL,0),(704,'881702346471','4731','4731','1','34734','27','4180','Holley','40','J-39','0.625','1','10','2','10','--','--','--','--','--','--','--','--','--','--','--','--','5.79','28.94','',NULL,NULL,'',NULL,NULL,NULL,NULL,' ',' ','Change','-','2024-10-29','2024-10-29 07:59:07.560002','2024-10-29 08:18:59.978537',NULL,NULL,4,NULL,2,1,NULL,2,NULL,0),(705,'1689946','7555','7555','1','34619','487','1200','Pasha','40','J-39','0.625','1','10','2','10','--','--','--','--','--','--','--','--','--','--','--','--','5.79','28.94','',NULL,NULL,'',NULL,NULL,NULL,NULL,'    ',' ','Change','-','2024-10-29','2024-10-29 07:59:38.659289','2024-10-29 08:18:57.479962',NULL,NULL,4,NULL,2,1,NULL,2,NULL,0),(706,'2936732','2226','2226','1','34636','482','3500','Pasha','40','J-39','0.625','1','10','2','10','--','--','--','--','--','--','--','--','--','--','--','--','5.79','28.94','',NULL,NULL,'',NULL,NULL,NULL,NULL,'    ',' ','Change','-','2024-10-29','2024-10-29 08:00:04.956346','2024-10-29 08:18:54.922706',NULL,NULL,4,NULL,2,1,NULL,2,NULL,0),(707,'21436956','10','10','1','33236','495','1400','B&T','40','J-39','0.625','1','10','2','10','--','--','--','--','--','--','--','--','--','--','--','--','5.79','28.94','',NULL,NULL,'',NULL,NULL,NULL,NULL,'         ',' ','Change','BREB/DNE(DMCS)G-49 Lot-2/2020-21','2024-10-29','2024-10-29 08:01:31.690914','2024-10-29 08:18:52.619064',NULL,NULL,4,NULL,2,1,NULL,2,NULL,0),(708,'2936602','x','x','1','32753','123','1318','Pasha','40','J-39','0.625','1','10','2','10','--','--','--','--','--','--','--','--','--','--','--','--','5.79','28.94','',NULL,NULL,'',NULL,NULL,NULL,NULL,'    ',' ','Change','BREB/DNE(DMCS)G-49 Lot-2/2020-21','2024-10-29','2024-10-29 08:02:13.623047','2024-10-29 08:18:32.809729',NULL,NULL,4,NULL,2,1,NULL,2,NULL,0),(709,'00018305','1256','1256','1','34757','780','3080','Techno-D','40','J-39','0.5','1','10','2','10','--','--','--','--','--','--','--','--','--','--','--','--','4.63','23.15','',NULL,NULL,'',NULL,NULL,NULL,NULL,' ',' ','Remove','-','2024-10-29','2024-10-29 08:02:49.572929','2024-10-29 08:18:34.981313',NULL,NULL,4,NULL,2,1,NULL,2,NULL,0),(710,'0037126','6671','6671','1','34468','721','1783','Techno-A','40','J-1','2.222','1','10','2','10','--','--','--','--','--','--','--','--','--','--','--','--','20.57','102.87','',NULL,NULL,'',NULL,NULL,NULL,NULL,'       ',' ','Remove','-','2024-10-29','2024-10-29 08:03:23.489373','2024-10-29 08:18:29.150952',NULL,NULL,4,NULL,2,1,NULL,2,NULL,0),(711,'19693318','3436','3436.1','1','34603','74','7666','B&T','40','J-39','0.625','1','10','2','10','5.78','29.02','99.83','100.28','-0.17','0.28','5.78','29.02','99.83','100.28','-0.17','0.28','5.79','28.94','',NULL,NULL,'',NULL,NULL,NULL,NULL,'  ',' ','Change','-','2024-10-29','2024-10-29 08:05:01.341453','2024-10-29 08:18:26.742916',NULL,NULL,4,NULL,2,1,NULL,2,NULL,0),(712,'2975275','781','781','1','92963','490','2160','Pasha','40','J-39','0.625','1','10','2','10','--','--','--','--','--','--','--','--','--','--','--','--','5.79','28.94','',NULL,NULL,'',NULL,NULL,NULL,NULL,' ',' ','Remove','G-21-22-053-02-19','2024-11-03','2024-11-03 04:02:48.802325',NULL,NULL,NULL,NULL,NULL,2,1,NULL,2,NULL,0),(713,'18485396','2455','2455','1','34683','602','5452','B&T','40','J-39','0.625','1','10','2','10','--','--','--','--','--','--','--','--','--','--','--','--','5.79','28.94','',NULL,NULL,'',NULL,NULL,NULL,NULL,'           ',' ','Change','BREB/DNE(DMCS)G-21 Lot-2/2017-18','2024-11-03','2024-11-03 04:03:31.686303',NULL,NULL,NULL,NULL,NULL,2,1,NULL,2,NULL,0),(714,'18485044','1120','1120','1','34684','602','5453','B&T','40','J-39','0.625','1','10','2','10','--','--','--','--','--','--','--','--','--','--','--','--','5.79','28.94','',NULL,NULL,'',NULL,NULL,NULL,NULL,'           ',' ','Change','BREB/DNE(DMCS)G-21 Lot-2/2017-18','2024-11-03','2024-11-03 04:03:55.038086',NULL,NULL,NULL,NULL,NULL,2,1,NULL,2,NULL,0),(715,'1867347','3908','3908','1','33069','609','4210','Pasha','40','J-39','0.625','1','10','2','10','--','--','--','--','--','--','--','--','--','--','--','--','5.79','28.94','',NULL,NULL,'',NULL,NULL,NULL,NULL,'    ',' ','Change','-','2024-11-03','2024-11-03 04:04:29.907670',NULL,NULL,NULL,NULL,NULL,2,1,NULL,2,NULL,0),(716,'00076737','5966','5966','1','33031','791','7240','Techno-D','40','J-39','0.5','1','10','2','10','--','--','--','--','--','--','--','--','--','--','--','--','4.63','23.15','',NULL,NULL,'',NULL,NULL,NULL,NULL,'    ',' ','Change','-','2024-11-03','2024-11-03 04:04:59.033140',NULL,NULL,NULL,NULL,NULL,2,1,NULL,2,NULL,0),(717,'154835','269','269','1','32673','275','4300','Pasha','40','J-39','0.625','1','10','2','10','--','--','--','--','--','--','--','--','--','--','--','--','5.79','28.94','',NULL,NULL,'',NULL,NULL,NULL,NULL,'    ',' ','Change','-','2024-11-03','2024-11-03 04:15:25.286010',NULL,NULL,NULL,NULL,NULL,2,1,NULL,2,NULL,0),(718,'1378553','5327','5327','1','31544','790','2521','Techno-A','40','J-1','2.222','1','10','2','10','--','--','--','--','--','--','--','--','--','--','--','--','20.57','102.87','',NULL,NULL,'',NULL,NULL,NULL,NULL,'       ',' ','Change','-','2024-11-03','2024-11-03 04:16:00.720579',NULL,NULL,NULL,NULL,NULL,2,1,NULL,2,NULL,0),(719,'2888158','x','x','1','33593','123','1042','Pasha','40','J-39','0.625','1','10','2','10','--','--','--','--','--','--','--','--','--','--','--','--','5.79','28.94','',NULL,NULL,'',NULL,NULL,NULL,NULL,'    ',' ','Change','-','2024-11-03','2024-11-03 04:16:40.321251',NULL,NULL,NULL,NULL,NULL,2,1,NULL,2,NULL,0),(720,'19890143','227','227','1','34114','672','2320','B&T','40','J-39','0.625','1','10','2','10','--','--','--','--','--','--','--','--','--','--','--','--','5.79','28.94','',NULL,NULL,'',NULL,NULL,NULL,NULL,'         ',' ','Change','-','2024-11-03','2024-11-03 04:17:16.880985',NULL,NULL,NULL,NULL,NULL,2,1,NULL,2,NULL,0),(721,'21316673','4928','4928','1','33241','734','1970','B&T','40','J-39','0.625','1','10','2','10','--','--','--','--','--','--','--','--','--','--','--','--','5.79','28.94','',NULL,NULL,'',NULL,NULL,NULL,NULL,'       ',' ','Change','-','2024-11-03','2024-11-03 04:18:14.422486',NULL,NULL,NULL,NULL,NULL,2,1,NULL,2,NULL,0),(722,'0045338','12234','12234','1','33271','734','2000','Hay-D','40','J-39','0.625','1','10','2','10','--','--','--','--','--','--','--','--','--','--','--','--','5.79','28.94','',NULL,NULL,'',NULL,NULL,NULL,NULL,'    ',' ','Change','-','2024-11-03','2024-11-03 04:19:25.176187',NULL,NULL,NULL,NULL,NULL,2,1,NULL,2,NULL,0),(723,'2940469','1083','1083','1','33429','740','4850','Pasha','40','J-39','0.625','1','10','2','10','--','--','--','--','--','--','--','--','--','--','--','--','5.79','28.94','',NULL,NULL,'',NULL,NULL,NULL,NULL,'    ',' ','Change','-','2024-11-03','2024-11-03 04:22:36.141530',NULL,NULL,NULL,NULL,NULL,2,1,NULL,2,NULL,0);
/*!40000 ALTER TABLE `test_data_test_data` ENABLE KEYS */;
UNLOCK TABLES;

--
-- Table structure for table `test_data_uploads`
--

DROP TABLE IF EXISTS `test_data_uploads`;
/*!40101 SET @saved_cs_client     = @@character_set_client */;
/*!50503 SET character_set_client = utf8mb4 */;
CREATE TABLE `test_data_uploads` (
  `id` bigint NOT NULL AUTO_INCREMENT,
  `fullname` varchar(255) NOT NULL,
  `email` varchar(255) NOT NULL,
  `url` longtext,
  PRIMARY KEY (`id`)
) ENGINE=InnoDB DEFAULT CHARSET=utf8mb4 COLLATE=utf8mb4_0900_ai_ci;
/*!40101 SET character_set_client = @saved_cs_client */;

--
-- Dumping data for table `test_data_uploads`
--

LOCK TABLES `test_data_uploads` WRITE;
/*!40000 ALTER TABLE `test_data_uploads` DISABLE KEYS */;
/*!40000 ALTER TABLE `test_data_uploads` ENABLE KEYS */;
UNLOCK TABLES;
/*!40103 SET TIME_ZONE=@OLD_TIME_ZONE */;

/*!40101 SET SQL_MODE=@OLD_SQL_MODE */;
/*!40014 SET FOREIGN_KEY_CHECKS=@OLD_FOREIGN_KEY_CHECKS */;
/*!40014 SET UNIQUE_CHECKS=@OLD_UNIQUE_CHECKS */;
/*!40101 SET CHARACTER_SET_CLIENT=@OLD_CHARACTER_SET_CLIENT */;
/*!40101 SET CHARACTER_SET_RESULTS=@OLD_CHARACTER_SET_RESULTS */;
/*!40101 SET COLLATION_CONNECTION=@OLD_COLLATION_CONNECTION */;
/*!40111 SET SQL_NOTES=@OLD_SQL_NOTES */;

-- Dump completed on 2024-11-04 13:20:43
